0.01,5.5556e+06,-0.017534,1.5915e+10,-155.51
0.010163,5.5556e+06,-0.01782,1.5807e+10,-155.3
0.010328,5.5556e+06,-0.018109,1.5697e+10,-155.1
0.010496,5.5556e+06,-0.018404,1.5586e+10,-154.9
0.010667,5.5556e+06,-0.018703,1.5474e+10,-154.7
0.01084,5.5556e+06,-0.019008,1.5361e+10,-154.51
0.011016,5.5556e+06,-0.019317,1.5246e+10,-154.32
0.011196,5.5556e+06,-0.019631,1.5131e+10,-154.14
0.011378,5.5556e+06,-0.01995,1.5014e+10,-153.95
0.011563,5.5556e+06,-0.020275,1.4896e+10,-153.77
0.011751,5.5556e+06,-0.020604,1.4777e+10,-153.6
0.011942,5.5556e+06,-0.02094,1.4657e+10,-153.43
0.012136,5.5556e+06,-0.02128,1.4536e+10,-153.27
0.012334,5.5556e+06,-0.021626,1.4414e+10,-153.11
0.012534,5.5556e+06,-0.021978,1.4291e+10,-152.95
0.012738,5.5556e+06,-0.022336,1.4167e+10,-152.8
0.012945,5.5556e+06,-0.022699,1.4043e+10,-152.66
0.013156,5.5556e+06,-0.023068,1.3917e+10,-152.52
0.01337,5.5556e+06,-0.023443,1.3791e+10,-152.38
0.013587,5.5556e+06,-0.023825,1.3664e+10,-152.26
0.013808,5.5556e+06,-0.024212,1.3537e+10,-152.14
0.014033,5.5556e+06,-0.024606,1.3409e+10,-152.02
0.014261,5.5556e+06,-0.025006,1.328e+10,-151.91
0.014493,5.5556e+06,-0.025413,1.3151e+10,-151.81
0.014729,5.5556e+06,-0.025826,1.3022e+10,-151.72
0.014968,5.5556e+06,-0.026246,1.2892e+10,-151.63
0.015212,5.5556e+06,-0.026673,1.2761e+10,-151.55
0.015459,5.5556e+06,-0.027107,1.2631e+10,-151.48
0.015711,5.5556e+06,-0.027548,1.25e+10,-151.41
0.015966,5.5556e+06,-0.027996,1.2368e+10,-151.35
0.016226,5.5556e+06,-0.028451,1.2237e+10,-151.31
0.01649,5.5556e+06,-0.028914,1.2105e+10,-151.26
0.016758,5.5556e+06,-0.029384,1.1974e+10,-151.23
0.017031,5.5556e+06,-0.029862,1.1842e+10,-151.21
0.017308,5.5556e+06,-0.030348,1.1711e+10,-151.19
0.017589,5.5556e+06,-0.030842,1.1579e+10,-151.19
0.017875,5.5556e+06,-0.031343,1.1447e+10,-151.19
0.018166,5.5556e+06,-0.031853,1.1316e+10,-151.2
0.018461,5.5556e+06,-0.032371,1.1185e+10,-151.22
0.018762,5.5556e+06,-0.032898,1.1054e+10,-151.25
0.019067,5.5556e+06,-0.033433,1.0923e+10,-151.29
0.019377,5.5556e+06,-0.033977,1.0792e+10,-151.34
0.019692,5.5556e+06,-0.034529,1.0662e+10,-151.41
0.020012,5.5556e+06,-0.035091,1.0532e+10,-151.48
0.020338,5.5556e+06,-0.035662,1.0403e+10,-151.56
0.020669,5.5556e+06,-0.036242,1.0274e+10,-151.65
0.021005,5.5556e+06,-0.036831,1.0146e+10,-151.75
0.021347,5.5556e+06,-0.03743,1.0018e+10,-151.86
0.021694,5.5556e+06,-0.038039,9.8904e+09,-151.99
0.022047,5.5556e+06,-0.038658,9.7637e+09,-152.12
0.022405,5.5556e+06,-0.039286,9.6375e+09,-152.27
0.02277,5.5556e+06,-0.039925,9.512e+09,-152.43
0.02314,5.5556e+06,-0.040575,9.3871e+09,-152.6
0.023516,5.5556e+06,-0.041235,9.263e+09,-152.78
0.023899,5.5556e+06,-0.041905,9.1396e+09,-152.97
0.024288,5.5556e+06,-0.042587,9.017e+09,-153.17
0.024683,5.5556e+06,-0.04328,8.8951e+09,-153.39
0.025084,5.5556e+06,-0.043984,8.774e+09,-153.62
0.025492,5.5556e+06,-0.044699,8.6538e+09,-153.86
0.025907,5.5556e+06,-0.045426,8.5344e+09,-154.11
0.026328,5.5556e+06,-0.046165,8.416e+09,-154.37
0.026756,5.5556e+06,-0.046916,8.2983e+09,-154.65
0.027192,5.5556e+06,-0.047679,8.1817e+09,-154.94
0.027634,5.5556e+06,-0.048454,8.0659e+09,-155.24
0.028083,5.5556e+06,-0.049242,7.9511e+09,-155.56
0.02854,5.5556e+06,-0.050043,7.8372e+09,-155.89
0.029004,5.5556e+06,-0.050857,7.7243e+09,-156.23
0.029476,5.5556e+06,-0.051685,7.6125e+09,-156.58
0.029955,5.5556e+06,-0.052525,7.5016e+09,-156.95
0.030443,5.5556e+06,-0.05338,7.3917e+09,-157.33
0.030938,5.5556e+06,-0.054248,7.2829e+09,-157.72
0.031441,5.5556e+06,-0.05513,7.175e+09,-158.13
0.031952,5.5556e+06,-0.056027,7.0683e+09,-158.55
0.032472,5.5556e+06,-0.056938,6.9626e+09,-158.99
0.033,5.5556e+06,-0.057864,6.8579e+09,-159.43
0.033537,5.5556e+06,-0.058805,6.7544e+09,-159.89
0.034083,5.5556e+06,-0.059762,6.6519e+09,-160.37
0.034637,5.5556e+06,-0.060734,6.5504e+09,-160.86
0.0352,5.5556e+06,-0.061722,6.4501e+09,-161.36
0.035773,5.5556e+06,-0.062726,6.3509e+09,-161.88
0.036355,5.5556e+06,-0.063746,6.2527e+09,-162.41
0.036946,5.5556e+06,-0.064783,6.1557e+09,-162.95
0.037547,5.5556e+06,-0.065836,6.0597e+09,-163.51
0.038158,5.5556e+06,-0.066907,5.9649e+09,-164.08
0.038778,5.5556e+06,-0.067995,5.8711e+09,-164.67
0.039409,5.5556e+06,-0.069101,5.7785e+09,-165.27
0.04005,5.5556e+06,-0.070225,5.6869e+09,-165.88
0.040701,5.5556e+06,-0.071368,5.5965e+09,-166.51
0.041363,5.5556e+06,-0.072528,5.5072e+09,-167.15
0.042036,5.5556e+06,-0.073708,5.4189e+09,-167.81
0.04272,5.5556e+06,-0.074907,5.3318e+09,-168.48
0.043415,5.5556e+06,-0.076125,5.2458e+09,-169.17
0.044121,5.5556e+06,-0.077363,5.1608e+09,-169.87
0.044839,5.5556e+06,-0.078622,5.077e+09,-170.58
0.045568,5.5556e+06,-0.079901,4.9942e+09,-171.31
0.046309,5.5556e+06,-0.0812,4.9126e+09,-172.05
0.047062,5.5556e+06,-0.082521,4.832e+09,-172.8
0.047828,5.5556e+06,-0.083863,4.7525e+09,-173.57
0.048606,5.5556e+06,-0.085227,4.6741e+09,-174.36
0.049396,5.5556e+06,-0.086613,4.5967e+09,-175.15
0.0502,5.5556e+06,-0.088022,4.5204e+09,-175.96
0.051016,5.5556e+06,-0.089454,4.4452e+09,-176.79
0.051846,5.5556e+06,-0.090909,4.3711e+09,-177.63
0.052689,5.5556e+06,-0.092387,4.298e+09,-178.48
0.053546,5.5556e+06,-0.09389,4.2259e+09,-179.35
0.054417,5.5556e+06,-0.095417,4.1549e+09,179.77
0.055302,5.5556e+06,-0.096969,4.0849e+09,178.88
0.056202,5.5556e+06,-0.098546,4.016e+09,177.97
0.057116,5.5556e+06,-0.10015,3.9481e+09,177.05
0.058045,5.5556e+06,-0.10178,3.8812e+09,176.11
0.058989,5.5556e+06,-0.10343,3.8153e+09,175.16
0.059948,5.5556e+06,-0.10512,3.7504e+09,174.2
0.060923,5.5556e+06,-0.10683,3.6866e+09,173.23
0.061914,5.5556e+06,-0.10856,3.6237e+09,172.24
0.062921,5.5556e+06,-0.11033,3.5618e+09,171.24
0.063945,5.5556e+06,-0.11212,3.5009e+09,170.23
0.064985,5.5556e+06,-0.11395,3.441e+09,169.2
0.066042,5.5556e+06,-0.1158,3.382e+09,168.16
0.067116,5.5556e+06,-0.11768,3.324e+09,167.11
0.068208,5.5556e+06,-0.1196,3.2669e+09,166.05
0.069317,5.5556e+06,-0.12154,3.2108e+09,164.97
0.070445,5.5556e+06,-0.12352,3.1556e+09,163.88
0.07159,5.5556e+06,-0.12553,3.1014e+09,162.78
0.072755,5.5556e+06,-0.12757,3.0481e+09,161.67
0.073938,5.5556e+06,-0.12965,2.9956e+09,160.55
0.075141,5.5556e+06,-0.13176,2.9441e+09,159.41
0.076363,5.5556e+06,-0.1339,2.8935e+09,158.27
0.077605,5.5556e+06,-0.13608,2.8438e+09,157.11
0.078867,5.5556e+06,-0.13829,2.795e+09,155.94
0.08015,5.5556e+06,-0.14054,2.747e+09,154.76
0.081454,5.5556e+06,-0.14282,2.6999e+09,153.57
0.082779,5.5555e+06,-0.14515,2.6536e+09,152.37
0.084125,5.5555e+06,-0.14751,2.6082e+09,151.16
0.085493,5.5555e+06,-0.14991,2.5637e+09,149.93
0.086884,5.5555e+06,-0.15235,2.52e+09,148.7
0.088297,5.5555e+06,-0.15482,2.477e+09,147.46
0.089733,5.5555e+06,-0.15734,2.4349e+09,146.21
0.091193,5.5555e+06,-0.1599,2.3936e+09,144.95
0.092676,5.5555e+06,-0.1625,2.3531e+09,143.68
0.094183,5.5555e+06,-0.16514,2.3134e+09,142.4
0.095715,5.5555e+06,-0.16783,2.2745e+09,141.11
0.097272,5.5555e+06,-0.17056,2.2363e+09,139.81
0.098854,5.5555e+06,-0.17333,2.1989e+09,138.5
0.10046,5.5555e+06,-0.17615,2.1622e+09,137.19
0.1021,5.5555e+06,-0.17902,2.1262e+09,135.87
0.10376,5.5555e+06,-0.18193,2.091e+09,134.54
0.10544,5.5555e+06,-0.18489,2.0565e+09,133.2
0.10716,5.5555e+06,-0.1879,2.0227e+09,131.85
0.1089,5.5555e+06,-0.19095,1.9896e+09,130.5
0.11067,5.5555e+06,-0.19406,1.9572e+09,129.13
0.11247,5.5555e+06,-0.19722,1.9255e+09,127.77
0.1143,5.5555e+06,-0.20042,1.8944e+09,126.39
0.11616,5.5555e+06,-0.20368,1.864e+09,125.01
0.11805,5.5555e+06,-0.207,1.8343e+09,123.62
0.11997,5.5555e+06,-0.21036,1.8051e+09,122.22
0.12192,5.5555e+06,-0.21379,1.7767e+09,120.82
0.12391,5.5555e+06,-0.21726,1.7488e+09,119.42
0.12592,5.5555e+06,-0.2208,1.7215e+09,118
0.12797,5.5555e+06,-0.22439,1.6949e+09,116.58
0.13005,5.5555e+06,-0.22804,1.6688e+09,115.16
0.13217,5.5555e+06,-0.23175,1.6433e+09,113.73
0.13432,5.5555e+06,-0.23552,1.6184e+09,112.29
0.1365,5.5555e+06,-0.23935,1.594e+09,110.85
0.13872,5.5555e+06,-0.24324,1.5702e+09,109.4
0.14098,5.5555e+06,-0.2472,1.5469e+09,107.95
0.14327,5.5555e+06,-0.25122,1.5242e+09,106.5
0.1456,5.5555e+06,-0.2553,1.502e+09,105.04
0.14797,5.5555e+06,-0.25945,1.4802e+09,103.57
0.15038,5.5555e+06,-0.26367,1.459e+09,102.1
0.15282,5.5555e+06,-0.26796,1.4383e+09,100.63
0.15531,5.5555e+06,-0.27232,1.4181e+09,99.154
0.15783,5.5555e+06,-0.27675,1.3983e+09,97.673
0.1604,5.5555e+06,-0.28125,1.3791e+09,96.188
0.16301,5.5555e+06,-0.28583,1.3602e+09,94.7
0.16566,5.5555e+06,-0.29048,1.3419e+09,93.207
0.16836,5.5555e+06,-0.2952,1.3239e+09,91.711
0.17109,5.5555e+06,-0.3,1.3064e+09,90.211
0.17388,5.5555e+06,-0.30488,1.2893e+09,88.708
0.1767,5.5555e+06,-0.30984,1.2727e+09,87.202
0.17958,5.5555e+06,-0.31488,1.2564e+09,85.692
0.1825,5.5555e+06,-0.32,1.2406e+09,84.178
0.18547,5.5555e+06,-0.32521,1.2251e+09,82.662
0.18848,5.5555e+06,-0.3305,1.21e+09,81.142
0.19155,5.5555e+06,-0.33587,1.1953e+09,79.619
0.19467,5.5555e+06,-0.34133,1.181e+09,78.092
0.19783,5.5555e+06,-0.34689,1.167e+09,76.562
0.20105,5.5555e+06,-0.35253,1.1534e+09,75.029
0.20432,5.5555e+06,-0.35826,1.1401e+09,73.493
0.20764,5.5555e+06,-0.36409,1.1272e+09,71.953
0.21102,5.5555e+06,-0.37001,1.1146e+09,70.409
0.21445,5.5555e+06,-0.37603,1.1023e+09,68.863
0.21794,5.5555e+06,-0.38215,1.0904e+09,67.312
0.22149,5.5555e+06,-0.38836,1.0788e+09,65.758
0.22509,5.5555e+06,-0.39468,1.0675e+09,64.199
0.22875,5.5555e+06,-0.4011,1.0565e+09,62.637
0.23247,5.5555e+06,-0.40762,1.0458e+09,61.071
0.23625,5.5555e+06,-0.41425,1.0354e+09,59.5
0.24009,5.5555e+06,-0.42099,1.0253e+09,57.924
0.244,5.5555e+06,-0.42784,1.0155e+09,56.344
0.24797,5.5555e+06,-0.4348,1.0059e+09,54.758
0.252,5.5555e+06,-0.44187,9.9668e+08,53.168
0.2561,5.5555e+06,-0.44905,9.8772e+08,51.571
0.26026,5.5555e+06,-0.45636,9.7904e+08,49.969
0.2645,5.5555e+06,-0.46378,9.7063e+08,48.36
0.2688,5.5555e+06,-0.47132,9.625e+08,46.744
0.27317,5.5555e+06,-0.47899,9.5464e+08,45.121
0.27762,5.5555e+06,-0.48678,9.4706e+08,43.491
0.28213,5.5555e+06,-0.4947,9.3975e+08,41.852
0.28672,5.5555e+06,-0.50274,9.3272e+08,40.204
0.29138,5.5555e+06,-0.51092,9.2596e+08,38.547
0.29612,5.5555e+06,-0.51923,9.1949e+08,36.879
0.30094,5.5555e+06,-0.52768,9.1331e+08,35.201
0.30583,5.5555e+06,-0.53626,9.0742e+08,33.512
0.31081,5.5555e+06,-0.54498,9.0182e+08,31.809
0.31586,5.5555e+06,-0.55385,8.9654e+08,30.093
0.321,5.5555e+06,-0.56285,8.9157e+08,28.363
0.32622,5.5555e+06,-0.57201,8.8693e+08,26.618
0.33153,5.5555e+06,-0.58131,8.8263e+08,24.855
0.33692,5.5555e+06,-0.59077,8.7869e+08,23.075
0.3424,5.5555e+06,-0.60038,8.7514e+08,21.275
0.34797,5.5555e+06,-0.61014,8.7198e+08,19.455
0.35363,5.5555e+06,-0.62007,8.6926e+08,17.612
0.35938,5.5554e+06,-0.63015,8.67e+08,15.744
0.36523,5.5554e+06,-0.6404,8.6523e+08,13.851
0.37117,5.5554e+06,-0.65082,8.6401e+08,11.93
0.3772,5.5554e+06,-0.6614,8.6339e+08,9.9784
0.38334,5.5554e+06,-0.67216,8.6341e+08,7.9944
0.38957,5.5554e+06,-0.68309,8.6416e+08,5.9754
0.39591,5.5554e+06,-0.6942,8.6572e+08,3.9187
0.40235,5.5554e+06,-0.70549,8.6819e+08,1.8217
0.40889,5.5554e+06,-0.71697,8.7168e+08,-0.31858
0.41555,5.5554e+06,-0.72863,8.7634e+08,-2.5052
0.4223,5.5554e+06,-0.74048,8.8233e+08,-4.7412
0.42917,5.5554e+06,-0.75253,8.8987e+08,-7.0298
0.43615,5.5554e+06,-0.76477,8.992e+08,-9.374
0.44325,5.5554e+06,-0.7772,9.1063e+08,-11.777
0.45046,5.5554e+06,-0.78985,9.2454e+08,-14.24
0.45778,5.5554e+06,-0.80269,9.4141e+08,-16.767
0.46523,5.5554e+06,-0.81575,9.6184e+08,-19.357
0.4728,5.5554e+06,-0.82902,9.8658e+08,-22.01
0.48049,5.5554e+06,-0.8425,1.0166e+09,-24.724
0.4883,5.5554e+06,-0.8562,1.0533e+09,-27.492
0.49624,5.5553e+06,-0.87013,1.0982e+09,-30.303
0.50432,5.5553e+06,-0.88428,1.1538e+09,-33.141
0.51252,5.5553e+06,-0.89866,1.2234e+09,-35.976
0.52085,5.5553e+06,-0.91328,1.3115e+09,-38.766
0.52933,5.5553e+06,-0.92813,1.425e+09,-41.441
0.53794,5.5553e+06,-0.94323,1.5743e+09,-43.892
0.54669,5.5553e+06,-0.95857,1.7762e+09,-45.939
0.55558,5.5553e+06,-0.97416,2.0586e+09,-47.273
0.56461,5.5553e+06,-0.99001,2.4709e+09,-47.314
0.5738,5.5553e+06,-1.0061,3.1031e+09,-44.891
0.58313,5.5553e+06,-1.0225,4.1013e+09,-37.435
0.59262,5.5553e+06,-1.0391,5.4641e+09,-19.783
0.60225,5.5553e+06,-1.056,5.9541e+09,9.8713
0.61205,5.5552e+06,-1.0732,4.7158e+09,34.83
0.622,5.5552e+06,-1.0906,3.447e+09,46.97
0.63212,5.5552e+06,-1.1084,2.6242e+09,51.655
0.6424,5.5552e+06,-1.1264,2.1003e+09,52.77
0.65285,5.5552e+06,-1.1447,1.7503e+09,52.086
0.66347,5.5552e+06,-1.1633,1.5043e+09,50.438
0.67426,5.5552e+06,-1.1823,1.3241e+09,48.254
0.68523,5.5552e+06,-1.2015,1.1876e+09,45.773
0.69637,5.5552e+06,-1.221,1.0813e+09,43.138
0.7077,5.5551e+06,-1.2409,9.9663e+08,40.437
0.71921,5.5551e+06,-1.2611,9.278e+08,37.724
0.73091,5.5551e+06,-1.2816,8.7092e+08,35.035
0.7428,5.5551e+06,-1.3024,8.2322e+08,32.394
0.75488,5.5551e+06,-1.3236,7.8268e+08,29.814
0.76716,5.5551e+06,-1.3451,7.4782e+08,27.304
0.77964,5.555e+06,-1.367,7.175e+08,24.868
0.79232,5.555e+06,-1.3893,6.9088e+08,22.507
0.8052,5.555e+06,-1.4118,6.6727e+08,20.222
0.8183,5.555e+06,-1.4348,6.4617e+08,18.011
0.83161,5.555e+06,-1.4581,6.2715e+08,15.872
0.84514,5.555e+06,-1.4819,6.0988e+08,13.803
0.85888,5.5549e+06,-1.506,5.9409e+08,11.799
0.87285,5.5549e+06,-1.5305,5.7955e+08,9.8592
0.88705,5.5549e+06,-1.5554,5.6609e+08,7.9792
0.90148,5.5549e+06,-1.5806,5.5355e+08,6.1563
0.91614,5.5549e+06,-1.6064,5.4181e+08,4.3875
0.93104,5.5548e+06,-1.6325,5.3077e+08,2.67
0.94618,5.5548e+06,-1.659,5.2034e+08,1.001
0.96157,5.5548e+06,-1.686,5.1044e+08,-0.62198
0.97721,5.5548e+06,-1.7134,5.0101e+08,-2.2013
0.99311,5.5547e+06,-1.7413,4.9199e+08,-3.7393
1.0093,5.5547e+06,-1.7696,4.8335e+08,-5.2381
1.0257,5.5547e+06,-1.7984,4.7503e+08,-6.6995
1.0424,5.5546e+06,-1.8277,4.6701e+08,-8.1254
1.0593,5.5546e+06,-1.8574,4.5926e+08,-9.5176
1.0765,5.5546e+06,-1.8876,4.5174e+08,-10.877
1.0941,5.5546e+06,-1.9183,4.4444e+08,-12.207
1.1118,5.5545e+06,-1.9495,4.3734e+08,-13.506
1.1299,5.5545e+06,-1.9812,4.3042e+08,-14.778
1.1483,5.5545e+06,-2.0134,4.2367e+08,-16.023
1.167,5.5544e+06,-2.0462,4.1706e+08,-17.241
1.186,5.5544e+06,-2.0794,4.106e+08,-18.435
1.2053,5.5543e+06,-2.1133,4.0427e+08,-19.606
1.2249,5.5543e+06,-2.1476,3.9805e+08,-20.753
1.2448,5.5543e+06,-2.1826,3.9195e+08,-21.878
1.265,5.5542e+06,-2.218,3.8596e+08,-22.981
1.2856,5.5542e+06,-2.2541,3.8006e+08,-24.064
1.3065,5.5541e+06,-2.2908,3.7426e+08,-25.127
1.3278,5.5541e+06,-2.328,3.6854e+08,-26.171
1.3494,5.554e+06,-2.3659,3.6291e+08,-27.196
1.3713,5.554e+06,-2.4044,3.5736e+08,-28.202
1.3936,5.5539e+06,-2.4435,3.5189e+08,-29.191
1.4163,5.5539e+06,-2.4832,3.4649e+08,-30.163
1.4393,5.5538e+06,-2.5236,3.4116e+08,-31.119
1.4627,5.5538e+06,-2.5646,3.359e+08,-32.058
1.4865,5.5537e+06,-2.6063,3.307e+08,-32.981
1.5107,5.5536e+06,-2.6487,3.2557e+08,-33.889
1.5353,5.5536e+06,-2.6918,3.205e+08,-34.782
1.5602,5.5535e+06,-2.7356,3.1549e+08,-35.661
1.5856,5.5535e+06,-2.7801,3.1053e+08,-36.525
1.6114,5.5534e+06,-2.8253,3.0564e+08,-37.375
1.6376,5.5533e+06,-2.8712,3.008e+08,-38.212
1.6643,5.5532e+06,-2.9179,2.9601e+08,-39.036
1.6913,5.5532e+06,-2.9654,2.9128e+08,-39.846
1.7188,5.5531e+06,-3.0136,2.866e+08,-40.644
1.7468,5.553e+06,-3.0626,2.8198e+08,-41.429
1.7752,5.5529e+06,-3.1124,2.774e+08,-42.202
1.8041,5.5528e+06,-3.163,2.7288e+08,-42.964
1.8334,5.5527e+06,-3.2145,2.684e+08,-43.713
1.8632,5.5527e+06,-3.2667,2.6397e+08,-44.452
1.8936,5.5526e+06,-3.3198,2.596e+08,-45.179
1.9244,5.5525e+06,-3.3738,2.5527e+08,-45.895
1.9557,5.5524e+06,-3.4287,2.5098e+08,-46.601
1.9875,5.5523e+06,-3.4844,2.4675e+08,-47.296
2.0198,5.5521e+06,-3.5411,2.4256e+08,-47.98
2.0526,5.552e+06,-3.5987,2.3842e+08,-48.655
2.086,5.5519e+06,-3.6572,2.3432e+08,-49.32
2.12,5.5518e+06,-3.7167,2.3027e+08,-49.975
2.1544,5.5517e+06,-3.7771,2.2627e+08,-50.621
2.1895,5.5516e+06,-3.8385,2.2231e+08,-51.257
2.2251,5.5514e+06,-3.9009,2.1839e+08,-51.884
2.2613,5.5513e+06,-3.9644,2.1452e+08,-52.503
2.2981,5.5511e+06,-4.0288,2.1069e+08,-53.112
2.3354,5.551e+06,-4.0943,2.0691e+08,-53.713
2.3734,5.5508e+06,-4.1609,2.0316e+08,-54.306
2.412,5.5507e+06,-4.2285,1.9947e+08,-54.891
2.4513,5.5505e+06,-4.2973,1.9581e+08,-55.467
2.4911,5.5504e+06,-4.3672,1.922e+08,-56.036
2.5316,5.5502e+06,-4.4382,1.8862e+08,-56.597
2.5728,5.55e+06,-4.5103,1.851e+08,-57.151
2.6147,5.5498e+06,-4.5837,1.8161e+08,-57.697
2.6572,5.5497e+06,-4.6582,1.7816e+08,-58.236
2.7004,5.5495e+06,-4.7339,1.7476e+08,-58.768
2.7443,5.5493e+06,-4.8109,1.7139e+08,-59.293
2.789,5.5491e+06,-4.8891,1.6807e+08,-59.812
2.8343,5.5488e+06,-4.9686,1.6479e+08,-60.324
2.8804,5.5486e+06,-5.0493,1.6154e+08,-60.83
2.9273,5.5484e+06,-5.1314,1.5834e+08,-61.329
2.9749,5.5482e+06,-5.2148,1.5518e+08,-61.823
3.0233,5.5479e+06,-5.2996,1.5206e+08,-62.31
3.0725,5.5477e+06,-5.3857,1.4897e+08,-62.792
3.1224,5.5474e+06,-5.4733,1.4593e+08,-63.269
3.1732,5.5471e+06,-5.5622,1.4292e+08,-63.74
3.2248,5.5469e+06,-5.6527,1.3995e+08,-64.206
3.2773,5.5466e+06,-5.7445,1.3703e+08,-64.667
3.3306,5.5463e+06,-5.8379,1.3414e+08,-65.123
3.3848,5.546e+06,-5.9328,1.3128e+08,-65.574
3.4398,5.5457e+06,-6.0292,1.2847e+08,-66.021
3.4958,5.5454e+06,-6.1272,1.2569e+08,-66.463
3.5526,5.545e+06,-6.2268,1.2295e+08,-66.901
3.6104,5.5447e+06,-6.328,1.2025e+08,-67.335
3.6691,5.5443e+06,-6.4308,1.1759e+08,-67.765
3.7288,5.544e+06,-6.5353,1.1496e+08,-68.191
3.7895,5.5436e+06,-6.6415,1.1237e+08,-68.613
3.8511,5.5432e+06,-6.7494,1.0982e+08,-69.032
3.9137,5.5428e+06,-6.8591,1.0731e+08,-69.448
3.9774,5.5424e+06,-6.9705,1.0483e+08,-69.86
4.0421,5.5419e+06,-7.0838,1.0238e+08,-70.27
4.1078,5.5415e+06,-7.1989,9.9976e+07,-70.676
4.1747,5.541e+06,-7.3158,9.7605e+07,-71.08
4.2426,5.5405e+06,-7.4347,9.527e+07,-71.482
4.3116,5.5401e+06,-7.5555,9.2972e+07,-71.88
4.3817,5.5395e+06,-7.6782,9.0708e+07,-72.277
4.453,5.539e+06,-7.8029,8.8481e+07,-72.672
4.5254,5.5385e+06,-7.9297,8.6289e+07,-73.064
4.599,5.5379e+06,-8.0585,8.4132e+07,-73.455
4.6738,5.5373e+06,-8.1894,8.201e+07,-73.844
4.7498,5.5367e+06,-8.3224,7.9923e+07,-74.232
4.8271,5.5361e+06,-8.4576,7.7872e+07,-74.618
4.9056,5.5355e+06,-8.5949,7.5855e+07,-75.003
4.9854,5.5348e+06,-8.7345,7.3872e+07,-75.387
5.0665,5.5342e+06,-8.8763,7.1924e+07,-75.77
5.1489,5.5335e+06,-9.0204,7.0011e+07,-76.152
5.2326,5.5327e+06,-9.1669,6.8132e+07,-76.534
5.3177,5.532e+06,-9.3157,6.6286e+07,-76.915
5.4042,5.5312e+06,-9.4669,6.4475e+07,-77.295
5.4921,5.5304e+06,-9.6206,6.2698e+07,-77.676
5.5814,5.5296e+06,-9.7768,6.0953e+07,-78.056
5.6722,5.5288e+06,-9.9355,5.9243e+07,-78.436
5.7645,5.5279e+06,-10.097,5.7565e+07,-78.817
5.8582,5.527e+06,-10.261,5.5921e+07,-79.197
5.9535,5.5261e+06,-10.427,5.431e+07,-79.579
6.0504,5.5251e+06,-10.596,5.2731e+07,-79.96
6.1488,5.5241e+06,-10.768,5.1185e+07,-80.343
6.2488,5.5231e+06,-10.943,4.967e+07,-80.726
6.3504,5.522e+06,-11.12,4.8188e+07,-81.11
6.4537,5.5209e+06,-11.301,4.6738e+07,-81.495
6.5587,5.5198e+06,-11.484,4.5319e+07,-81.881
6.6654,5.5186e+06,-11.67,4.3932e+07,-82.268
6.7738,5.5174e+06,-11.86,4.2576e+07,-82.657
6.884,5.5162e+06,-12.052,4.125e+07,-83.047
6.9959,5.5149e+06,-12.247,3.9955e+07,-83.439
7.1097,5.5136e+06,-12.446,3.869e+07,-83.833
7.2253,5.5122e+06,-12.648,3.7455e+07,-84.228
7.3429,5.5108e+06,-12.853,3.625e+07,-84.625
7.4623,5.5093e+06,-13.061,3.5074e+07,-85.024
7.5837,5.5078e+06,-13.273,3.3927e+07,-85.425
7.707,5.5063e+06,-13.488,3.2809e+07,-85.828
7.8324,5.5047e+06,-13.706,3.1719e+07,-86.233
7.9598,5.503e+06,-13.928,3.0657e+07,-86.641
8.0892,5.5013e+06,-14.154,2.9623e+07,-87.051
8.2208,5.4995e+06,-14.383,2.8616e+07,-87.464
8.3545,5.4977e+06,-14.616,2.7636e+07,-87.879
8.4904,5.4958e+06,-14.853,2.6682e+07,-88.297
8.6285,5.4939e+06,-15.093,2.5755e+07,-88.718
8.7689,5.4919e+06,-15.337,2.4853e+07,-89.141
8.9115,5.4898e+06,-15.585,2.3976e+07,-89.568
9.0564,5.4877e+06,-15.838,2.3125e+07,-89.997
9.2037,5.4855e+06,-16.094,2.2298e+07,-90.429
9.3534,5.4832e+06,-16.354,2.1494e+07,-90.865
9.5056,5.4809e+06,-16.618,2.0715e+07,-91.304
9.6602,5.4784e+06,-16.887,1.9959e+07,-91.745
9.8173,5.4759e+06,-17.16,1.9225e+07,-92.191
9.977,5.4734e+06,-17.437,1.8514e+07,-92.639
10.139,5.4707e+06,-17.719,1.7824e+07,-93.091
10.304,5.468e+06,-18.005,1.7157e+07,-93.547
10.472,5.4651e+06,-18.296,1.651e+07,-94.006
10.642,5.4622e+06,-18.592,1.5883e+07,-94.469
10.815,5.4592e+06,-18.892,1.5277e+07,-94.936
10.991,5.4561e+06,-19.197,1.469e+07,-95.406
11.17,5.4529e+06,-19.506,1.4123e+07,-95.88
11.352,5.4495e+06,-19.821,1.3574e+07,-96.358
11.536,5.4461e+06,-20.141,1.3044e+07,-96.84
11.724,5.4426e+06,-20.465,1.2531e+07,-97.327
11.915,5.439e+06,-20.795,1.2036e+07,-97.817
12.108,5.4352e+06,-21.13,1.1558e+07,-98.311
12.305,5.4313e+06,-21.471,1.1096e+07,-98.81
12.505,5.4273e+06,-21.816,1.065e+07,-99.313
12.709,5.4232e+06,-22.168,1.022e+07,-99.82
12.915,5.419e+06,-22.524,9.8058e+06,-100.33
13.126,5.4146e+06,-22.887,9.4059e+06,-100.85
13.339,5.4101e+06,-23.255,9.0205e+06,-101.37
13.556,5.4054e+06,-23.628,8.649e+06,-101.9
13.777,5.4006e+06,-24.008,8.2912e+06,-102.43
14.001,5.3956e+06,-24.394,7.9465e+06,-102.96
14.228,5.3905e+06,-24.785,7.6146e+06,-103.5
14.46,5.3852e+06,-25.183,7.2951e+06,-104.05
14.695,5.3798e+06,-25.587,6.9877e+06,-104.6
14.934,5.3742e+06,-25.997,6.6919e+06,-105.15
15.177,5.3684e+06,-26.414,6.4074e+06,-105.71
15.424,5.3624e+06,-26.837,6.1338e+06,-106.28
15.675,5.3563e+06,-27.267,5.8708e+06,-106.85
15.93,5.35e+06,-27.703,5.6181e+06,-107.42
16.189,5.3434e+06,-28.146,5.3752e+06,-108
16.452,5.3367e+06,-28.596,5.1419e+06,-108.59
16.719,5.3298e+06,-29.053,4.9178e+06,-109.19
16.991,5.3226e+06,-29.517,4.7026e+06,-109.78
17.268,5.3153e+06,-29.988,4.4961e+06,-110.39
17.549,5.3077e+06,-30.466,4.2979e+06,-111
17.834,5.2999e+06,-30.952,4.1077e+06,-111.62
18.124,5.2918e+06,-31.445,3.9252e+06,-112.24
18.419,5.2835e+06,-31.946,3.7502e+06,-112.87
18.719,5.275e+06,-32.454,3.5824e+06,-113.5
19.023,5.2662e+06,-32.97,3.4216e+06,-114.14
19.332,5.2571e+06,-33.493,3.2674e+06,-114.79
19.647,5.2478e+06,-34.025,3.1196e+06,-115.45
19.966,5.2382e+06,-34.564,2.9781e+06,-116.11
20.291,5.2283e+06,-35.112,2.8424e+06,-116.78
20.621,5.2181e+06,-35.668,2.7126e+06,-117.45
20.957,5.2076e+06,-36.232,2.5882e+06,-118.13
21.297,5.1968e+06,-36.805,2.4691e+06,-118.82
21.644,5.1857e+06,-37.386,2.3552e+06,-119.52
21.996,5.1743e+06,-37.976,2.2461e+06,-120.22
22.354,5.1625e+06,-38.574,2.1418e+06,-120.93
22.717,5.1504e+06,-39.182,2.0419e+06,-121.65
23.087,5.138e+06,-39.798,1.9464e+06,-122.38
23.462,5.1252e+06,-40.423,1.8551e+06,-123.11
23.844,5.112e+06,-41.057,1.7678e+06,-123.85
24.232,5.0984e+06,-41.701,1.6843e+06,-124.6
24.626,5.0845e+06,-42.354,1.6045e+06,-125.36
25.026,5.0702e+06,-43.016,1.5282e+06,-126.13
25.433,5.0555e+06,-43.688,1.4554e+06,-126.9
25.847,5.0404e+06,-44.37,1.3857e+06,-127.68
26.268,5.0248e+06,-45.061,1.3192e+06,-128.47
26.695,5.0089e+06,-45.762,1.2557e+06,-129.27
27.129,4.9925e+06,-46.473,1.1951e+06,-130.08
27.57,4.9756e+06,-47.194,1.1372e+06,-130.9
28.019,4.9583e+06,-47.925,1.0819e+06,-131.72
28.474,4.9406e+06,-48.666,1.0291e+06,-132.56
28.938,4.9223e+06,-49.417,9.7876e+05,-133.4
29.408,4.9036e+06,-50.179,9.307e+05,-134.25
29.887,4.8844e+06,-50.951,8.8486e+05,-135.11
30.373,4.8647e+06,-51.734,8.4113e+05,-135.98
30.867,4.8445e+06,-52.528,7.9942e+05,-136.86
31.369,4.8238e+06,-53.332,7.5965e+05,-137.76
31.879,4.8025e+06,-54.147,7.2172e+05,-138.65
32.397,4.7807e+06,-54.972,6.8557e+05,-139.56
32.924,4.7584e+06,-55.809,6.5111e+05,-140.48
33.46,4.7355e+06,-56.657,6.1827e+05,-141.41
34.004,4.7121e+06,-57.515,5.8697e+05,-142.35
34.557,4.6881e+06,-58.385,5.5716e+05,-143.3
35.119,4.6635e+06,-59.266,5.2875e+05,-144.26
35.69,4.6383e+06,-60.158,5.017e+05,-145.23
36.271,4.6126e+06,-61.062,4.7594e+05,-146.21
36.861,4.5862e+06,-61.976,4.5141e+05,-147.2
37.461,4.5593e+06,-62.903,4.2806e+05,-148.2
38.07,4.5317e+06,-63.84,4.0583e+05,-149.21
38.689,4.5035e+06,-64.789,3.8468e+05,-150.23
39.318,4.4748e+06,-65.75,3.6455e+05,-151.26
39.958,4.4453e+06,-66.722,3.454e+05,-152.3
40.608,4.4153e+06,-67.705,3.2719e+05,-153.35
41.268,4.3846e+06,-68.7,3.0987e+05,-154.42
41.939,4.3533e+06,-69.707,2.934e+05,-155.49
42.622,4.3213e+06,-70.725,2.7774e+05,-156.57
43.315,4.2887e+06,-71.755,2.6285e+05,-157.67
44.019,4.2555e+06,-72.796,2.4871e+05,-158.77
44.735,4.2216e+06,-73.849,2.3526e+05,-159.89
45.463,4.1871e+06,-74.914,2.225e+05,-161.01
46.202,4.1519e+06,-75.99,2.1037e+05,-162.15
46.954,4.1161e+06,-77.077,1.9885e+05,-163.3
47.718,4.0797e+06,-78.176,1.8792e+05,-164.46
48.494,4.0426e+06,-79.286,1.7754e+05,-165.62
49.282,4.0049e+06,-80.407,1.6769e+05,-166.8
50.084,3.9665e+06,-81.54,1.5834e+05,-167.99
50.899,3.9276e+06,-82.684,1.4947e+05,-169.19
51.727,3.888e+06,-83.838,1.4107e+05,-170.4
52.568,3.8478e+06,-85.004,1.3309e+05,-171.62
53.423,3.807e+06,-86.181,1.2553e+05,-172.85
54.292,3.7657e+06,-87.369,1.1837e+05,-174.09
55.175,3.7237e+06,-88.567,1.1158e+05,-175.34
56.072,3.6812e+06,-89.776,1.0515e+05,-176.6
56.984,3.6381e+06,-90.996,99064,-177.87
57.911,3.5945e+06,-92.225,93299,-179.15
58.853,3.5504e+06,-93.465,87842,179.56
59.81,3.5057e+06,-94.715,82679,178.27
60.783,3.4606e+06,-95.975,77793,176.96
61.772,3.415e+06,-97.244,73173,175.64
62.777,3.3689e+06,-98.523,68805,174.32
63.798,3.3224e+06,-99.811,64676,172.99
64.835,3.2755e+06,-101.11,60774,171.64
65.89,3.2281e+06,-102.41,57088,170.29
66.962,3.1804e+06,-103.73,53608,168.94
68.051,3.1324e+06,-105.05,50322,167.57
69.158,3.084e+06,-106.38,47220,166.2
70.282,3.0354e+06,-107.72,44295,164.82
71.426,2.9864e+06,-109.07,41535,163.43
72.587,2.9373e+06,-110.43,38934,162.04
73.768,2.8879e+06,-111.79,36482,160.63
74.968,2.8383e+06,-113.16,34171,159.23
76.187,2.7885e+06,-114.53,31996,157.81
77.426,2.7387e+06,-115.92,29947,156.39
78.686,2.6887e+06,-117.3,28019,154.97
79.966,2.6386e+06,-118.7,26205,153.54
81.266,2.5886e+06,-120.1,24500,152.1
82.588,2.5385e+06,-121.5,22896,150.66
83.931,2.4884e+06,-122.91,21389,149.22
85.296,2.4384e+06,-124.33,19974,147.77
86.684,2.3885e+06,-125.74,18645,146.32
88.094,2.3387e+06,-127.17,17397,144.87
89.527,2.289e+06,-128.59,16227,143.41
90.983,2.2395e+06,-130.02,15129,141.95
92.463,2.1903e+06,-131.45,14100,140.48
93.966,2.1413e+06,-132.89,13135,139.02
95.495,2.0925e+06,-134.32,12232,137.55
97.048,2.0441e+06,-135.76,11387,136.08
98.627,1.996e+06,-137.2,10595,134.61
100.23,1.9482e+06,-138.64,9854.7,133.14
101.86,1.9009e+06,-140.09,9162.4,131.67
103.52,1.8539e+06,-141.53,8515.3,130.2
105.2,1.8075e+06,-142.97,7910.7,128.73
106.91,1.7614e+06,-144.41,7346.1,127.26
108.65,1.7159e+06,-145.85,6819.1,125.79
110.42,1.6709e+06,-147.3,6327.4,124.33
112.21,1.6264e+06,-148.74,5868.8,122.86
114.04,1.5825e+06,-150.17,5441.3,121.4
115.89,1.5392e+06,-151.61,5043,119.94
117.78,1.4965e+06,-153.04,4671.9,118.48
119.7,1.4544e+06,-154.47,4326.5,117.02
121.64,1.413e+06,-155.9,4005.1,115.57
123.62,1.3722e+06,-157.33,3706.1,114.12
125.63,1.3321e+06,-158.75,3428.1,112.68
127.68,1.2926e+06,-160.17,3169.8,111.24
129.75,1.2539e+06,-161.58,2929.8,109.8
131.86,1.2158e+06,-162.99,2706.9,108.37
134.01,1.1785e+06,-164.39,2500.1,106.95
136.19,1.1419e+06,-165.79,2308.3,105.52
138.4,1.1061e+06,-167.19,2130.3,104.11
140.65,1.071e+06,-168.57,1965.4,102.7
142.94,1.0366e+06,-169.96,1812.6,101.3
145.27,1.003e+06,-171.33,1671,99.901
147.63,9.7009e+05,-172.7,1540,98.51
150.03,9.3796e+05,-174.07,1418.8,97.127
152.47,9.0659e+05,-175.43,1306.6,95.751
154.95,8.7597e+05,-176.78,1202.9,94.382
157.47,8.461e+05,-178.12,1107.1,93.02
160.03,8.1698e+05,-179.45,1018.5,91.667
162.63,7.8861e+05,179.22,936.78,90.321
165.28,7.6097e+05,177.9,861.29,88.983
167.97,7.3407e+05,176.58,791.63,87.653
170.7,7.0789e+05,175.28,727.37,86.331
173.48,6.8244e+05,173.98,668.13,85.018
176.3,6.577e+05,172.7,613.52,83.714
179.17,6.3366e+05,171.42,563.2,82.418
182.08,6.1033e+05,170.15,516.85,81.132
185.04,5.8768e+05,168.88,474.18,79.854
188.05,5.657e+05,167.63,434.9,78.585
191.11,5.444e+05,166.39,398.77,77.326
194.22,5.2375e+05,165.15,365.53,76.076
197.38,5.0374e+05,163.93,334.97,74.835
200.59,4.8437e+05,162.71,306.88,73.604
203.85,4.6561e+05,161.5,281.07,72.382
207.16,4.4747e+05,160.3,257.37,71.17
210.53,4.2992e+05,159.11,235.6,69.967
213.96,4.1296e+05,157.94,215.62,68.774
217.44,3.9656e+05,156.77,197.28,67.591
220.98,3.8072e+05,155.61,180.46,66.418
224.57,3.6543e+05,154.45,165.03,65.254
228.22,3.5067e+05,153.31,150.89,64.1
231.93,3.3642e+05,152.18,137.92,62.956
235.71,3.2268e+05,151.06,126.04,61.821
239.54,3.0943e+05,149.95,115.16,60.697
243.44,2.9666e+05,148.84,105.19,59.582
247.4,2.8435e+05,147.75,96.067,58.477
251.42,2.725e+05,146.67,87.715,57.381
255.51,2.6108e+05,145.59,80.072,56.296
259.67,2.5009e+05,144.53,73.079,55.22
263.89,2.3952e+05,143.47,66.683,54.154
268.18,2.2934e+05,142.43,60.835,53.097
272.54,2.1956e+05,141.39,55.489,52.05
276.98,2.1015e+05,140.36,50.603,51.013
281.48,2.011e+05,139.35,46.138,49.985
286.06,1.9241e+05,138.34,42.059,48.966
290.71,1.8406e+05,137.34,38.333,47.957
295.44,1.7604e+05,136.35,34.932,46.958
300.25,1.6834e+05,135.37,31.826,45.967
305.13,1.6095e+05,134.4,28.991,44.986
310.09,1.5386e+05,133.43,26.404,44.014
315.14,1.4705e+05,132.48,24.044,43.051
320.26,1.4052e+05,131.54,21.891,42.097
325.47,1.3426e+05,130.6,19.928,41.152
330.76,1.2825e+05,129.67,18.137,40.216
336.14,1.225e+05,128.75,16.505,39.289
341.61,1.1698e+05,127.84,15.017,38.37
347.17,1.117e+05,126.94,13.661,37.46
352.82,1.0663e+05,126.05,12.426,36.559
358.55,1.0178e+05,125.17,11.301,35.667
364.39,97139,124.29,10.276,34.782
370.31,92693,123.42,9.3421,33.907
376.34,88437,122.56,8.4921,33.039
382.46,84364,121.71,7.7183,32.18
388.68,80467,120.87,7.014,31.329
395,76738,120.03,6.373,30.487
401.42,73172,119.2,5.7898,29.652
407.95,69762,118.38,5.2592,28.825
414.59,66501,117.57,4.7765,28.006
421.33,63383,116.77,4.3375,27.196
428.19,60404,115.97,3.9383,26.392
435.15,57556,115.18,3.5754,25.597
442.23,54835,114.4,3.2454,24.81
449.42,52235,113.63,2.9455,24.03
456.73,49752,112.86,2.673,23.257
464.16,47381,112.11,2.4253,22.493
471.71,45116,111.35,2.2003,21.735
479.38,42954,110.61,1.9959,20.986
487.18,40890,109.87,1.8102,20.243
495.1,38920,109.15,1.6416,19.509
503.15,37040,108.42,1.4885,18.781
511.34,35246,107.71,1.3495,18.061
519.66,33534,107,1.2233,17.348
528.11,31901,106.3,1.1087,16.643
536.7,30344,105.61,1.0048,15.944
545.43,28859,104.92,0.91048,15.253
554.3,27443,104.25,0.8249,14.57
563.31,26093,103.57,0.74727,13.893
572.48,24807,102.91,0.67685,13.224
581.79,23580,102.25,0.61299,12.562
591.25,22411,101.6,0.55508,11.908
600.87,21298,100.96,0.50258,11.26
610.64,20237,100.33,0.45498,10.62
620.57,19226,99.698,0.41184,9.9876
630.67,18264,99.077,0.37274,9.3622
640.92,17347,98.464,0.3373,8.7442
651.35,16474,97.858,0.3052,8.1336
661.94,15643,97.259,0.27611,7.5305
672.71,14852,96.668,0.24977,6.9349
683.65,14100,96.084,0.2259,6.3468
694.77,13383,95.508,0.20429,5.7663
706.07,12702,94.939,0.18473,5.1934
717.56,12053,94.378,0.16701,4.6283
729.23,11436,93.825,0.15098,4.0709
741.09,10849,93.279,0.13647,3.5214
753.14,10291,92.741,0.12333,2.9798
765.39,9760.8,92.211,0.11145,2.4461
777.84,9256.4,91.69,0.10069,1.9206
790.49,8777,91.176,0.090967,1.4032
803.35,8321.3,90.67,0.08217,0.894
816.42,7888.2,90.173,0.074213,0.39317
829.7,7476.8,89.684,0.067019,-0.099231
843.19,7085.9,89.204,0.060514,-0.5831
856.91,6714.6,88.732,0.054633,-1.0583
870.84,6361.9,88.269,0.049318,-1.5248
885.01,6027,87.815,0.044515,-1.9825
899.4,5709,87.369,0.040174,-2.4312
914.03,5407.2,86.933,0.036252,-2.8708
928.9,5120.7,86.505,0.032709,-3.3012
944.01,4848.7,86.087,0.029508,-3.7223
959.36,4590.7,85.679,0.026618,-4.134
974.96,4345.8,85.28,0.024008,-4.5362
990.82,4113.6,84.89,0.021651,-4.9286
1006.9,3893.3,84.51,0.019523,-5.3113
1023.3,3684.3,84.141,0.017603,-5.684
1040,3486.2,83.781,0.015869,-6.0466
1056.9,3298.4,83.431,0.014305,-6.399
1074.1,3120.3,83.092,0.012893,-6.7411
1091.5,2951.6,82.763,0.01162,-7.0728
1109.3,2791.6,82.444,0.010471,-7.3938
1127.3,2640.1,82.137,0.0094344,-7.7041
1145.7,2496.5,81.84,0.0084998,-8.0035
1164.3,2360.5,81.554,0.007657,-8.292
1183.2,2231.7,81.279,0.006897,-8.5692
1202.5,2109.7,81.015,0.0062119,-8.8352
1222,1994.1,80.763,0.0055943,-9.0898
1241.9,1884.8,80.523,0.0050377,-9.3328
1262.1,1781.2,80.294,0.004536,-9.5642
1282.6,1683.3,80.076,0.004084,-9.7837
1303.5,1590.5,79.871,0.0036766,-9.9912
1324.7,1502.8,79.678,0.0033097,-10.187
1346.3,1419.7,79.497,0.0029791,-10.37
1368.2,1341.2,79.328,0.0026813,-10.541
1390.4,1266.9,79.171,0.0024131,-10.699
1413,1196.7,79.028,0.0021716,-10.845
1436,1130.2,78.896,0.0019541,-10.978
1459.4,1067.4,78.778,0.0017583,-11.099
1483.1,1008,78.673,0.001582,-11.206
1507.2,951.87,78.58,0.0014233,-11.3
1531.7,898.81,78.501,0.0012805,-11.381
1556.7,848.66,78.435,0.0011519,-11.449
1582,801.27,78.383,0.0010362,-11.504
1607.7,756.5,78.344,0.00093207,-11.544
1633.9,714.19,78.318,0.00083837,-11.572
1660.4,674.23,78.307,0.00075406,-11.585
1687.4,636.48,78.309,0.00067821,-11.585
1714.9,600.83,78.325,0.00060997,-11.571
1742.8,567.16,78.355,0.00054858,-11.542
1771.1,535.36,78.399,0.00049336,-11.5
1799.9,505.34,78.457,0.00044369,-11.443
1829.2,476.99,78.529,0.00039902,-11.372
1859,450.24,78.616,0.00035884,-11.287
1889.2,424.97,78.718,0.0003227,-11.187
1919.9,401.13,78.833,0.0002902,-11.073
1951.1,378.62,78.963,0.00026098,-10.944
1982.9,357.38,79.108,0.0002347,-10.801
2015.1,337.34,79.268,0.00021106,-10.643
2047.9,318.42,79.442,0.00018982,-10.47
2081.2,300.57,79.631,0.00017071,-10.282
2115.1,283.73,79.835,0.00015353,-10.08
2149.5,267.84,80.054,0.00013808,-9.8621
2184.4,252.85,80.288,0.00012419,-9.6296
2220,238.7,80.537,0.00011171,-9.3821
2256.1,225.36,80.801,0.00010048,-9.1195
2292.8,212.77,81.08,9.0385e-05,-8.8419
2330.1,200.9,81.374,8.1308e-05,-8.5492
2368,189.7,81.683,7.3147e-05,-8.2413
2406.5,179.13,82.007,6.5809e-05,-7.9184
2445.6,169.16,82.346,5.9212e-05,-7.5802
2485.4,159.76,82.701,5.3279e-05,-7.2269
2525.8,150.9,83.07,4.7944e-05,-6.8584
2566.9,142.53,83.455,4.3147e-05,-6.4747
2608.7,134.64,83.855,3.8833e-05,-6.0759
2651.1,127.2,84.27,3.4954e-05,-5.6619
2694.2,120.19,84.701,3.1465e-05,-5.2328
2738,113.57,85.146,2.8327e-05,-4.7885
2782.6,107.32,85.606,2.5505e-05,-4.3292
2827.8,101.43,86.082,2.2966e-05,-3.8547
2873.8,95.877,86.572,2.0683e-05,-3.3652
2920.6,90.636,87.078,1.8628e-05,-2.8607
2968.1,85.693,87.598,1.678e-05,-2.3413
3016.3,81.029,88.134,1.5117e-05,-1.8069
3065.4,76.63,88.684,1.3621e-05,-1.2577
3115.3,72.479,89.249,1.2274e-05,-0.69361
3165.9,68.563,89.828,1.1063e-05,-0.11482
3217.4,64.869,90.423,9.9719e-06,0.47865
3269.7,61.382,91.032,8.9902e-06,1.0867
3322.9,58.092,91.655,8.1063e-06,1.7093
3377,54.988,92.293,7.3106e-06,2.3463
3431.9,52.058,92.945,6.594e-06,2.9977
3487.7,49.293,93.612,5.9487e-06,3.6633
3544.5,46.683,94.292,5.3676e-06,4.3431
3602.1,44.219,94.987,4.844e-06,5.0369
3660.7,41.893,95.696,4.3724e-06,5.7447
3720.2,39.697,96.418,3.9474e-06,6.4663
3780.7,37.624,97.154,3.5645e-06,7.2015
3842.2,35.666,97.904,3.2193e-06,7.9504
3904.7,33.817,98.667,2.9082e-06,8.7126
3968.2,32.07,99.443,2.6277e-06,9.4882
4032.8,30.42,100.23,2.3747e-06,10.277
4098.4,28.862,101.03,2.1466e-06,11.079
4165,27.389,101.85,1.9408e-06,11.893
4232.8,25.998,102.68,1.7552e-06,12.72
4301.6,24.683,103.52,1.5877e-06,13.56
4371.6,23.44,104.37,1.4365e-06,14.412
4442.7,22.265,105.24,1.3e-06,15.276
4515,21.154,106.11,1.1768e-06,16.152
4588.4,20.104,107,1.0655e-06,17.04
4663,19.111,107.9,9.6503e-07,17.94
4738.9,18.171,108.81,8.7423e-07,18.851
4816,17.282,109.74,7.9218e-07,19.773
4894.3,16.442,110.67,7.1803e-07,20.706
4973.9,15.646,111.61,6.51e-07,21.65
5054.8,14.893,112.57,5.9038e-07,22.604
5137,14.18,113.53,5.3556e-07,23.569
5220.6,13.505,114.51,4.8597e-07,24.544
5305.5,12.866,115.49,4.4109e-07,25.528
5391.8,12.26,116.49,4.0048e-07,26.523
5479.5,11.687,117.49,3.6371e-07,27.526
5568.6,11.144,118.51,3.3042e-07,28.539
5659.2,10.629,119.53,3.0026e-07,29.56
5751.2,10.141,120.56,2.7294e-07,30.59
5844.8,9.6783,121.6,2.4818e-07,31.629
5939.8,9.2396,122.64,2.2574e-07,32.675
6036.4,8.8236,123.7,2.0539e-07,33.729
6134.6,8.429,124.76,1.8693e-07,34.791
6234.4,8.0546,125.83,1.7019e-07,35.86
6335.8,7.6993,126.91,1.5499e-07,36.936
6438.9,7.362,127.99,1.412e-07,38.019
6543.6,7.0418,129.08,1.2868e-07,39.108
6650,6.7377,130.18,1.173e-07,40.203
6758.2,6.4489,131.28,1.0697e-07,41.304
6868.1,6.1746,132.38,9.7581e-08,42.41
6979.8,5.9138,133.5,8.9044e-08,43.521
7093.3,5.666,134.61,8.1282e-08,44.638
7208.7,5.4304,135.73,7.4221e-08,45.759
7326,5.2063,136.86,6.7796e-08,46.884
7445.1,4.9932,137.99,6.1949e-08,48.013
7566.2,4.7904,139.12,5.6625e-08,49.145
7689.3,4.5975,140.26,5.1776e-08,50.281
7814.4,4.4138,141.4,4.7359e-08,51.42
7941.5,4.2389,142.54,4.3334e-08,52.562
8070.6,4.0724,143.68,3.9664e-08,53.706
8201.9,3.9137,144.83,3.6318e-08,54.852
8335.3,3.7626,145.98,3.3265e-08,56
8470.9,3.6185,147.13,3.048e-08,57.149
8608.6,3.4811,148.28,2.7937e-08,58.299
8748.7,3.3501,149.43,2.5616e-08,59.45
8891,3.2252,150.58,2.3495e-08,60.601
9035.6,3.1059,151.73,2.1557e-08,61.753
9182.5,2.9921,152.88,1.9786e-08,62.904
9331.9,2.8835,154.04,1.8167e-08,64.055
9483.7,2.7798,155.19,1.6686e-08,65.205
9637.9,2.6807,156.33,1.5331e-08,66.354
9794.7,2.586,157.48,1.4091e-08,67.501
9954,2.4956,158.63,1.2955e-08,68.646
10116,2.4091,159.77,1.1915e-08,69.79
10280,2.3263,160.91,1.0962e-08,70.931
10448,2.2472,162.05,1.0089e-08,72.069
10618,2.1715,163.19,9.2886e-09,73.204
10790,2.099,164.32,8.5544e-09,74.336
10966,2.0297,165.45,7.8809e-09,75.465
11144,1.9632,166.57,7.2627e-09,76.589
11325,1.8996,167.69,6.6952e-09,77.71
11510,1.8386,168.81,6.174e-09,78.826
11697,1.7801,169.92,5.6953e-09,79.937
11887,1.7241,171.03,5.2553e-09,81.043
12080,1.6703,172.13,4.8508e-09,82.145
12277,1.6187,173.23,4.4789e-09,83.24
12477,1.5692,174.32,4.1367e-09,84.33
12680,1.5217,175.4,3.8219e-09,85.414
12886,1.476,176.48,3.5321e-09,86.492
13095,1.4322,177.55,3.2652e-09,87.563
13308,1.39,178.61,3.0194e-09,88.628
13525,1.3495,179.67,2.7929e-09,89.686
13745,1.3106,-179.28,2.5842e-09,90.736
13968,1.2731,-178.23,2.3917e-09,91.779
14196,1.2371,-177.2,2.2142e-09,92.815
14426,1.2024,-176.17,2.0505e-09,93.843
14661,1.169,-175.15,1.8993e-09,94.863
14900,1.1369,-174.14,1.7598e-09,95.875
15142,1.1059,-173.13,1.631e-09,96.879
15388,1.0761,-172.14,1.512e-09,97.875
15638,1.0473,-171.15,1.402e-09,98.861
15893,1.0196,-170.17,1.3004e-09,99.839
16151,0.99281,-169.2,1.2065e-09,100.81
16414,0.96699,-168.24,1.1196e-09,101.77
16681,0.94208,-167.29,1.0392e-09,102.72
16952,0.91802,-166.35,9.6479e-10,103.66
17228,0.89479,-165.42,8.9595e-10,104.59
17508,0.87234,-164.49,8.322e-10,105.52
17793,0.85066,-163.58,7.7317e-10,106.43
18082,0.82969,-162.68,7.1848e-10,107.33
18377,0.80942,-161.78,6.6781e-10,108.23
18675,0.78981,-160.9,6.2084e-10,109.11
18979,0.77084,-160.03,5.773e-10,109.98
19288,0.75248,-159.16,5.3692e-10,110.85
19602,0.7347,-158.31,4.9946e-10,111.7
19920,0.71748,-157.47,4.6471e-10,112.54
20244,0.7008,-156.63,4.3246e-10,113.38
20574,0.68464,-155.81,4.0253e-10,114.2
20908,0.66898,-155,3.7473e-10,115.01
21248,0.65379,-154.19,3.4892e-10,115.81
21594,0.63906,-153.4,3.2495e-10,116.61
21945,0.62477,-152.62,3.0267e-10,117.39
22302,0.6109,-151.85,2.8197e-10,118.16
22665,0.59744,-151.09,2.6272e-10,118.92
23034,0.58437,-150.34,2.4483e-10,119.67
23408,0.57168,-149.6,2.282e-10,120.41
23789,0.55934,-148.87,2.1273e-10,121.13
24176,0.54736,-148.16,1.9833e-10,121.85
24569,0.53571,-147.45,1.8494e-10,122.56
24969,0.52438,-146.75,1.7247e-10,123.26
25375,0.51337,-146.07,1.6087e-10,123.94
25788,0.50265,-145.39,1.5007e-10,124.62
26207,0.49222,-144.72,1.4001e-10,125.28
26633,0.48207,-144.07,1.3065e-10,125.94
27067,0.47219,-143.43,1.2192e-10,126.58
27507,0.46257,-142.79,1.138e-10,127.22
27954,0.45319,-142.17,1.0622e-10,127.84
28409,0.44406,-141.55,9.9164e-11,128.45
28871,0.43516,-140.95,9.2585e-11,129.05
29340,0.42649,-140.36,8.6452e-11,129.65
29818,0.41803,-139.78,8.0734e-11,130.23
30303,0.40978,-139.21,7.5401e-11,130.8
30796,0.40174,-138.64,7.0429e-11,131.36
31296,0.39389,-138.09,6.579e-11,131.91
31806,0.38623,-137.55,6.1463e-11,132.45
32323,0.37876,-137.02,5.7425e-11,132.98
32849,0.37146,-136.5,5.3658e-11,133.51
33383,0.36433,-135.99,5.0142e-11,134.02
33926,0.35737,-135.49,4.686e-11,134.52
34478,0.35058,-135,4.3796e-11,135.01
35038,0.34393,-134.52,4.0936e-11,135.49
35608,0.33744,-134.04,3.8266e-11,135.96
36187,0.3311,-133.58,3.5773e-11,136.42
36776,0.3249,-133.13,3.3444e-11,136.87
37374,0.31883,-132.69,3.1269e-11,137.32
37982,0.3129,-132.25,2.9237e-11,137.75
38600,0.3071,-131.83,2.7339e-11,138.17
39228,0.30143,-131.42,2.5566e-11,138.59
39866,0.29587,-131.01,2.391e-11,138.99
40514,0.29044,-130.62,2.2362e-11,139.39
41173,0.28512,-130.23,2.0915e-11,139.77
41843,0.27991,-129.86,1.9563e-11,140.15
42523,0.27482,-129.49,1.8299e-11,140.51
43215,0.26983,-129.13,1.7118e-11,140.87
43918,0.26494,-128.78,1.6013e-11,141.22
44632,0.26015,-128.44,1.4981e-11,141.56
45358,0.25546,-128.11,1.4016e-11,141.89
46096,0.25086,-127.79,1.3113e-11,142.21
46846,0.24636,-127.48,1.2269e-11,142.53
47608,0.24194,-127.17,1.148e-11,142.83
48382,0.23762,-126.88,1.0742e-11,143.13
49169,0.23337,-126.59,1.0052e-11,143.41
49969,0.22922,-126.31,9.4063e-12,143.69
50782,0.22514,-126.04,8.8024e-12,143.96
51607,0.22114,-125.78,8.2375e-12,144.22
52447,0.21722,-125.53,7.7091e-12,144.47
53300,0.21337,-125.29,7.2147e-12,144.71
54167,0.20959,-125.05,6.7522e-12,144.95
55048,0.20589,-124.83,6.3195e-12,145.18
55943,0.20226,-124.61,5.9147e-12,145.39
56853,0.19869,-124.4,5.5358e-12,145.6
57778,0.19519,-124.2,5.1814e-12,145.81
58718,0.19176,-124,4.8496e-12,146
59673,0.18838,-123.82,4.5392e-12,146.19
60643,0.18507,-123.64,4.2488e-12,146.36
61630,0.18182,-123.47,3.9769e-12,146.53
62632,0.17863,-123.31,3.7225e-12,146.69
63651,0.17549,-123.16,3.4843e-12,146.85
64686,0.17242,-123.01,3.2615e-12,146.99
65738,0.16939,-122.88,3.0529e-12,147.13
66807,0.16642,-122.75,2.8576e-12,147.26
67894,0.1635,-122.62,2.6749e-12,147.38
68998,0.16064,-122.51,2.5038e-12,147.49
70121,0.15782,-122.4,2.3437e-12,147.6
71261,0.15505,-122.31,2.1938e-12,147.7
72420,0.15233,-122.22,2.0534e-12,147.79
73598,0.14966,-122.13,1.9221e-12,147.87
74795,0.14703,-122.06,1.7991e-12,147.94
76012,0.14445,-121.99,1.684e-12,148.01
77248,0.14191,-121.93,1.5762e-12,148.07
78505,0.13942,-121.88,1.4754e-12,148.12
79781,0.13696,-121.83,1.3809e-12,148.17
81079,0.13455,-121.8,1.2925e-12,148.21
82398,0.13218,-121.77,1.2097e-12,148.24
83738,0.12985,-121.74,1.1322e-12,148.26
85100,0.12755,-121.73,1.0597e-12,148.27
86484,0.1253,-121.72,9.9176e-13,148.28
87891,0.12308,-121.72,9.2817e-13,148.28
89320,0.1209,-121.73,8.6864e-13,148.28
90773,0.11875,-121.74,8.1291e-13,148.26
92250,0.11664,-121.76,7.6073e-13,148.24
93750,0.11457,-121.79,7.1189e-13,148.21
95275,0.11252,-121.82,6.6616e-13,148.18
96825,0.11051,-121.87,6.2335e-13,148.13
98400,0.10854,-121.92,5.8327e-13,148.08
1e+05,0.10659,-121.97,5.4575e-13,148.03
