Frequency [Hz],AA transfer function,AI transfer function,
1.000000e+00,0.9999979751268429-0.0002201378762272j,0.9999979751268429-0.0002201378762272j,
1.011591e+00,0.9999979745467926-0.0002226895190152j,0.9999979745467926-0.0002226895190152j,
1.023317e+00,0.9999979739532177-0.0002252707381797j,0.9999979739532177-0.0002252707381797j,
1.035178e+00,0.9999979733458028-0.0002278818765437j,0.9999979733458028-0.0002278818765437j,
1.047177e+00,0.9999979727242244-0.0002305232809040j,0.9999979727242244-0.0002305232809040j,
1.059315e+00,0.9999979720881537-0.0002331953020771j,0.9999979720881537-0.0002331953020771j,
1.071593e+00,0.9999979714372518-0.0002358982949459j,0.9999979714372518-0.0002358982949459j,
1.084014e+00,0.9999979707711729-0.0002386326185067j,0.9999979707711729-0.0002386326185067j,
1.096579e+00,0.9999979700895635-0.0002413986359171j,0.9999979700895635-0.0002413986359171j,
1.109290e+00,0.9999979693920608-0.0002441967145438j,0.9999979693920608-0.0002441967145438j,
1.122148e+00,0.9999979686782952-0.0002470272260120j,0.9999979686782952-0.0002470272260120j,
1.135155e+00,0.9999979679478870-0.0002498905462544j,0.9999979679478870-0.0002498905462544j,
1.148312e+00,0.9999979672004483-0.0002527870555611j,0.9999979672004483-0.0002527870555611j,
1.161623e+00,0.9999979664355816-0.0002557171386302j,0.9999979664355816-0.0002557171386302j,
1.175087e+00,0.9999979656528806-0.0002586811846187j,0.9999979656528806-0.0002586811846187j,
1.188708e+00,0.9999979648519309-0.0002616795871948j,0.9999979648519309-0.0002616795871948j,
1.202486e+00,0.9999979640323043-0.0002647127445893j,0.9999979640323043-0.0002647127445893j,
1.216424e+00,0.9999979631935676-0.0002677810596492j,0.9999979631935676-0.0002677810596492j,
1.230524e+00,0.9999979623352745-0.0002708849398909j,0.9999979623352745-0.0002708849398909j,
1.244787e+00,0.9999979614569683-0.0002740247975542j,0.9999979614569683-0.0002740247975542j,
1.259216e+00,0.9999979605581834-0.0002772010496575j,0.9999979605581834-0.0002772010496575j,
1.273811e+00,0.9999979596384421-0.0002804141180526j,0.9999979596384421-0.0002804141180526j,
1.288576e+00,0.9999979586972556-0.0002836644294812j,0.9999979586972556-0.0002836644294812j,
1.303512e+00,0.9999979577341233-0.0002869524156315j,0.9999979577341233-0.0002869524156315j,
1.318621e+00,0.9999979567485348-0.0002902785131952j,0.9999979567485348-0.0002902785131952j,
1.333906e+00,0.9999979557399653-0.0002936431639259j,0.9999979557399653-0.0002936431639259j,
1.349367e+00,0.9999979547078793-0.0002970468146975j,0.9999979547078793-0.0002970468146975j,
1.365008e+00,0.9999979536517288-0.0003004899175639j,0.9999979536517288-0.0003004899175639j,
1.380830e+00,0.9999979525709525-0.0003039729298186j,0.9999979525709525-0.0003039729298186j,
1.396835e+00,0.9999979514649763-0.0003074963140556j,0.9999979514649763-0.0003074963140556j,
1.413026e+00,0.9999979503332120-0.0003110605382310j,0.9999979503332120-0.0003110605382310j,
1.429405e+00,0.9999979491750592-0.0003146660757249j,0.9999979491750592-0.0003146660757249j,
1.445973e+00,0.9999979479899026-0.0003183134054046j,0.9999979479899026-0.0003183134054046j,
1.462733e+00,0.9999979467771115-0.0003220030116878j,0.9999979467771115-0.0003220030116878j,
1.479688e+00,0.9999979455360427-0.0003257353846072j,0.9999979455360427-0.0003257353846072j,
1.496839e+00,0.9999979442660359-0.0003295110198756j,0.9999979442660359-0.0003295110198756j,
1.514189e+00,0.9999979429664178-0.0003333304189515j,0.9999979429664178-0.0003333304189515j,
1.531740e+00,0.9999979416364962-0.0003371940891060j,0.9999979416364962-0.0003371940891060j,
1.549495e+00,0.9999979402755658-0.0003411025434900j,0.9999979402755658-0.0003411025434900j,
1.567455e+00,0.9999979388829031-0.0003450563012023j,0.9999979388829031-0.0003450563012023j,
1.585624e+00,0.9999979374577688-0.0003490558873587j,0.9999979374577688-0.0003490558873587j,
1.604003e+00,0.9999979359994043-0.0003531018331616j,0.9999979359994043-0.0003531018331616j,
1.622595e+00,0.9999979345070363-0.0003571946759708j,0.9999979345070363-0.0003571946759708j,
1.641403e+00,0.9999979329798709-0.0003613349593745j,0.9999979329798709-0.0003613349593745j,
1.660429e+00,0.9999979314170977-0.0003655232332617j,0.9999979314170977-0.0003655232332617j,
1.679675e+00,0.9999979298178858-0.0003697600538954j,0.9999979298178858-0.0003697600538954j,
1.699144e+00,0.9999979281813859-0.0003740459839860j,0.9999979281813859-0.0003740459839860j,
1.718839e+00,0.9999979265067283-0.0003783815927666j,0.9999979265067283-0.0003783815927666j,
1.738762e+00,0.9999979247930235-0.0003827674560682j,0.9999979247930235-0.0003827674560682j,
1.758917e+00,0.9999979230393609-0.0003872041563964j,0.9999979230393609-0.0003872041563964j,
1.779304e+00,0.9999979212448086-0.0003916922830086j,0.9999979212448086-0.0003916922830086j,
1.799929e+00,0.9999979194084138-0.0003962324319923j,0.9999979194084138-0.0003962324319923j,
1.820792e+00,0.9999979175292005-0.0004008252063445j,0.9999979175292005-0.0004008252063445j,
1.841897e+00,0.9999979156061704-0.0004054712160514j,0.9999979156061704-0.0004054712160514j,
1.863246e+00,0.9999979136383020-0.0004101710781697j,0.9999979136383020-0.0004101710781697j,
1.884843e+00,0.9999979116245497-0.0004149254169084j,0.9999979116245497-0.0004149254169084j,
1.906691e+00,0.9999979095638429-0.0004197348637119j,0.9999979095638429-0.0004197348637119j,
1.928792e+00,0.9999979074550878-0.0004246000573436j,0.9999979074550878-0.0004246000573436j,
1.951148e+00,0.9999979052971639-0.0004295216439708j,0.9999979052971639-0.0004295216439708j,
1.973764e+00,0.9999979030889247-0.0004345002772509j,0.9999979030889247-0.0004345002772509j,
1.996642e+00,0.9999979008291969-0.0004395366184176j,0.9999979008291969-0.0004395366184176j,
2.019786e+00,0.9999978985167798-0.0004446313363690j,0.9999978985167798-0.0004446313363690j,
2.043197e+00,0.9999978961504450-0.0004497851077568j,0.9999978961504450-0.0004497851077568j,
2.066880e+00,0.9999978937289357-0.0004549986170755j,0.9999978937289357-0.0004549986170755j,
2.090838e+00,0.9999978912509645-0.0004602725567538j,0.9999978912509645-0.0004602725567538j,
2.115073e+00,0.9999978887152161-0.0004656076272462j,0.9999978887152161-0.0004656076272462j,
2.139589e+00,0.9999978861203429-0.0004710045371266j,0.9999978861203429-0.0004710045371266j,
2.164389e+00,0.9999978834649655-0.0004764640031817j,0.9999978834649655-0.0004764640031817j,
2.189477e+00,0.9999978807476742-0.0004819867505068j,0.9999978807476742-0.0004819867505068j,
2.214855e+00,0.9999978779670244-0.0004875735126015j,0.9999978779670244-0.0004875735126015j,
2.240528e+00,0.9999978751215397-0.0004932250314679j,0.9999978751215397-0.0004932250314679j,
2.266498e+00,0.9999978722097080-0.0004989420577084j,0.9999978722097080-0.0004989420577084j,
2.292769e+00,0.9999978692299824-0.0005047253506257j,0.9999978692299824-0.0005047253506257j,
2.319345e+00,0.9999978661807799-0.0005105756783239j,0.9999978661807799-0.0005105756783239j,
2.346229e+00,0.9999978630604804-0.0005164938178100j,0.9999978630604804-0.0005164938178100j,
2.373424e+00,0.9999978598674262-0.0005224805550974j,0.9999978598674262-0.0005224805550974j,
2.400935e+00,0.9999978565999205-0.0005285366853103j,0.9999978565999205-0.0005285366853103j,
2.428764e+00,0.9999978532562286-0.0005346630127893j,0.9999978532562286-0.0005346630127893j,
2.456916e+00,0.9999978498345727-0.0005408603511982j,0.9999978498345727-0.0005408603511982j,
2.485395e+00,0.9999978463331357-0.0005471295236318j,0.9999978463331357-0.0005471295236318j,
2.514203e+00,0.9999978427500572-0.0005534713627257j,0.9999978427500572-0.0005534713627257j,
2.543346e+00,0.9999978390834333-0.0005598867107667j,0.9999978390834333-0.0005598867107667j,
2.572826e+00,0.9999978353313158-0.0005663764198043j,0.9999978353313158-0.0005663764198043j,
2.602648e+00,0.9999978314917126-0.0005729413517645j,0.9999978314917126-0.0005729413517645j,
2.632815e+00,0.9999978275625829-0.0005795823785637j,0.9999978275625829-0.0005795823785637j,
2.663333e+00,0.9999978235418389-0.0005863003822250j,0.9999978235418389-0.0005863003822250j,
2.694204e+00,0.9999978194273454-0.0005930962549949j,0.9999978194273454-0.0005930962549949j,
2.725433e+00,0.9999978152169160-0.0005999708994621j,0.9999978152169160-0.0005999708994621j,
2.757023e+00,0.9999978109083133-0.0006069252286773j,0.9999978109083133-0.0006069252286773j,
2.788980e+00,0.9999978064992490-0.0006139601662743j,0.9999978064992490-0.0006139601662743j,
2.821308e+00,0.9999978019873806-0.0006210766465929j,0.9999978019873806-0.0006210766465929j,
2.854010e+00,0.9999977973703104-0.0006282756148029j,0.9999977973703104-0.0006282756148029j,
2.887091e+00,0.9999977926455865-0.0006355580270297j,0.9999977926455865-0.0006355580270297j,
2.920556e+00,0.9999977878106979-0.0006429248504810j,0.9999977878106979-0.0006429248504810j,
2.954408e+00,0.9999977828630764-0.0006503770635758j,0.9999977828630764-0.0006503770635758j,
2.988653e+00,0.9999977778000930-0.0006579156560738j,0.9999977778000930-0.0006579156560738j,
3.023295e+00,0.9999977726190583-0.0006655416292070j,0.9999977726190583-0.0006655416292070j,
3.058338e+00,0.9999977673172199-0.0006732559958130j,0.9999977673172199-0.0006732559958130j,
3.093788e+00,0.9999977618917602-0.0006810597804691j,0.9999977618917602-0.0006810597804691j,
3.129648e+00,0.9999977563397979-0.0006889540196286j,0.9999977563397979-0.0006889540196286j,
3.165924e+00,0.9999977506583826-0.0006969397617584j,0.9999977506583826-0.0006969397617584j,
3.202621e+00,0.9999977448444960-0.0007050180674781j,0.9999977448444960-0.0007050180674781j,
3.239743e+00,0.9999977388950495-0.0007131900097013j,0.9999977388950495-0.0007131900097013j,
3.277295e+00,0.9999977328068828-0.0007214566737775j,0.9999977328068828-0.0007214566737775j,
3.315282e+00,0.9999977265767601-0.0007298191576368j,0.9999977265767601-0.0007298191576368j,
3.353710e+00,0.9999977202013728-0.0007382785719354j,0.9999977202013728-0.0007382785719354j,
3.392583e+00,0.9999977136773333-0.0007468360402030j,0.9999977136773333-0.0007468360402030j,
3.431907e+00,0.9999977070011751-0.0007554926989925j,0.9999977070011751-0.0007554926989925j,
3.471687e+00,0.9999977001693521-0.0007642496980304j,0.9999977001693521-0.0007642496980304j,
3.511928e+00,0.9999976931782341-0.0007731082003700j,0.9999976931782341-0.0007731082003700j,
3.552635e+00,0.9999976860241078-0.0007820693825453j,0.9999976860241078-0.0007820693825453j,
3.593814e+00,0.9999976787031711-0.0007911344347277j,0.9999976787031711-0.0007911344347277j,
3.635470e+00,0.9999976712115356-0.0008003045608841j,0.9999976712115356-0.0008003045608841j,
3.677609e+00,0.9999976635452208-0.0008095809789364j,0.9999976635452208-0.0008095809789364j,
3.720237e+00,0.9999976557001532-0.0008189649209236j,0.9999976557001532-0.0008189649209236j,
3.763358e+00,0.9999976476721660-0.0008284576331654j,0.9999976476721660-0.0008284576331654j,
3.806980e+00,0.9999976394569934-0.0008380603764275j,0.9999976394569934-0.0008380603764275j,
3.851107e+00,0.9999976310502715-0.0008477744260892j,0.9999976310502715-0.0008477744260892j,
3.895746e+00,0.9999976224475334-0.0008576010723129j,0.9999976224475334-0.0008576010723129j,
3.940902e+00,0.9999976136442087-0.0008675416202152j,0.9999976136442087-0.0008675416202152j,
3.986581e+00,0.9999976046356210-0.0008775973900404j,0.9999976046356210-0.0008775973900404j,
4.032790e+00,0.9999975954169836-0.0008877697173358j,0.9999975954169836-0.0008877697173358j,
4.079535e+00,0.9999975859833992-0.0008980599531292j,0.9999975859833992-0.0008980599531292j,
4.126821e+00,0.9999975763298562-0.0009084694641080j,0.9999975763298562-0.0009084694641080j,
4.174655e+00,0.9999975664512251-0.0009189996328010j,0.9999975664512251-0.0009189996328010j,
4.223044e+00,0.9999975563422583-0.0009296518577619j,0.9999975563422583-0.0009296518577619j,
4.271994e+00,0.9999975459975854-0.0009404275537551j,0.9999975459975854-0.0009404275537551j,
4.321511e+00,0.9999975354117095-0.0009513281519438j,0.9999975354117095-0.0009513281519438j,
4.371602e+00,0.9999975245790078-0.0009623551000793j,0.9999975245790078-0.0009623551000793j,
4.422274e+00,0.9999975134937249-0.0009735098626945j,0.9999975134937249-0.0009735098626945j,
4.473533e+00,0.9999975021499704-0.0009847939212970j,0.9999975021499704-0.0009847939212970j,
4.525386e+00,0.9999974905417185-0.0009962087745673j,0.9999974905417185-0.0009962087745673j,
4.577841e+00,0.9999974786628019-0.0010077559385565j,0.9999974786628019-0.0010077559385565j,
4.630903e+00,0.9999974665069099-0.0010194369468888j,0.9999974665069099-0.0010194369468888j,
4.684580e+00,0.9999974540675840-0.0010312533509642j,0.9999974540675840-0.0010312533509642j,
4.738880e+00,0.9999974413382153-0.0010432067201653j,0.9999974413382153-0.0010432067201653j,
4.793808e+00,0.9999974283120417-0.0010552986420652j,0.9999974283120417-0.0010552986420652j,
4.849374e+00,0.9999974149821426-0.0010675307226389j,0.9999974149821426-0.0010675307226389j,
4.905584e+00,0.9999974013414357-0.0010799045864758j,0.9999974013414357-0.0010799045864758j,
4.962445e+00,0.9999973873826740-0.0010924218769963j,0.9999973873826740-0.0010924218769963j,
5.019965e+00,0.9999973730984421-0.0011050842566696j,0.9999973730984421-0.0011050842566696j,
5.078152e+00,0.9999973584811506-0.0011178934072342j,0.9999973584811506-0.0011178934072342j,
5.137014e+00,0.9999973435230340-0.0011308510299222j,0.9999973435230340-0.0011308510299222j,
5.196557e+00,0.9999973282161454-0.0011439588456842j,0.9999973282161454-0.0011439588456842j,
5.256791e+00,0.9999973125523526-0.0011572185954186j,0.9999973125523526-0.0011572185954186j,
5.317723e+00,0.9999972965233340-0.0011706320402023j,0.9999972965233340-0.0011706320402023j,
5.379362e+00,0.9999972801205731-0.0011842009615250j,0.9999972801205731-0.0011842009615250j,
5.441714e+00,0.9999972633353564-0.0011979271615254j,0.9999972633353564-0.0011979271615254j,
5.504790e+00,0.9999972461587657-0.0012118124632309j,0.9999972461587657-0.0012118124632309j,
5.568596e+00,0.9999972285816758-0.0012258587107995j,0.9999972285816758-0.0012258587107995j,
5.633143e+00,0.9999972105947484-0.0012400677697648j,0.9999972105947484-0.0012400677697648j,
5.698437e+00,0.9999971921884276-0.0012544415272836j,0.9999971921884276-0.0012544415272836j,
5.764488e+00,0.9999971733529344-0.0012689818923868j,0.9999971733529344-0.0012689818923868j,
5.831305e+00,0.9999971540782622-0.0012836907962328j,0.9999971540782622-0.0012836907962328j,
5.898896e+00,0.9999971343541704-0.0012985701923638j,0.9999971343541704-0.0012985701923638j,
5.967271e+00,0.9999971141701808-0.0013136220569656j,0.9999971141701808-0.0013136220569656j,
6.036439e+00,0.9999970935155694-0.0013288483891297j,0.9999970935155694-0.0013288483891297j,
6.106408e+00,0.9999970723793629-0.0013442512111190j,0.9999970723793629-0.0013442512111190j,
6.177188e+00,0.9999970507503332-0.0013598325686364j,0.9999970507503332-0.0013598325686364j,
6.248788e+00,0.9999970286169884-0.0013755945310962j,0.9999970286169884-0.0013755945310962j,
6.321218e+00,0.9999970059675695-0.0013915391918994j,0.9999970059675695-0.0013915391918994j,
6.394488e+00,0.9999969827900442-0.0014076686687113j,0.9999969827900442-0.0014076686687113j,
6.468608e+00,0.9999969590720982-0.0014239851037428j,0.9999969590720982-0.0014239851037428j,
6.543586e+00,0.9999969348011309-0.0014404906640352j,0.9999969348011309-0.0014404906640352j,
6.619433e+00,0.9999969099642484-0.0014571875417475j,0.9999969099642484-0.0014571875417475j,
6.696160e+00,0.9999968845482540-0.0014740779544480j,0.9999968845482540-0.0014740779544480j,
6.773776e+00,0.9999968585396468-0.0014911641454087j,0.9999968585396468-0.0014911641454087j,
6.852292e+00,0.9999968319246079-0.0015084483839029j,0.9999968319246079-0.0015084483839029j,
6.931717e+00,0.9999968046889968-0.0015259329655068j,0.9999968046889968-0.0015259329655068j,
7.012064e+00,0.9999967768183452-0.0015436202124046j,0.9999967768183452-0.0015436202124046j,
7.093341e+00,0.9999967482978451-0.0015615124736965j,0.9999967482978451-0.0015615124736965j,
7.175561e+00,0.9999967191123449-0.0015796121257107j,0.9999967191123449-0.0015796121257107j,
7.258734e+00,0.9999966892463393-0.0015979215723193j,0.9999966892463393-0.0015979215723193j,
7.342870e+00,0.9999966586839605-0.0016164432452573j,0.9999966586839605-0.0016164432452573j,
7.427982e+00,0.9999966274089722-0.0016351796044456j,0.9999966274089722-0.0016351796044456j,
7.514081e+00,0.9999965954047577-0.0016541331383176j,0.9999965954047577-0.0016541331383176j,
7.601178e+00,0.9999965626543155-0.0016733063641498j,0.9999965626543155-0.0016733063641498j,
7.689284e+00,0.9999965291402447-0.0016927018283960j,0.9999965291402447-0.0016927018283960j,
7.778411e+00,0.9999964948447410-0.0017123221070256j,0.9999964948447410-0.0017123221070256j,
7.868572e+00,0.9999964597495841-0.0017321698058656j,0.9999964597495841-0.0017321698058656j,
7.959777e+00,0.9999964238361280-0.0017522475609465j,0.9999964238361280-0.0017522475609465j,
8.052040e+00,0.9999963870852938-0.0017725580388528j,0.9999963870852938-0.0017725580388528j,
8.145372e+00,0.9999963494775553-0.0017931039370766j,0.9999963494775553-0.0017931039370766j,
8.239786e+00,0.9999963109929345-0.0018138879843763j,0.9999963109929345-0.0018138879843763j,
8.335294e+00,0.9999962716109840-0.0018349129411386j,0.9999962716109840-0.0018349129411386j,
8.431909e+00,0.9999962313107812-0.0018561815997453j,0.9999962313107812-0.0018561815997453j,
8.529644e+00,0.9999961900709161-0.0018776967849442j,0.9999961900709161-0.0018776967849442j,
8.628513e+00,0.9999961478694793-0.0018994613542238j,0.9999961478694793-0.0018994613542238j,
8.728527e+00,0.9999961046840495-0.0019214781981933j,0.9999961046840495-0.0019214781981933j,
8.829700e+00,0.9999960604916835-0.0019437502409662j,0.9999960604916835-0.0019437502409662j,
8.932046e+00,0.9999960152689036-0.0019662804405485j,0.9999960152689036-0.0019662804405485j,
9.035578e+00,0.9999959689916837-0.0019890717892319j,0.9999959689916837-0.0019890717892319j,
9.140311e+00,0.9999959216354382-0.0020121273139906j,0.9999959216354382-0.0020121273139906j,
9.246257e+00,0.9999958731750072-0.0020354500768840j,0.9999958731750072-0.0020354500768840j,
9.353432e+00,0.9999958235846452-0.0020590431754625j,0.9999958235846452-0.0020590431754625j,
9.461848e+00,0.9999957728380067-0.0020829097431797j,0.9999957728380067-0.0020829097431797j,
9.571522e+00,0.9999957209081305-0.0021070529498077j,0.9999957209081305-0.0021070529498077j,
9.682466e+00,0.9999956677674282-0.0021314760018586j,0.9999956677674282-0.0021314760018586j,
9.794697e+00,0.9999956133876673-0.0021561821430102j,0.9999956133876673-0.0021561821430102j,
9.908228e+00,0.9999955577399572-0.0021811746545363j,0.9999955577399572-0.0021811746545363j,
1.002308e+01,0.9999955007947336-0.0022064568557433j,0.9999955007947336-0.0022064568557433j,
1.013925e+01,0.9999954425217424-0.0022320321044099j,0.9999954425217424-0.0022320321044099j,
1.025678e+01,0.9999953828900265-0.0022579037972341j,0.9999953828900265-0.0022579037972341j,
1.037567e+01,0.9999953218679029-0.0022840753702832j,0.9999953218679029-0.0022840753702832j,
1.049593e+01,0.9999952594229536-0.0023105502994511j,0.9999952594229536-0.0023105502994511j,
1.061759e+01,0.9999951955220028-0.0023373321009188j,0.9999951955220028-0.0023373321009188j,
1.074066e+01,0.9999951301311014-0.0023644243316224j,0.9999951301311014-0.0023644243316224j,
1.086516e+01,0.9999950632155088-0.0023918305897245j,0.9999950632155088-0.0023918305897245j,
1.099110e+01,0.9999949947396746-0.0024195545150927j,0.9999949947396746-0.0024195545150927j,
1.111850e+01,0.9999949246672196-0.0024475997897822j,0.9999949246672196-0.0024475997897822j,
1.124737e+01,0.9999948529609164-0.0024759701385257j,0.9999948529609164-0.0024759701385257j,
1.137774e+01,0.9999947795826680-0.0025046693292270j,0.9999947795826680-0.0025046693292270j,
1.150962e+01,0.9999947044934916-0.0025337011734620j,0.9999947044934916-0.0025337011734620j,
1.164303e+01,0.9999946276534941-0.0025630695269846j,0.9999946276534941-0.0025630695269846j,
1.177799e+01,0.9999945490218524-0.0025927782902385j,0.9999945490218524-0.0025927782902385j,
1.191451e+01,0.9999944685567911-0.0026228314088757j,0.9999944685567911-0.0026228314088757j,
1.205261e+01,0.9999943862155616-0.0026532328742796j,0.9999943862155616-0.0026532328742796j,
1.219231e+01,0.9999943019544181-0.0026839867240957j,0.9999943019544181-0.0026839867240957j,
1.233363e+01,0.9999942157285947-0.0027150970427673j,0.9999942157285947-0.0027150970427673j,
1.247660e+01,0.9999941274922822-0.0027465679620782j,0.9999941274922822-0.0027465679620782j,
1.262121e+01,0.9999940371986027-0.0027784036617008j,0.9999940371986027-0.0027784036617008j,
1.276751e+01,0.9999939447995855-0.0028106083697516j,0.9999939447995855-0.0028106083697516j,
1.291550e+01,0.9999938502461418-0.0028431863633524j,0.9999938502461418-0.0028431863633524j,
1.306520e+01,0.9999937534880372-0.0028761419691982j,0.9999937534880372-0.0028761419691982j,
1.321664e+01,0.9999936544738670-0.0029094795641316j,0.9999936544738670-0.0029094795641316j,
1.336984e+01,0.9999935531510277-0.0029432035757242j,0.9999935531510277-0.0029432035757242j,
1.352481e+01,0.9999934494656894-0.0029773184828640j,0.9999934494656894-0.0029773184828640j,
1.368158e+01,0.9999933433627659-0.0030118288163509j,0.9999933433627659-0.0030118288163509j,
1.384016e+01,0.9999932347858885-0.0030467391594973j,0.9999932347858885-0.0030467391594973j,
1.400058e+01,0.9999931236773726-0.0030820541487375j,0.9999931236773726-0.0030820541487375j,
1.416287e+01,0.9999930099781894-0.0031177784742426j,0.9999930099781894-0.0031177784742426j,
1.432703e+01,0.9999928936279336-0.0031539168805438j,0.9999928936279336-0.0031539168805438j,
1.449310e+01,0.9999927745647914-0.0031904741671618j,0.9999927745647914-0.0031904741671618j,
1.466109e+01,0.9999926527255076-0.0032274551892445j,0.9999926527255076-0.0032274551892445j,
1.483103e+01,0.9999925280453523-0.0032648648582114j,0.9999925280453523-0.0032648648582114j,
1.500293e+01,0.9999924004580862-0.0033027081424055j,0.9999924004580862-0.0033027081424055j,
1.517683e+01,0.9999922698959259-0.0033409900677533j,0.9999922698959259-0.0033409900677533j,
1.535275e+01,0.9999921362895069-0.0033797157184318j,0.9999921362895069-0.0033797157184318j,
1.553071e+01,0.9999919995678477-0.0034188902375435j,0.9999919995678477-0.0034188902375435j,
1.571072e+01,0.9999918596583121-0.0034585188277996j,0.9999918596583121-0.0034585188277996j,
1.589283e+01,0.9999917164865696-0.0034986067522099j,0.9999917164865696-0.0034986067522099j,
1.607704e+01,0.9999915699765577-0.0035391593347825j,0.9999915699765577-0.0035391593347825j,
1.626340e+01,0.9999914200504380-0.0035801819612298j,0.9999914200504380-0.0035801819612298j,
1.645191e+01,0.9999912666285602-0.0036216800796840j,0.9999912666285602-0.0036216800796840j,
1.664260e+01,0.9999911096294153-0.0036636592014203j,0.9999911096294153-0.0036636592014203j,
1.683551e+01,0.9999909489695936-0.0037061249015882j,0.9999909489695936-0.0037061249015882j,
1.703065e+01,0.9999907845637407-0.0037490828199520j,0.9999907845637407-0.0037490828199520j,
1.722805e+01,0.9999906163245132-0.0037925386616394j,0.9999906163245132-0.0037925386616394j,
1.742775e+01,0.9999904441625291-0.0038364981978988j,0.9999904441625291-0.0038364981978988j,
1.762975e+01,0.9999902679863247-0.0038809672668656j,0.9999902679863247-0.0038809672668656j,
1.783410e+01,0.9999900877023011-0.0039259517743368j,0.9999900877023011-0.0039259517743368j,
1.804082e+01,0.9999899032146795-0.0039714576945553j,0.9999899032146795-0.0039714576945553j,
1.824993e+01,0.9999897144254465-0.0040174910710031j,0.9999897144254465-0.0040174910710031j,
1.846147e+01,0.9999895212343032-0.0040640580172032j,0.9999895212343032-0.0040640580172032j,
1.867546e+01,0.9999893235386127-0.0041111647175310j,0.9999893235386127-0.0041111647175310j,
1.889193e+01,0.9999891212333453-0.0041588174280357j,0.9999891212333453-0.0041588174280357j,
1.911091e+01,0.9999889142110213-0.0042070224772705j,0.9999889142110213-0.0042070224772705j,
1.933242e+01,0.9999887023616560-0.0042557862671324j,0.9999887023616560-0.0042557862671324j,
1.955651e+01,0.9999884855726993-0.0043051152737123j,0.9999884855726993-0.0043051152737123j,
1.978319e+01,0.9999882637289775-0.0043550160481544j,0.9999882637289775-0.0043550160481544j,
2.001250e+01,0.9999880367126320-0.0044054952175255j,0.9999880367126320-0.0044054952175255j,
2.024447e+01,0.9999878044030551-0.0044565594856954j,0.9999878044030551-0.0044565594856954j,
2.047912e+01,0.9999875666768268-0.0045082156342256j,0.9999875666768268-0.0045082156342256j,
2.071650e+01,0.9999873234076503-0.0045604705232703j,0.9999873234076503-0.0045604705232703j,
2.095662e+01,0.9999870744662844-0.0046133310924864j,0.9999870744662844-0.0046133310924864j,
2.119953e+01,0.9999868197204732-0.0046668043619546j,0.9999868197204732-0.0046668043619546j,
2.144526e+01,0.9999865590348771-0.0047208974331113j,0.9999865590348771-0.0047208974331113j,
2.169384e+01,0.9999862922710020-0.0047756174896909j,0.9999862922710020-0.0047756174896909j,
2.194529e+01,0.9999860192871245-0.0048309717986791j,0.9999860192871245-0.0048309717986791j,
2.219966e+01,0.9999857399382147-0.0048869677112775j,0.9999857399382147-0.0048869677112775j,
2.245698e+01,0.9999854540758645-0.0049436126638791j,0.9999854540758645-0.0049436126638791j,
2.271728e+01,0.9999851615482024-0.0050009141790551j,0.9999851615482024-0.0050009141790551j,
2.298060e+01,0.9999848621998175-0.0050588798665532j,0.9999848621998175-0.0050588798665532j,
2.324697e+01,0.9999845558716757-0.0051175174243077j,0.9999845558716757-0.0051175174243077j,
2.351643e+01,0.9999842424010326-0.0051768346394603j,0.9999842424010326-0.0051768346394603j,
2.378901e+01,0.9999839216213515-0.0052368393893944j,0.9999839216213515-0.0052368393893944j,
2.406475e+01,0.9999835933622117-0.0052975396427794j,0.9999835933622117-0.0052975396427794j,
2.434369e+01,0.9999832574492187-0.0053589434606287j,0.9999832574492187-0.0053589434606287j,
2.462586e+01,0.9999829137039126-0.0054210589973693j,0.9999829137039126-0.0054210589973693j,
2.491130e+01,0.9999825619436719-0.0054838945019233j,0.9999825619436719-0.0054838945019233j,
2.520005e+01,0.9999822019816165-0.0055474583188027j,0.9999822019816165-0.0055474583188027j,
2.549215e+01,0.9999818336265103-0.0056117588892167j,0.9999818336265103-0.0056117588892167j,
2.578763e+01,0.9999814566826576-0.0056768047521913j,0.9999814566826576-0.0056768047521913j,
2.608654e+01,0.9999810709497990-0.0057426045457022j,0.9999810709497990-0.0057426045457022j,
2.638891e+01,0.9999806762230079-0.0058091670078213j,0.9999806762230079-0.0058091670078213j,
2.669478e+01,0.9999802722925775-0.0058765009778751j,0.9999802722925775-0.0058765009778751j,
2.700421e+01,0.9999798589439123-0.0059446153976182j,0.9999798589439123-0.0059446153976182j,
2.731722e+01,0.9999794359574136-0.0060135193124189j,0.9999794359574136-0.0060135193124189j,
2.763385e+01,0.9999790031083612-0.0060832218724592j,0.9999790031083612-0.0060832218724592j,
2.795416e+01,0.9999785601667976-0.0061537323339491j,0.9999785601667976-0.0061537323339491j,
2.827818e+01,0.9999781068974014-0.0062250600603535j,0.9999781068974014-0.0062250600603535j,
2.860596e+01,0.9999776430593648-0.0062972145236350j,0.9999776430593648-0.0062972145236350j,
2.893753e+01,0.9999771684062665-0.0063702053055100j,0.9999771684062665-0.0063702053055100j,
2.927295e+01,0.9999766826859384-0.0064440420987193j,0.9999766826859384-0.0064440420987193j,
2.961225e+01,0.9999761856403334-0.0065187347083141j,0.9999761856403334-0.0065187347083141j,
2.995549e+01,0.9999756770053875-0.0065942930529561j,0.9999756770053875-0.0065942930529561j,
3.030271e+01,0.9999751565108793-0.0066707271662330j,0.9999751565108793-0.0066707271662330j,
3.065395e+01,0.9999746238802885-0.0067480471979892j,0.9999746238802885-0.0067480471979892j,
3.100927e+01,0.9999740788306458-0.0068262634156719j,0.9999740788306458-0.0068262634156719j,
3.136870e+01,0.9999735210723845-0.0069053862056924j,0.9999735210723845-0.0069053862056924j,
3.173230e+01,0.9999729503091874-0.0069854260748034j,0.9999729503091874-0.0069854260748034j,
3.210011e+01,0.9999723662378267-0.0070663936514925j,0.9999723662378267-0.0070663936514925j,
3.247218e+01,0.9999717685480058-0.0071482996873912j,0.9999717685480058-0.0071482996873912j,
3.284857e+01,0.9999711569221931-0.0072311550587003j,0.9999711569221931-0.0072311550587003j,
3.322933e+01,0.9999705310354529-0.0073149707676325j,0.9999705310354529-0.0073149707676325j,
3.361449e+01,0.9999698905552727-0.0073997579438703j,0.9999698905552727-0.0073997579438703j,
3.400412e+01,0.9999692351413897-0.0074855278460420j,0.9999692351413897-0.0074855278460420j,
3.439826e+01,0.9999685644456053-0.0075722918632141j,0.9999685644456053-0.0075722918632141j,
3.479698e+01,0.9999678781116020-0.0076600615164009j,0.9999678781116020-0.0076600615164009j,
3.520031e+01,0.9999671757747567-0.0077488484600920j,0.9999671757747567-0.0077488484600920j,
3.560833e+01,0.9999664570619429-0.0078386644837966j,0.9999664570619429-0.0078386644837966j,
3.602107e+01,0.9999657215913347-0.0079295215136067j,0.9999657215913347-0.0079295215136067j,
3.643859e+01,0.9999649689722037-0.0080214316137772j,0.9999649689722037-0.0080214316137772j,
3.686095e+01,0.9999641988047114-0.0081144069883251j,0.9999641988047114-0.0081144069883251j,
3.728821e+01,0.9999634106796980-0.0082084599826469j,0.9999634106796980-0.0082084599826469j,
3.772042e+01,0.9999626041784605-0.0083036030851543j,0.9999626041784605-0.0083036030851543j,
3.815765e+01,0.9999617788725369-0.0083998489289289j,0.9999617788725369-0.0083998489289289j,
3.859994e+01,0.9999609343234733-0.0084972102933969j,0.9999609343234733-0.0084972102933969j,
3.904735e+01,0.9999600700825942-0.0085957001060213j,0.9999600700825942-0.0085957001060213j,
3.949995e+01,0.9999591856907624-0.0086953314440155j,0.9999591856907624-0.0086953314440155j,
3.995780e+01,0.9999582806781342-0.0087961175360750j,0.9999582806781342-0.0087961175360750j,
4.042096e+01,0.9999573545639137-0.0088980717641307j,0.9999573545639137-0.0088980717641307j,
4.088948e+01,0.9999564068560932-0.0090012076651206j,0.9999564068560932-0.0090012076651206j,
4.136344e+01,0.9999554370511936-0.0091055389327838j,0.9999554370511936-0.0091055389327838j,
4.184289e+01,0.9999544446339982-0.0092110794194733j,0.9999544446339982-0.0092110794194733j,
4.232789e+01,0.9999534290772756-0.0093178431379913j,0.9999534290772756-0.0093178431379913j,
4.281852e+01,0.9999523898415036-0.0094258442634447j,0.9999523898415036-0.0094258442634447j,
4.331483e+01,0.9999513263745796-0.0095350971351219j,0.9999513263745796-0.0095350971351219j,
4.381690e+01,0.9999502381115292-0.0096456162583919j,0.9999502381115292-0.0096456162583919j,
4.432479e+01,0.9999491244742047-0.0097574163066250j,0.9999491244742047-0.0097574163066250j,
4.483856e+01,0.9999479848709784-0.0098705121231347j,0.9999479848709784-0.0098705121231347j,
4.535829e+01,0.9999468186964297-0.0099849187231436j,0.9999468186964297-0.0099849187231436j,
4.588404e+01,0.9999456253310212-0.0101006512957704j,0.9999456253310212-0.0101006512957704j,
4.641589e+01,0.9999444041407709-0.0102177252060407j,0.9999444041407709-0.0102177252060407j,
4.695390e+01,0.9999431544769165-0.0103361559969207j,0.9999431544769165-0.0103361559969207j,
4.749815e+01,0.9999418756755674-0.0104559593913736j,0.9999418756755674-0.0104559593913736j,
4.804870e+01,0.9999405670573563-0.0105771512944411j,0.9999405670573563-0.0105771512944411j,
4.860564e+01,0.9999392279270747-0.0106997477953473j,0.9999392279270747-0.0106997477953473j,
4.916904e+01,0.9999378575733060-0.0108237651696278j,0.9999378575733060-0.0108237651696278j,
4.973896e+01,0.9999364552680469-0.0109492198812826j,0.9999364552680469-0.0109492198812826j,
5.031549e+01,0.9999350202663193-0.0110761285849543j,0.9999350202663193-0.0110761285849543j,
5.089870e+01,0.9999335518057774-0.0112045081281311j,0.9999335518057774-0.0112045081281311j,
5.148867e+01,0.9999320491062997-0.0113343755533745j,0.9999320491062997-0.0113343755533745j,
5.208549e+01,0.9999305113695778-0.0114657481005741j,0.9999305113695778-0.0114657481005741j,
5.268921e+01,0.9999289377786889-0.0115986432092262j,0.9999289377786889-0.0115986432092262j,
5.329994e+01,0.9999273274976652-0.0117330785207404j,0.9999273274976652-0.0117330785207404j,
5.391775e+01,0.9999256796710465-0.0118690718807717j,0.9999256796710465-0.0118690718807717j,
5.454271e+01,0.9999239934234293-0.0120066413415795j,0.9999239934234293-0.0120066413415795j,
5.517492e+01,0.9999222678589996-0.0121458051644136j,0.9999222678589996-0.0121458051644136j,
5.581446e+01,0.9999205020610574-0.0122865818219281j,0.9999205020610574-0.0122865818219281j,
5.646141e+01,0.9999186950915292-0.0124289900006217j,0.9999186950915292-0.0124289900006217j,
5.711586e+01,0.9999168459904724-0.0125730486033078j,0.9999168459904724-0.0125730486033078j,
5.777790e+01,0.9999149537755624-0.0127187767516110j,0.9999149537755624-0.0127187767516110j,
5.844761e+01,0.9999130174415710-0.0128661937884936j,0.9999130174415710-0.0128661937884936j,
5.912508e+01,0.9999110359598350-0.0130153192808101j,0.9999110359598350-0.0130153192808101j,
5.981041e+01,0.9999090082777082-0.0131661730218915j,0.9999090082777082-0.0131661730218915j,
6.050368e+01,0.9999069333180017-0.0133187750341593j,0.9999069333180017-0.0133187750341593j,
6.120498e+01,0.9999048099784127-0.0134731455717683j,0.9999048099784127-0.0134731455717683j,
6.191442e+01,0.9999026371309385-0.0136293051232810j,0.9999026371309385-0.0136293051232810j,
6.263207e+01,0.9999004136212779-0.0137872744143719j,0.9999004136212779-0.0137872744143719j,
6.335805e+01,0.9998981382682183-0.0139470744105626j,0.9998981382682183-0.0139470744105626j,
6.409244e+01,0.9998958098630064-0.0141087263199883j,0.9998958098630064-0.0141087263199883j,
6.483534e+01,0.9998934271687100-0.0142722515961960j,0.9998934271687100-0.0142722515961960j,
6.558686e+01,0.9998909889195562-0.0144376719409744j,0.9998909889195562-0.0144376719409744j,
6.634708e+01,0.9998884938202641-0.0146050093072164j,0.9998884938202641-0.0146050093072164j,
6.711612e+01,0.9998859405453515-0.0147742859018139j,0.9998859405453515-0.0147742859018139j,
6.789407e+01,0.9998833277384371-0.0149455241885858j,0.9998833277384371-0.0149455241885858j,
6.868104e+01,0.9998806540115152-0.0151187468912395j,0.9998806540115152-0.0151187468912395j,
6.947713e+01,0.9998779179442189-0.0152939769963657j,0.9998779179442189-0.0152939769963657j,
7.028244e+01,0.9998751180830697-0.0154712377564679j,0.9998751180830697-0.0154712377564679j,
7.109709e+01,0.9998722529407015-0.0156505526930258j,0.9998722529407015-0.0156505526930258j,
7.192119e+01,0.9998693209950720-0.0158319455995939j,0.9998693209950720-0.0158319455995939j,
7.275484e+01,0.9998663206886543-0.0160154405449355j,0.9998663206886543-0.0160154405449355j,
7.359814e+01,0.9998632504276106-0.0162010618761916j,0.9998632504276106-0.0162010618761916j,
7.445123e+01,0.9998601085809449-0.0163888342220870j,0.9998601085809449-0.0163888342220870j,
7.531420e+01,0.9998568934796365-0.0165787824961713j,0.9998568934796365-0.0165787824961713j,
7.618718e+01,0.9998536034157545-0.0167709319000982j,0.9998536034157545-0.0167709319000982j,
7.707027e+01,0.9998502366415497-0.0169653079269409j,0.9998502366415497-0.0169653079269409j,
7.796360e+01,0.9998467913685281-0.0171619363645458j,0.9998467913685281-0.0171619363645458j,
7.886729e+01,0.9998432657665002-0.0173608432989235j,0.9998432657665002-0.0173608432989235j,
7.978145e+01,0.9998396579626080-0.0175620551176791j,0.9998396579626080-0.0175620551176791j,
8.070620e+01,0.9998359660403321-0.0177655985134807j,0.9998359660403321-0.0177655985134807j,
8.164168e+01,0.9998321880384734-0.0179715004875672j,0.9998321880384734-0.0179715004875672j,
8.258799e+01,0.9998283219501115-0.0181797883532961j,0.9998283219501115-0.0181797883532961j,
8.354528e+01,0.9998243657215391-0.0183904897397310j,0.9998243657215391-0.0183904897397310j,
8.451366e+01,0.9998203172511716-0.0186036325952700j,0.9998203172511716-0.0186036325952700j,
8.549327e+01,0.9998161743884302-0.0188192451913147j,0.9998161743884302-0.0188192451913147j,
8.648423e+01,0.9998119349326020-0.0190373561259812j,0.9998119349326020-0.0190373561259812j,
8.748668e+01,0.9998075966316687-0.0192579943278517j,0.9998075966316687-0.0192579943278517j,
8.850075e+01,0.9998031571811136-0.0194811890597702j,0.9998031571811136-0.0194811890597702j,
8.952657e+01,0.9997986142226950-0.0197069699226791j,0.9997986142226950-0.0197069699226791j,
9.056428e+01,0.9997939653431968-0.0199353668595002j,0.9997939653431968-0.0199353668595002j,
9.161402e+01,0.9997892080731462-0.0201664101590588j,0.9997892080731462-0.0201664101590588j,
9.267593e+01,0.9997843398855001-0.0204001304600521j,0.9997843398855001-0.0204001304600521j,
9.375015e+01,0.9997793581943077-0.0206365587550620j,0.9997793581943077-0.0206365587550620j,
9.483682e+01,0.9997742603533351-0.0208757263946130j,0.9997742603533351-0.0208757263946130j,
9.593608e+01,0.9997690436546588-0.0211176650912756j,0.9997690436546588-0.0211176650912756j,
9.704809e+01,0.9997637053272309-0.0213624069238157j,0.9997637053272309-0.0213624069238157j,
9.817298e+01,0.9997582425354069-0.0216099843413901j,0.9997582425354069-0.0216099843413901j,
9.931092e+01,0.9997526523774387-0.0218604301677896j,0.9997526523774387-0.0218604301677896j,
1.004620e+02,0.9997469318839367-0.0221137776057287j,0.9997469318839367-0.0221137776057287j,
1.016265e+02,0.9997410780162902-0.0223700602411838j,0.9997410780162902-0.0223700602411838j,
1.028045e+02,0.9997350876650573-0.0226293120477795j,0.9997350876650573-0.0226293120477795j,
1.039961e+02,0.9997289576483123-0.0228915673912239j,0.9997289576483123-0.0228915673912239j,
1.052015e+02,0.9997226847099570-0.0231568610337930j,0.9997226847099570-0.0231568610337930j,
1.064209e+02,0.9997162655179923-0.0234252281388652j,0.9997162655179923-0.0234252281388652j,
1.076545e+02,0.9997096966627481-0.0236967042755062j,0.9997096966627481-0.0236967042755062j,
1.089023e+02,0.9997029746550761-0.0239713254231050j,0.9997029746550761-0.0239713254231050j,
1.101646e+02,0.9996960959244947-0.0242491279760602j,0.9996960959244947-0.0242491279760602j,
1.114415e+02,0.9996890568172956-0.0245301487485200j,0.9996890568172956-0.0245301487485200j,
1.127333e+02,0.9996818535946026-0.0248144249791726j,0.9996818535946026-0.0248144249791726j,
1.140400e+02,0.9996744824303894-0.0251019943360915j,0.9996744824303894-0.0251019943360915j,
1.153618e+02,0.9996669394094462-0.0253928949216327j,0.9996669394094462-0.0253928949216327j,
1.166990e+02,0.9996592205253044-0.0256871652773866j,0.9996592205253044-0.0256871652773866j,
1.180517e+02,0.9996513216781062-0.0259848443891845j,0.9996513216781062-0.0259848443891845j,
1.194200e+02,0.9996432386724333-0.0262859716921599j,0.9996432386724333-0.0262859716921599j,
1.208042e+02,0.9996349672150757-0.0265905870758654j,0.9996349672150757-0.0265905870758654j,
1.222045e+02,0.9996265029127561-0.0268987308894455j,0.9996265029127561-0.0268987308894455j,
1.236210e+02,0.9996178412697977-0.0272104439468668j,0.9996178412697977-0.0272104439468668j,
1.250539e+02,0.9996089776857373-0.0275257675322046j,0.9996089776857373-0.0275257675322046j,
1.265034e+02,0.9995999074528846-0.0278447434049873j,0.9995999074528846-0.0278447434049873j,
1.279697e+02,0.9995906257538244-0.0281674138055999j,0.9995906257538244-0.0281674138055999j,
1.294530e+02,0.9995811276588585-0.0284938214607451j,0.9995811276588585-0.0284938214607451j,
1.309535e+02,0.9995714081233915-0.0288240095889647j,0.9995714081233915-0.0288240095889647j,
1.324714e+02,0.9995614619852532-0.0291580219062206j,0.9995614619852532-0.0291580219062206j,
1.340069e+02,0.9995512839619598-0.0294959026315363j,0.9995512839619598-0.0294959026315363j,
1.355602e+02,0.9995408686479093-0.0298376964926993j,0.9995408686479093-0.0298376964926993j,
1.371315e+02,0.9995302105115162-0.0301834487320253j,0.9995302105115162-0.0301834487320253j,
1.387210e+02,0.9995193038922743-0.0305332051121844j,0.9995193038922743-0.0305332051121844j,
1.403289e+02,0.9995081429977528-0.0308870119220900j,0.9995081429977528-0.0308870119220900j,
1.419555e+02,0.9994967219005267-0.0312449159828511j,0.9994967219005267-0.0312449159828511j,
1.436009e+02,0.9994850345350286-0.0316069646537879j,0.9994850345350286-0.0316069646537879j,
1.452654e+02,0.9994730746943320-0.0319732058385127j,0.9994730746943320-0.0319732058385127j,
1.469492e+02,0.9994608360268595-0.0323436879910748j,0.9994608360268595-0.0323436879910748j,
1.486525e+02,0.9994483120330117-0.0327184601221709j,0.9994483120330117-0.0327184601221709j,
1.503755e+02,0.9994354960617204-0.0330975718054228j,0.9994354960617204-0.0330975718054228j,
1.521186e+02,0.9994223813069212-0.0334810731837198j,0.9994223813069212-0.0334810731837198j,
1.538818e+02,0.9994089608039423-0.0338690149756297j,0.9994089608039423-0.0338690149756297j,
1.556654e+02,0.9993952274258112-0.0342614484818770j,0.9993952274258112-0.0342614484818770j,
1.574698e+02,0.9993811738794726-0.0346584255918890j,0.9993811738794726-0.0346584255918890j,
1.592950e+02,0.9993667927019264-0.0350599987904116j,0.9993667927019264-0.0350599987904116j,
1.611414e+02,0.9993520762562614-0.0354662211641933j,0.9993520762562614-0.0354662211641933j,
1.630092e+02,0.9993370167276110-0.0358771464087400j,0.9993370167276110-0.0358771464087400j,
1.648987e+02,0.9993216061190087-0.0362928288351401j,0.9993216061190087-0.0362928288351401j,
1.668101e+02,0.9993058362471451-0.0367133233769601j,0.9993058362471451-0.0367133233769601j,
1.687436e+02,0.9992896987380305-0.0371386855972122j,0.9992896987380305-0.0371386855972122j,
1.706995e+02,0.9992731850225545-0.0375689716953938j,0.9992731850225545-0.0375689716953938j,
1.726781e+02,0.9992562863319426-0.0380042385145995j,0.9992562863319426-0.0380042385145995j,
1.746796e+02,0.9992389936931070-0.0384445435487064j,0.9992389936931070-0.0384445435487064j,
1.767044e+02,0.9992212979238896-0.0388899449496326j,0.9992212979238896-0.0388899449496326j,
1.787526e+02,0.9992031896281941-0.0393405015346706j,0.9992031896281941-0.0393405015346706j,
1.808245e+02,0.9991846591910067-0.0397962727938948j,0.9991846591910067-0.0397962727938948j,
1.829205e+02,0.9991656967732967-0.0402573188976437j,0.9991656967732967-0.0402573188976437j,
1.850407e+02,0.9991462923068043-0.0407237007040792j,0.9991462923068043-0.0407237007040792j,
1.871855e+02,0.9991264354887021-0.0411954797668204j,0.9991264354887021-0.0411954797668204j,
1.893552e+02,0.9991061157761366-0.0416727183426549j,0.9991061157761366-0.0416727183426549j,
1.915501e+02,0.9990853223806393-0.0421554793993274j,0.9990853223806393-0.0421554793993274j,
1.937703e+02,0.9990640442624107-0.0426438266234051j,0.9990640442624107-0.0426438266234051j,
1.960163e+02,0.9990422701244701-0.0431378244282214j,0.9990422701244701-0.0431378244282214j,
1.982884e+02,0.9990199884066698-0.0436375379618986j,0.9990199884066698-0.0436375379618986j,
2.005868e+02,0.9989971872795712-0.0441430331154483j,0.9989971872795712-0.0441430331154483j,
2.029118e+02,0.9989738546381751-0.0446543765309526j,0.9989738546381751-0.0446543765309526j,
2.052638e+02,0.9989499780955116-0.0451716356098233j,0.9989499780955116-0.0451716356098233j,
2.076430e+02,0.9989255449760779-0.0456948785211428j,0.9989255449760779-0.0456948785211428j,
2.100498e+02,0.9989005423091231-0.0462241742100841j,0.9989005423091231-0.0462241742100841j,
2.124845e+02,0.9988749568217797-0.0467595924064127j,0.9988749568217797-0.0467595924064127j,
2.149475e+02,0.9988487749320335-0.0473012036330693j,0.9988487749320335-0.0473012036330693j,
2.174389e+02,0.9988219827415299-0.0478490792148335j,0.9988219827415299-0.0478490792148335j,
2.199593e+02,0.9987945660282156-0.0484032912870699j,0.9987945660282156-0.0484032912870699j,
2.225089e+02,0.9987665102388090-0.0489639128045567j,0.9987665102388090-0.0489639128045567j,
2.250880e+02,0.9987378004810927-0.0495310175503955j,0.9987378004810927-0.0495310175503955j,
2.276970e+02,0.9987084215160307-0.0501046801450050j,0.9987084215160307-0.0501046801450050j,
2.303363e+02,0.9986783577497007-0.0506849760551968j,0.9986783577497007-0.0506849760551968j,
2.330061e+02,0.9986475932250408-0.0512719816033343j,0.9986475932250408-0.0512719816033343j,
2.357069e+02,0.9986161116134031-0.0518657739765757j,0.9986161116134031-0.0518657739765757j,
2.384390e+02,0.9985838962059131-0.0524664312361995j,0.9985838962059131-0.0524664312361995j,
2.412028e+02,0.9985509299046249-0.0530740323270139j,0.9985509299046249-0.0530740323270139j,
2.439986e+02,0.9985171952134785-0.0536886570868505j,0.9985171952134785-0.0536886570868505j,
2.468268e+02,0.9984826742290388-0.0543103862561406j,0.9984826742290388-0.0543103862561406j,
2.496878e+02,0.9984473486310257-0.0549393014875764j,0.9984473486310257-0.0549393014875764j,
2.525820e+02,0.9984111996726239-0.0555754853558555j,0.9984111996726239-0.0555754853558555j,
2.555097e+02,0.9983742081705661-0.0562190213675094j,0.9983742081705661-0.0562190213675094j,
2.584714e+02,0.9983363544949865-0.0568699939708160j,0.9983363544949865-0.0568699939708160j,
2.614673e+02,0.9982976185590415-0.0575284885657949j,0.9982976185590415-0.0575284885657949j,
2.644980e+02,0.9982579798082902-0.0581945915142878j,0.9982579798082902-0.0581945915142878j,
2.675638e+02,0.9982174172098225-0.0588683901501210j,0.9982174172098225-0.0588683901501210j,
2.706652e+02,0.9981759092411445-0.0595499727893515j,0.9981759092411445-0.0595499727893515j,
2.738025e+02,0.9981334338787993-0.0602394287405962j,0.9981334338787993-0.0602394287405962j,
2.769762e+02,0.9980899685867290-0.0609368483154442j,0.9980899685867290-0.0609368483154442j,
2.801867e+02,0.9980454903043654-0.0616423228389502j,0.9980454903043654-0.0616423228389502j,
2.834343e+02,0.9979999754344409-0.0623559446602111j,0.9979999754344409-0.0623559446602111j,
2.867196e+02,0.9979533998305269-0.0630778071630236j,0.9979533998305269-0.0630778071630236j,
2.900430e+02,0.9979057387842757-0.0638080047766224j,0.9979057387842757-0.0638080047766224j,
2.934050e+02,0.9978569670123697-0.0645466329865000j,0.9978569670123697-0.0645466329865000j,
2.968059e+02,0.9978070586431683-0.0652937883453049j,0.9978070586431683-0.0652937883453049j,
3.002462e+02,0.9977559872030476-0.0660495684838202j,0.9977559872030476-0.0660495684838202j,
3.037264e+02,0.9977037256024236-0.0668140721220200j,0.9977037256024236-0.0668140721220200j,
3.072469e+02,0.9976502461214484-0.0675873990802037j,0.9976502461214484-0.0675873990802037j,
3.108082e+02,0.9975955203953837-0.0683696502902068j,0.9975955203953837-0.0683696502902068j,
3.144108e+02,0.9975395193996289-0.0691609278066885j,0.9975395193996289-0.0691609278066885j,
3.180552e+02,0.9974822134344059-0.0699613348184921j,0.9974822134344059-0.0699613348184921j,
3.217418e+02,0.9974235721090920-0.0707709756600820j,0.9974235721090920-0.0707709756600820j,
3.254712e+02,0.9973635643261864-0.0715899558230504j,0.9973635643261864-0.0715899558230504j,
3.292437e+02,0.9973021582649135-0.0724183819676974j,0.9973021582649135-0.0724183819676974j,
3.330600e+02,0.9972393213644387-0.0732563619346803j,0.9972393213644387-0.0732563619346803j,
3.369206e+02,0.9971750203067056-0.0741040047567309j,0.9971750203067056-0.0741040047567309j,
3.408259e+02,0.9971092209988707-0.0749614206704410j,0.9971092209988707-0.0749614206704410j,
3.447764e+02,0.9970418885553357-0.0758287211281123j,0.9970418885553357-0.0758287211281123j,
3.487727e+02,0.9969729872793663-0.0767060188096706j,0.9969729872793663-0.0767060188096706j,
3.528154e+02,0.9969024806442839-0.0775934276346408j,0.9969024806442839-0.0775934276346408j,
3.569049e+02,0.9968303312742282-0.0784910627741834j,0.9968303312742282-0.0784910627741834j,
3.610419e+02,0.9967565009244701-0.0793990406631871j,0.9967565009244701-0.0793990406631871j,
3.652267e+02,0.9966809504612805-0.0803174790124184j,0.9966809504612805-0.0803174790124184j,
3.694601e+02,0.9966036398413229-0.0812464968207232j,0.9966036398413229-0.0812464968207232j,
3.737426e+02,0.9965245280905866-0.0821862143872805j,0.9965245280905866-0.0821862143872805j,
3.780747e+02,0.9964435732828185-0.0831367533239038j,0.9964435732828185-0.0831367533239038j,
3.824570e+02,0.9963607325174716-0.0840982365673877j,0.9963607325174716-0.0840982365673877j,
3.868901e+02,0.9962759618971402-0.0850707883918983j,0.9962759618971402-0.0850707883918983j,
3.913746e+02,0.9961892165044769-0.0860545344214021j,0.9961892165044769-0.0860545344214021j,
3.959110e+02,0.9961004503785797-0.0870496016421325j,0.9961004503785797-0.0870496016421325j,
4.005001e+02,0.9960096164908355-0.0880561184150886j,0.9960096164908355-0.0880561184150886j,
4.051423e+02,0.9959166667202086-0.0890742144885649j,0.9959166667202086-0.0890742144885649j,
4.098384e+02,0.9958215518279618-0.0901040210107054j,0.9958215518279618-0.0901040210107054j,
4.145888e+02,0.9957242214317975-0.0911456705420819j,0.9957242214317975-0.0911456705420819j,
4.193944e+02,0.9956246239794058-0.0921992970682889j,0.9956246239794058-0.0921992970682889j,
4.242556e+02,0.9955227067214010-0.0932650360125529j,0.9955227067214010-0.0932650360125529j,
4.291732e+02,0.9954184156836463-0.0943430242483516j,0.9954184156836463-0.0943430242483516j,
4.341478e+02,0.9953116956389331-0.0954334001120378j,0.9953116956389331-0.0954334001120378j,
4.391801e+02,0.9952024900780225-0.0965363034154628j,0.9952024900780225-0.0965363034154628j,
4.442707e+02,0.9950907411800104-0.0976518754585947j,0.9950907411800104-0.0976518754585947j,
4.494203e+02,0.9949763897820281-0.0987802590421277j,0.9949763897820281-0.0987802590421277j,
4.546295e+02,0.9948593753482372-0.0999215984800729j,0.9948593753482372-0.0999215984800729j,
4.598992e+02,0.9947396359381225-0.1010760396123298j,0.9947396359381225-0.1010760396123298j,
4.652300e+02,0.9946171081740556-0.1022437298172277j,0.9946171081740556-0.1022437298172277j,
4.706225e+02,0.9944917272081194-0.1034248180240345j,0.9944917272081194-0.1034248180240345j,
4.760775e+02,0.9943634266881733-0.1046194547254233j,0.9943634266881733-0.1046194547254233j,
4.815958e+02,0.9942321387231432-0.1058277919898923j,0.9942321387231432-0.1058277919898923j,
4.871780e+02,0.9940977938475176-0.1070499834741281j,0.9940977938475176-0.1070499834741281j,
4.928250e+02,0.9939603209850381-0.1082861844353079j,0.9939603209850381-0.1082861844353079j,
4.985373e+02,0.9938196474115553-0.1095365517433298j,0.9938196474115553-0.1095365517433298j,
5.043159e+02,0.9936756987170422-0.1108012438929654j,0.9936756987170422-0.1108012438929654j,
5.101615e+02,0.9935283987667431-0.1120804210159243j,0.9935283987667431-0.1120804210159243j,
5.160749e+02,0.9933776696614310-0.1133742448928227j,0.9933776696614310-0.1133742448928227j,
5.220568e+02,0.9932234316967679-0.1146828789650462j,0.9932234316967679-0.1146828789650462j,
5.281080e+02,0.9930656033217357-0.1160064883464976j,0.9930656033217357-0.1160064883464976j,
5.342293e+02,0.9929041010961235-0.1173452398352190j,0.9929041010961235-0.1173452398352190j,
5.404216e+02,0.9927388396470499-0.1186993019248779j,0.9927388396470499-0.1186993019248779j,
5.466857e+02,0.9925697316244950-0.1200688448161074j,0.9925697316244950-0.1200688448161074j,
5.530224e+02,0.9923966876558239-0.1214540404276865j,0.9923966876558239-0.1214540404276865j,
5.594326e+02,0.9922196162992818-0.1228550624075519j,0.9922196162992818-0.1228550624075519j,
5.659170e+02,0.9920384239964286-0.1242720861436260j,0.9920384239964286-0.1242720861436260j,
5.724766e+02,0.9918530150235009-0.1257052887744505j,0.9918530150235009-0.1257052887744505j,
5.791123e+02,0.9916632914416715-0.1271548491996110j,0.9916632914416715-0.1271548491996110j,
5.858248e+02,0.9914691530461811-0.1286209480899385j,0.9914691530461811-0.1286209480899385j,
5.926152e+02,0.9912704973143219-0.1301037678974750j,0.9912704973143219-0.1301037678974750j,
5.994843e+02,0.9910672193522454-0.1316034928651853j,0.9910672193522454-0.1316034928651853j,
6.064329e+02,0.9908592118405682-0.1331203090364034j,0.9908592118405682-0.1331203090364034j,
6.134622e+02,0.9906463649787512-0.1346544042639922j,0.9906463649787512-0.1346544042639922j,
6.205729e+02,0.9904285664282231-0.1362059682192048j,0.9904285664282231-0.1362059682192048j,
6.277660e+02,0.9902057012542235-0.1377751924002261j,0.9902057012542235-0.1377751924002261j,
6.350425e+02,0.9899776518663376-0.1393622701403778j,0.9899776518663376-0.1393622701403778j,
6.424034e+02,0.9897442979576889-0.1409673966159688j,0.9897442979576889-0.1409673966159688j,
6.498495e+02,0.9895055164427696-0.1425907688537690j,0.9895055164427696-0.1425907688537690j,
6.573820e+02,0.9892611813938714-0.1442325857380891j,0.9892611813938714-0.1442325857380891j,
6.650018e+02,0.9890111639760897-0.1458930480174421j,0.9890111639760897-0.1458930480174421j,
6.727099e+02,0.9887553323808741-0.1475723583107671j,0.9887553323808741-0.1475723583107671j,
6.805074e+02,0.9884935517580813-0.1492707211131907j,0.9884935517580813-0.1492707211131907j,
6.883952e+02,0.9882256841465169-0.1509883428013033j,0.9882256841465169-0.1509883428013033j,
6.963745e+02,0.9879515884029155-0.1527254316379250j,0.9879515884029155-0.1527254316379250j,
7.044462e+02,0.9876711201293383-0.1544821977763361j,0.9876711201293383-0.1544821977763361j,
7.126115e+02,0.9873841315989493-0.1562588532639464j,0.9873841315989493-0.1562588532639464j,
7.208715e+02,0.9870904716801314-0.1580556120453727j,0.9870904716801314-0.1580556120453727j,
7.292272e+02,0.9867899857589187-0.1598726899649002j,0.9867899857589187-0.1598726899649002j,
7.376798e+02,0.9864825156596952-0.1617103047682944j,0.9864825156596952-0.1617103047682944j,
7.462303e+02,0.9861678995641345-0.1635686761039362j,0.9861678995641345-0.1635686761039362j,
7.548799e+02,0.9858459719283327-0.1654480255232443j,0.9858459719283327-0.1654480255232443j,
7.636298e+02,0.9855165633981111-0.1673485764803564j,0.9855165633981111-0.1673485764803564j,
7.724811e+02,0.9851795007224304-0.1692705543310303j,0.9851795007224304-0.1692705543310303j,
7.814351e+02,0.9848346066648966-0.1712141863307342j,0.9848346066648966-0.1712141863307342j,
7.904928e+02,0.9844816999133005-0.1731797016318839j,0.9844816999133005-0.1731797016318839j,
7.996555e+02,0.9841205949871661-0.1751673312801942j,0.9841205949871661-0.1751673312801942j,
8.089243e+02,0.9837511021432513-0.1771773082101000j,0.9837511021432513-0.1771773082101000j,
8.183007e+02,0.9833730272789711-0.1792098672392102j,0.9833730272789711-0.1792098672392102j,
8.277857e+02,0.9829861718336869-0.1812652450617480j,0.9829861718336869-0.1812652450617480j,
8.373807e+02,0.9825903326878311-0.1833436802409364j,0.9825903326878311-0.1833436802409364j,
8.470868e+02,0.9821853020598129-0.1854454132002826j,0.9821853020598129-0.1854454132002826j,
8.569055e+02,0.9817708674006590-0.1875706862137107j,0.9817708674006590-0.1875706862137107j,
8.668380e+02,0.9813468112863512-0.1897197433944999j,0.9813468112863512-0.1897197433944999j,
8.768856e+02,0.9809129113078018-0.1918928306829705j,0.9809129113078018-0.1918928306829705j,
8.870497e+02,0.9804689399584285-0.1940901958328696j,0.9804689399584285-0.1940901958328696j,
8.973316e+02,0.9800146645192725-0.1963120883963995j,0.9800146645192725-0.1963120883963995j,
9.077327e+02,0.9795498469416133-0.1985587597078337j,0.9795498469416133-0.1985587597078337j,
9.182543e+02,0.9790742437270274-0.2008304628656600j,0.9790742437270274-0.2008304628656600j,
9.288979e+02,0.9785876058048398-0.2031274527131913j,0.9785876058048398-0.2031274527131913j,
9.396648e+02,0.9780896784069156-0.2054499858175811j,0.9780896784069156-0.2054499858175811j,
9.505566e+02,0.9775802009397359-0.2077983204471771j,0.9775802009397359-0.2077983204471771j,
9.615746e+02,0.9770589068537084-0.2101727165471483j,0.9770589068537084-0.2101727165471483j,
9.727203e+02,0.9765255235096467-0.2125734357133100j,0.9765255235096467-0.2125734357133100j,
9.839952e+02,0.9759797720423748-0.2150007411640812j,0.9759797720423748-0.2150007411640812j,
9.954008e+02,0.9754213672213892-0.2174548977104943j,0.9754213672213892-0.2174548977104943j,
1.006939e+03,0.9748500173085234-0.2199361717241805j,0.9748500173085234-0.2199361717241805j,
1.018610e+03,0.9742654239125551-0.2224448311032510j,0.9742654239125551-0.2224448311032510j,
1.030417e+03,0.9736672818406963-0.2249811452359909j,0.9736672818406963-0.2249811452359909j,
1.042361e+03,0.9730552789469014-0.2275453849622764j,0.9730552789469014-0.2275453849622764j,
1.054443e+03,0.9724290959769335-0.2301378225326310j,0.9724290959769335-0.2301378225326310j,
1.066665e+03,0.9717884064101276-0.2327587315648224j,0.9717884064101276-0.2327587315648224j,
1.079029e+03,0.9711328762977749-0.2354083869979071j,0.9711328762977749-0.2354083869979071j,
1.091536e+03,0.9704621640980776-0.2380870650436251j,0.9704621640980776-0.2380870650436251j,
1.104188e+03,0.9697759205075939-0.2407950431350347j,0.9697759205075939-0.2407950431350347j,
1.116987e+03,0.9690737882891134-0.2435325998722909j,0.9690737882891134-0.2435325998722909j,
1.129934e+03,0.9683554020958886-0.2463000149654460j,0.9683554020958886-0.2463000149654460j,
1.143031e+03,0.9676203882921579-0.2490975691741684j,0.9676203882921579-0.2490975691741684j,
1.156280e+03,0.9668683647698768-0.2519255442442511j,0.9668683647698768-0.2519255442442511j,
1.169683e+03,0.9660989407616013-0.2547842228407953j,0.9660989407616013-0.2547842228407953j,
1.183241e+03,0.9653117166494348-0.2576738884779384j,0.9653117166494348-0.2576738884779384j,
1.196956e+03,0.9645062837699735-0.2605948254449939j,0.9645062837699735-0.2605948254449939j,
1.210830e+03,0.9636822242151625-0.2635473187288668j,0.9636822242151625-0.2635473187288668j,
1.224865e+03,0.9628391106290011-0.2665316539326071j,0.9628391106290011-0.2665316539326071j,
1.239062e+03,0.9619765060000026-0.2695481171899493j,0.9619765060000026-0.2695481171899493j,
1.253424e+03,0.9610939634493377-0.2725969950756902j,0.9610939634493377-0.2725969950756902j,
1.267953e+03,0.9601910260145776-0.2756785745117455j,0.9601910260145776-0.2756785745117455j,
1.282650e+03,0.9592672264289545-0.2787931426687247j,0.9592672264289545-0.2787931426687247j,
1.297517e+03,0.9583220868960520-0.2819409868628509j,0.9583220868960520-0.2819409868628509j,
1.312557e+03,0.9573551188598465-0.2851223944480578j,0.9573551188598465-0.2851223944480578j,
1.327771e+03,0.9563658227700070-0.2883376527030757j,0.9563658227700070-0.2883376527030757j,
1.343161e+03,0.9553536878423667-0.2915870487133212j,0.9553536878423667-0.2915870487133212j,
1.358730e+03,0.9543181918144786-0.2948708692473959j,0.9543181918144786-0.2948708692473959j,
1.374479e+03,0.9532588006961600-0.2981894006279937j,0.9532588006961600-0.2981894006279937j,
1.390411e+03,0.9521749685149385-0.3015429285970026j,0.9521749685149385-0.3015429285970026j,
1.406527e+03,0.9510661370563003-0.3049317381745886j,0.9510661370563003-0.3049317381745886j,
1.422830e+03,0.9499317355986453-0.3083561135120313j,0.9499317355986453-0.3083561135120313j,
1.439323e+03,0.9487711806428605-0.3118163377380841j,0.9487711806428605-0.3118163377380841j,
1.456006e+03,0.9475838756363962-0.3153126927986087j,0.9475838756363962-0.3153126927986087j,
1.472883e+03,0.9463692106917624-0.3188454592892383j,0.9463692106917624-0.3188454592892383j,
1.489955e+03,0.9451265622993279-0.3224149162808035j,0.9451265622993279-0.3224149162808035j,
1.507225e+03,0.9438552930343301-0.3260213411372534j,0.9438552930343301-0.3260213411372534j,
1.524696e+03,0.9425547512579819-0.3296650093257877j,0.9425547512579819-0.3296650093257877j,
1.542369e+03,0.9412242708125685-0.3333461942189068j,0.9412242708125685-0.3333461942189068j,
1.560246e+03,0.9398631707104330-0.3370651668880788j,0.9398631707104330-0.3370651668880788j,
1.578331e+03,0.9384707548167258-0.3408221958887028j,0.9384707548167258-0.3408221958887028j,
1.596626e+03,0.9370463115258182-0.3446175470360456j,0.9370463115258182-0.3446175470360456j,
1.615133e+03,0.9355891134312533-0.3484514831718039j,0.9355891134312533-0.3484514831718039j,
1.633854e+03,0.9340984169891279-0.3523242639209442j,0.9340984169891279-0.3523242639209442j,
1.652792e+03,0.9325734621747737-0.3562361454384438j,0.9325734621747737-0.3562361454384438j,
1.671950e+03,0.9310134721326314-0.3601873801455555j,0.9310134721326314-0.3601873801455555j,
1.691330e+03,0.9294176528191773-0.3641782164551871j,0.9294176528191773-0.3641782164551871j,
1.710934e+03,0.9277851926387900-0.3682088984859894j,0.9277851926387900-0.3682088984859894j,
1.730766e+03,0.9261152620724242-0.3722796657647109j,0.9261152620724242-0.3722796657647109j,
1.750827e+03,0.9244070132989574-0.3763907529163679j,0.9244070132989574-0.3763907529163679j,
1.771121e+03,0.9226595798090835-0.3805423893417637j,0.9226595798090835-0.3805423893417637j,
1.791650e+03,0.9208720760116147-0.3847347988818587j,0.9208720760116147-0.3847347988818587j,
1.812418e+03,0.9190435968320552-0.3889681994684831j,0.9190435968320552-0.3889681994684831j,
1.833425e+03,0.9171732173033021-0.3932428027608535j,0.9171732173033021-0.3932428027608535j,
1.854677e+03,0.9152599921483431-0.3975588137673399j,0.9152599921483431-0.3975588137673399j,
1.876175e+03,0.9133029553547888-0.4019164304518909j,0.9133029553547888-0.4019164304518909j,
1.897922e+03,0.9113011197411127-0.4063158433245172j,0.9113011197411127-0.4063158433245172j,
1.919921e+03,0.9092534765144284-0.4107572350151865j,0.9092534765144284-0.4107572350151865j,
1.942175e+03,0.9071589948196719-0.4152407798304697j,0.9071589948196719-0.4152407798304697j,
1.964687e+03,0.9050166212800153-0.4197666432922351j,0.9050166212800153-0.4197666432922351j,
1.987460e+03,0.9028252795283760-0.4243349816576656j,0.9028252795283760-0.4243349816576656j,
2.010496e+03,0.9005838697298441-0.4289459414198264j,0.9005838697298441-0.4289459414198264j,
2.033800e+03,0.8982912680948770-0.4335996587879880j,0.8982912680948770-0.4335996587879880j,
2.057374e+03,0.8959463263831023-0.4382962591468587j,0.8959463263831023-0.4382962591468587j,
2.081222e+03,0.8935478713975538-0.4430358564938461j,0.8935478713975538-0.4430358564938461j,
2.105345e+03,0.8910947044691829-0.4478185528534218j,0.8910947044691829-0.4478185528534218j,
2.129749e+03,0.8885856009314835-0.4526444376676155j,0.8885856009314835-0.4526444376676155j,
2.154435e+03,0.8860193095850479-0.4575135871616191j,0.8860193095850479-0.4575135871616191j,
2.179407e+03,0.8833945521519071-0.4624260636834232j,0.8833945521519071-0.4624260636834232j,
2.204669e+03,0.8807100227194696-0.4673819150163597j,0.8807100227194696-0.4673819150163597j,
2.230223e+03,0.8779643871739081-0.4723811736633593j,0.8779643871739081-0.4723811736633593j,
2.256074e+03,0.8751562826228194-0.4774238561016731j,0.8751562826228194-0.4774238561016731j,
2.282224e+03,0.8722843168070049-0.4825099620067391j,0.8722843168070049-0.4825099620067391j,
2.308678e+03,0.8693470675012059-0.4876394734438050j,0.8693470675012059-0.4876394734438050j,
2.335438e+03,0.8663430819036489-0.4928123540258389j,0.8663430819036489-0.4928123540258389j,
2.362508e+03,0.8632708760142473-0.4980285480361839j,0.8632708760142473-0.4980285480361839j,
2.389893e+03,0.8601289340013255-0.5032879795143236j,0.8601289340013255-0.5032879795143236j,
2.417594e+03,0.8569157075567326-0.5085905513030330j,0.8569157075567326-0.5085905513030330j,
2.445617e+03,0.8536296152392293-0.5139361440550941j,0.8536296152392293-0.5139361440550941j,
2.473964e+03,0.8502690418060430-0.5193246151976517j,0.8502690418060430-0.5193246151976517j,
2.502640e+03,0.8468323375325024-0.5247557978521673j,0.8468323375325024-0.5247557978521673j,
2.531648e+03,0.8433178175196836-0.5302294997078246j,0.8433178175196836-0.5302294997078246j,
2.560993e+03,0.8397237609900216-0.5357455018460942j,0.8397237609900216-0.5357455018460942j,
2.590678e+03,0.8360484105708670-0.5413035575140516j,0.8360484105708670-0.5413035575140516j,
2.620707e+03,0.8322899715659978-0.5469033908438805j,0.8322899715659978-0.5469033908438805j,
2.651084e+03,0.8284466112151365-0.5525446955158571j,0.8284466112151365-0.5525446955158571j,
2.681813e+03,0.8245164579415578-0.5582271333619274j,0.8245164579415578-0.5582271333619274j,
2.712898e+03,0.8204976005879232-0.5639503329068423j,0.8204976005879232-0.5639503329068423j,
2.744343e+03,0.8163880876405319-0.5697138878436011j,0.8163880876405319-0.5697138878436011j,
2.776153e+03,0.8121859264422396-0.5755173554397740j,0.8121859264422396-0.5755173554397740j,
2.808332e+03,0.8078890823943746-0.5813602548710661j,0.8078890823943746-0.5813602548710661j,
2.840884e+03,0.8034954781480417-0.5872420654782373j,0.8034954781480417-0.5872420654782373j,
2.873813e+03,0.7990029927853273-0.5931622249432844j,0.7990029927853273-0.5931622249432844j,
2.907123e+03,0.7944094609909941-0.5991201273805100j,0.7944094609909941-0.5991201273805100j,
2.940820e+03,0.7897126722153902-0.6051151213378448j,0.7897126722153902-0.6051151213378448j,
2.974908e+03,0.7849103698294280-0.6111465077035020j,0.7849103698294280-0.6111465077035020j,
3.009390e+03,0.7800002502726331-0.6172135375127197j,0.7800002502726331-0.6172135375127197j,
3.044272e+03,0.7749799621954457-0.6233154096490434j,0.7749799621954457-0.6233154096490434j,
3.079559e+03,0.7698471055971399-0.6294512684342326j,0.7698471055971399-0.6294512684342326j,
3.115254e+03,0.7645992309609509-0.6356202011005172j,0.7645992309609509-0.6356202011005172j,
3.151363e+03,0.7592338383882343-0.6418212351385379j,0.7592338383882343-0.6418212351385379j,
3.187891e+03,0.7537483767337714-0.6480533355138837j,0.7537483767337714-0.6480533355138837j,
3.224842e+03,0.7481402427446232-0.6543154017447123j,0.7481402427446232-0.6543154017447123j,
3.262222e+03,0.7424067802052986-0.6606062648324587j,0.7424067802052986-0.6606062648324587j,
3.300035e+03,0.7365452790923704-0.6669246840371637j,0.7365452790923704-0.6669246840371637j,
3.338286e+03,0.7305529747421222-0.6732693434884260j,0.7305529747421222-0.6732693434884260j,
3.376980e+03,0.7244270470352769-0.6796388486224350j,0.7244270470352769-0.6796388486224350j,
3.416123e+03,0.7181646196034082-0.6860317224349766j,0.7181646196034082-0.6860317224349766j,
3.455720e+03,0.7117627590622269-0.6924464015397013j,0.7117627590622269-0.6924464015397013j,
3.495776e+03,0.7052184742776145-0.6988812320202996j,0.7052184742776145-0.6988812320202996j,
3.536296e+03,0.6985287156710166-0.7053344650645930j,0.6985287156710166-0.7053344650645930j,
3.577285e+03,0.6916903745716443-0.7118042523678433j,0.6916903745716443-0.7118042523678433j,
3.618750e+03,0.6847002826238513-0.7182886412918791j,0.6847002826238513-0.7182886412918791j,
3.660695e+03,0.6775552112590882-0.7247855697659001j,0.6775552112590882-0.7247855697659001j,
3.703127e+03,0.6702518712429737-0.7312928609140490j,0.6702518712429737-0.7312928609140490j,
3.746050e+03,0.6627869123092816-0.7378082173940602j,0.6627869123092816-0.7378082173940602j,
3.789471e+03,0.6551569228940651-0.7443292154305093j,0.6551569228940651-0.7443292154305093j,
3.833395e+03,0.6473584299846640-0.7508532985253450j,0.6473584299846640-0.7508532985253450j,
3.877828e+03,0.6393878991000936-0.7573777708275888j,0.6393878991000936-0.7573777708275888j,
3.922777e+03,0.6312417344211975-0.7638997901432666j,0.6312417344211975-0.7638997901432666j,
3.968246e+03,0.6229162790910361-0.7704163605658059j,0.6229162790910361-0.7704163605658059j,
4.014242e+03,0.6144078157083415-0.7769243247063677j,0.6144078157083415-0.7769243247063677j,
4.060772e+03,0.6057125670393804-0.7834203555028028j,0.6057125670393804-0.7834203555028028j,
4.107841e+03,0.5968266969764129-0.7899009475852203j,0.5968266969764129-0.7899009475852203j,
4.155455e+03,0.5877463117740276-0.7963624081755046j,0.5877463117740276-0.7963624081755046j,
4.203622e+03,0.5784674615980233-0.8028008474975564j,0.5784674615980233-0.8028008474975564j,
4.252346e+03,0.5689861424252749-0.8092121686745801j,0.5689861424252749-0.8092121686745801j,
4.301636e+03,0.5592982983370857-0.8155920570894426j,0.5592982983370857-0.8155920570894426j,
4.351497e+03,0.5493998242530379-0.8219359691839641j,0.5493998242530379-0.8219359691839641j,
4.401935e+03,0.5392865691572417-0.8282391206731089j,0.5392865691572417-0.8282391206731089j,
4.452959e+03,0.5289543398742408-0.8344964741503551j,0.5289543398742408-0.8344964741503551j,
4.504573e+03,0.5183989054576498-0.8407027260611808j,0.5183989054576498-0.8407027260611808j,
4.556786e+03,0.5076160022609519-0.8468522930226094j,0.5076160022609519-0.8468522930226094j,
4.609604e+03,0.4966013397667343-0.8529392974682357j,0.4966013397667343-0.8529392974682357j,
4.663035e+03,0.4853506072581100-0.8589575526001072j,0.4853506072581100-0.8589575526001072j,
4.717085e+03,0.4738594814240834-0.8649005466314454j,0.4738594814240834-0.8649005466314454j,
4.771761e+03,0.4621236349992854-0.8707614263074873j,0.4621236349992854-0.8707614263074873j,
4.827071e+03,0.4501387465477803-0.8765329796958662j,0.4501387465477803-0.8765329796958662j,
4.883022e+03,0.4379005115105862-0.8822076182430377j,0.4379005115105862-0.8822076182430377j,
4.939622e+03,0.4254046546471315-0.8877773580994809j,0.4254046546471315-0.8877773580994809j,
4.996877e+03,0.4126469440120869-0.8932338007238647j,0.4126469440120869-0.8932338007238647j,
5.054797e+03,0.3996232066208714-0.8985681127853388j,0.3996232066208714-0.8985681127853388j,
5.113388e+03,0.3863293459695338-0.9037710053936883j,0.3863293459695338-0.9037710053936883j,
5.172657e+03,0.3727613615876807-0.9088327126996179j,0.3727613615876807-0.9088327126996179j,
5.232614e+03,0.3589153708164708-0.9137429699220616j,0.3589153708164708-0.9137429699220616j,
5.293266e+03,0.3447876330173982-0.9184909908764679j,0.3447876330173982-0.9184909908764679j,
5.354621e+03,0.3303745764314183-0.9230654450977930j,0.3303745764314183-0.9230654450977930j,
5.416687e+03,0.3156728279217603-0.9274544346747078j,0.3156728279217603-0.9274544346747078j,
5.479472e+03,0.3006792458472404-0.9316454709376920j,0.3006792458472404-0.9316454709376920j,
5.542986e+03,0.2853909563257338-0.9356254511735602j,0.2853909563257338-0.9356254511735602j,
5.607235e+03,0.2698053931592629-0.9393806355729254j,0.2698053931592629-0.9393806355729254j,
5.672229e+03,0.2539203417024561-0.9428966246555291j,0.2539203417024561-0.9428966246555291j,
5.737976e+03,0.2377339869643023-0.9461583374616419j,0.2377339869643023-0.9461583374616419j,
5.804486e+03,0.2212449662385264-0.9491499908461674j,0.2212449662385264-0.9491499908461674j,
5.871766e+03,0.2044524265596558-0.9518550802661242j,0.2044524265596558-0.9518550802661242j,
5.939827e+03,0.1873560872790340-0.9542563625119534j,0.1873560872790340-0.9542563625119534j,
6.008676e+03,0.1699563080464915-0.9563358408989719j,0.1699563080464915-0.9563358408989719j,
6.078323e+03,0.1522541624678492-0.9580747535073073j,0.1522541624678492-0.9580747535073073j,
6.148778e+03,0.1342515176844227-0.9594535651367975j,0.1342515176844227-0.9594535651367975j,
6.220049e+03,0.1159511200865515-0.9604519637274439j,0.1159511200865515-0.9604519637274439j,
6.292146e+03,0.0973566873270787-0.9610488620856614j,0.0973566873270787-0.9610488620856614j,
6.365079e+03,0.0784730067405537-0.9612224058510257j,0.0784730067405537-0.9612224058510257j,
6.438857e+03,0.0593060401975878-0.9609499887364933j,0.0593060401975878-0.9609499887364933j,
6.513491e+03,0.0398630353288273-0.9602082761756152j,0.0398630353288273-0.9602082761756152j,
6.588990e+03,0.0201526429369922-0.9589732386111608j,0.0201526429369922-0.9589732386111608j,
6.665363e+03,0.0001850402758278-0.9572201957581853j,0.0001850402758278-0.9572201957581853j,
6.742622e+03,-0.0200279402908760-0.9549238732676874j,-0.0200279402908760-0.9549238732676874j,
6.820777e+03,-0.0404726779311252-0.9520584733005524j,-0.0404726779311252-0.9520584733005524j,
6.899837e+03,-0.0611336261929302-0.9485977605905356j,-0.0611336261929302-0.9485977605905356j,
6.979814e+03,-0.0819931732210003-0.9445151656238393j,-0.0819931732210003-0.9445151656238393j,
7.060718e+03,-0.1030315007935598-0.9397839065844560j,-0.1030315007935598-0.9397839065844560j,
7.142559e+03,-0.1242264439533393-0.9343771317011220j,-0.1242264439533393-0.9343771317011220j,
7.225349e+03,-0.1455533533606691-0.9282680835746356j,-0.1455533533606691-0.9282680835746356j,
7.309099e+03,-0.1669849628790281-0.9214302869537182j,-0.1669849628790281-0.9214302869537182j,
7.393820e+03,-0.1884912653094172-0.9138377612531959j,-0.1884912653094172-0.9138377612531959j,
7.479523e+03,-0.2100393996121551-0.9054652588592197j,-0.2100393996121551-0.9054652588592197j,
7.566219e+03,-0.2315935533829787-0.8962885299316875j,-0.2315935533829787-0.8962885299316875j,
7.653919e+03,-0.2531148847714205-0.8862846139837475j,-0.2531148847714205-0.8862846139837475j,
7.742637e+03,-0.2745614684264683-0.8754321579830616j,-0.2745614684264683-0.8754321579830616j,
7.832383e+03,-0.2958882704071376-0.8637117600725994j,-0.2958882704071376-0.8637117600725994j,
7.923169e+03,-0.3170471572797352-0.8511063372460582j,-0.3170471572797352-0.8511063372460582j,
8.015007e+03,-0.3379869448116082-0.8376015144351953j,-0.3379869448116082-0.8376015144351953j,
8.107910e+03,-0.3586534917328087-0.8231860314792072j,-0.3586534917328087-0.8231860314792072j,
8.201889e+03,-0.3789898439396570-0.8078521633627364j,-0.3789898439396570-0.8078521633627364j,
8.296959e+03,-0.3989364342246160-0.7915961479499247j,-0.3989364342246160-0.7915961479499247j,
8.393129e+03,-0.4184313421029604-0.7744186142371929j,-0.4184313421029604-0.7744186142371929j,
8.490415e+03,-0.4374106175396554-0.7563250029369442j,-0.4374106175396554-0.7563250029369442j,
8.588829e+03,-0.4558086713367940-0.7373259700380759j,-0.4558086713367940-0.7373259700380759j,
8.688383e+03,-0.4735587336092237-0.7174377629265410j,-0.4735587336092237-0.7174377629265410j,
8.789091e+03,-0.4905933801519587-0.6966825577579954j,-0.4905933801519587-0.6966825577579954j,
8.890966e+03,-0.5068451246018033-0.6750887461284889j,-0.5068451246018033-0.6750887461284889j,
8.994022e+03,-0.5222470721493487-0.6526911587644848j,-0.5222470721493487-0.6526911587644848j,
9.098273e+03,-0.5367336282189591-0.6295312140243449j,-0.5367336282189591-0.6295312140243449j,
9.203732e+03,-0.5502412530774706-0.6056569795366038j,-0.5502412530774706-0.6056569795366038j,
9.310413e+03,-0.5627092508522057-0.5811231363489008j,-0.5627092508522057-0.5811231363489008j,
9.418332e+03,-0.5740805790490293-0.5559908365582293j,-0.5740805790490293-0.5559908365582293j,
9.527500e+03,-0.5843026624896127-0.5303274475447532j,-0.5843026624896127-0.5303274475447532j,
9.637935e+03,-0.5933281937694062-0.5042061786126807j,-0.5933281937694062-0.5042061786126807j,
9.749649e+03,-0.6011159010093754-0.4777055889921102j,-0.6011159010093754-0.4777055889921102j,
9.862658e+03,-0.6076312629602322-0.4509089796784009j,-0.6076312629602322-0.4509089796784009j,
9.976978e+03,-0.6128471515217192-0.4239036753483228j,-0.6128471515217192-0.4239036753483228j,
1.009262e+04,-0.6167443825343002-0.3967802064330094j,-0.6167443825343002-0.3967802064330094j,
1.020961e+04,-0.6193121573187975-0.3696314051623783j,-0.6193121573187975-0.3696314051623783j,
1.032795e+04,-0.6205483798662477-0.3425514328291600j,-0.6205483798662477-0.3425514328291600j,
1.044766e+04,-0.6204598377501144-0.3156347584606444j,-0.6204598377501144-0.3156347584606444j,
1.056876e+04,-0.6190622386304695-0.2889751113563651j,-0.6190622386304695-0.2889751113563651j,
1.069126e+04,-0.6163800984842258-0.2626644314055950j,-0.6163800984842258-0.2626644314055950j,
1.081519e+04,-0.6124464822305468-0.2367918416374111j,-0.6124464822305468-0.2367918416374111j,
1.094055e+04,-0.6073026020067560-0.2114426670289804j,-0.6073026020067560-0.2114426670289804j,
1.106736e+04,-0.6009972827602197-0.1866975222126359j,-0.6009972827602197-0.1866975222126359j,
1.119564e+04,-0.5935863088373392-0.1626314884455245j,-0.5935863088373392-0.1626314884455245j,
1.132541e+04,-0.5851316686778603-0.1393133971564695j,-0.5851316686778603-0.1393133971564695j,
1.145669e+04,-0.5757007174052048-0.1168052337270795j,-0.5757007174052048-0.1168052337270795j,
1.158948e+04,-0.5653652789337598-0.0951616710933608j,-0.5653652789337598-0.0951616710933608j,
1.172382e+04,-0.5542007101384471-0.0744297384822969j,-0.5542007101384471-0.0744297384822969j,
1.185971e+04,-0.5422849496522578-0.0546486263382994j,-0.5422849496522578-0.0546486263382994j,
1.199718e+04,-0.5296975730273181-0.0358496244467390j,-0.5296975730273181-0.0358496244467390j,
1.213624e+04,-0.5165188744126388-0.0180561865992539j,-0.5165188744126388-0.0180561865992539j,
1.227691e+04,-0.5028289926992660-0.0012841120058278j,-0.5028289926992660-0.0012841120058278j,
1.241921e+04,-0.4887070974156589+0.0144581688622591j,-0.4887070974156589+0.0144581688622591j,
1.256317e+04,-0.4742306466869983+0.0291692181640264j,-0.4742306466869983+0.0291692181640264j,
1.270879e+04,-0.4594747264641537+0.0428541396478419j,-0.4594747264641537+0.0428541396478419j,
1.285610e+04,-0.4445114771314839+0.0555240685230339j,-0.4445114771314839+0.0555240685230339j,
1.300511e+04,-0.4294096106480095+0.0671956180034760j,-0.4294096106480095+0.0671956180034760j,
1.315586e+04,-0.4142340186693230+0.0778902976791578j,-0.4142340186693230+0.0778902976791578j,
1.330835e+04,-0.3990454697157976+0.0876339178453995j,-0.3990454697157976+0.0876339178453995j,
1.346261e+04,-0.3839003914463441+0.0964559925713398j,-0.3839003914463441+0.0964559925713398j,
1.361865e+04,-0.3688507324902163+0.1043891527205614j,-0.3688507324902163+0.1043891527205614j,
1.377651e+04,-0.3539438970832668+0.1114685784420573j,-0.3539438970832668+0.1114685784420573j,
1.393619e+04,-0.3392227449318960+0.1177314589137473j,-0.3392227449318960+0.1177314589137473j,
1.409773e+04,-0.3247256482556430+0.1232164854150095j,-0.3247256482556430+0.1232164854150095j,
1.426114e+04,-0.3104865977959740+0.1279633821864644j,-0.3104865977959740+0.1279633821864644j,
1.442644e+04,-0.2965353496767194+0.1320124780472900j,-0.2965353496767194+0.1320124780472900j,
1.459366e+04,-0.2828976053109854+0.1354043204117165j,-0.2828976053109854+0.1354043204117165j,
1.476281e+04,-0.2695952170213759+0.1381793321937226j,-0.2695952170213759+0.1381793321937226j,
1.493393e+04,-0.2566464126291180+0.1403775111185034j,-0.2566464126291180+0.1403775111185034j,
1.510703e+04,-0.2440660329319688+0.1420381701686170j,-0.2440660329319688+0.1420381701686170j,
1.528214e+04,-0.2318657766949048+0.1431997172728877j,-0.2318657766949048+0.1431997172728877j,
1.545928e+04,-0.2200544484917606+0.1438994718835457j,-0.2200544484917606+0.1438994718835457j,
1.563847e+04,-0.2086382054363685+0.1441735157650884j,-0.2086382054363685+0.1441735157650884j,
1.581973e+04,-0.1976207995101275+0.1440565751187479j,-0.1976207995101275+0.1440565751187479j,
1.600310e+04,-0.1870038128161275+0.1435819310706202j,-0.1870038128161275+0.1435819310706202j,
1.618860e+04,-0.1767868836593204+0.1427813555412353j,-0.1767868836593204+0.1427813555412353j,
1.637624e+04,-0.1669679218627811+0.1416850695725529j,-0.1669679218627811+0.1416850695725529j,
1.656606e+04,-0.1575433121799820+0.1403217212994324j,-0.1575433121799820+0.1403217212994324j,
1.675808e+04,-0.1485081050527048+0.1387183809027363j,-0.1485081050527048+0.1387183809027363j,
1.695232e+04,-0.1398561942960443+0.1369005500583896j,-0.1398561942960443+0.1369005500583896j,
1.714882e+04,-0.1315804815695089+0.1348921835908482j,-0.1315804815695089+0.1348921835908482j,
1.734759e+04,-0.1236730277209075+0.1327157212421418j,-0.1236730277209075+0.1327157212421418j,
1.754867e+04,-0.1161251912724260+0.1303921276722889j,-0.1161251912724260+0.1303921276722889j,
1.775208e+04,-0.1089277544611251+0.1279409390081649j,-0.1089277544611251+0.1279409390081649j,
1.795785e+04,-0.1020710373540839+0.1253803144518984j,-0.1020710373540839+0.1253803144518984j,
1.816600e+04,-0.0955450006364346+0.1227270916437309j,-0.0955450006364346+0.1227270916437309j,
1.837656e+04,-0.0893393377231479+0.1199968446460643j,-0.0893393377231479+0.1199968446460643j,
1.858957e+04,-0.0834435568768181+0.1172039435739761j,-0.0834435568768181+0.1172039435739761j,
1.880504e+04,-0.0778470540276612+0.1143616150422382j,-0.0778470540276612+0.1143616150422382j,
1.902301e+04,-0.0725391769918162+0.1114820027297436j,-0.0725391769918162+0.1114820027297436j,
1.924351e+04,-0.0675092817727844+0.1085762274794975j,-0.0675092817727844+0.1085762274794975j,
1.946656e+04,-0.0627467816109988+0.1056544464565079j,-0.0627467816109988+0.1056544464565079j,
1.969220e+04,-0.0582411894202353+0.1027259109777332j,-0.0582411894202353+0.1027259109777332j,
1.992046e+04,-0.0539821542187009+0.0997990227085505j,-0.0539821542187009+0.0997990227085505j,
2.015136e+04,-0.0499594921286697+0.0968813879899209j,-0.0499594921286697+0.0968813879899209j,
2.038493e+04,-0.0461632124827328+0.0939798701204669j,-0.0461632124827328+0.0939798701204669j,
2.062122e+04,-0.0425835395380820+0.0911006394689949j,-0.0425835395380820+0.0911006394689949j,
2.086024e+04,-0.0392109302635625+0.0882492213364843j,-0.0392109302635625+0.0882492213364843j,
2.110203e+04,-0.0360360886281311+0.0854305415231091j,-0.0360360886281311+0.0854305415231091j,
2.134663e+04,-0.0330499767843014+0.0826489695862539j,-0.0330499767843014+0.0826489695862539j,
2.159406e+04,-0.0302438235065143+0.0799083598005027j,-0.0302438235065143+0.0799083598005027j,
2.184436e+04,-0.0276091302123634+0.0772120898508968j,-0.0276091302123634+0.0772120898508968j,
2.209756e+04,-0.0251376748644139+0.0745630973070215j,-0.0251376748644139+0.0745630973070215j,
2.235370e+04,-0.0228215140220446+0.0719639139382347j,-0.0228215140220446+0.0719639139382347j,
2.261280e+04,-0.0206529832863865+0.0694166979401207j,-0.0206529832863865+0.0694166979401207j,
2.287491e+04,-0.0186246963569894+0.0669232641494806j,-0.0186246963569894+0.0669232641494806j,
2.314005e+04,-0.0167295428963190+0.0644851123302517j,-0.0167295428963190+0.0644851123302517j,
2.340827e+04,-0.0149606853774749+0.0621034536160354j,-0.0149606853774749+0.0621034536160354j,
2.367960e+04,-0.0133115550715813+0.0597792351967104j,-0.0133115550715813+0.0597792351967104j,
2.395407e+04,-0.0117758473140182+0.0575131633371736j,-0.0117758473140182+0.0575131633371736j,
2.423173e+04,-0.0103475161729547+0.0553057248158237j,-0.0103475161729547+0.0553057248158237j,
2.451260e+04,-0.0090207686294038+0.0531572068691654j,-0.0090207686294038+0.0531572068691654j,
2.479673e+04,-0.0077900583651458+0.0510677157270444j,-0.0077900583651458+0.0510677157270444j,
2.508415e+04,-0.0066500792432569+0.0490371938206600j,-0.0066500792432569+0.0490371938206600j,
2.537490e+04,-0.0055957585555338+0.0470654357427653j,-0.0055957585555338+0.0470654357427653j,
2.566903e+04,-0.0046222501017346+0.0451521030364595j,-0.0046222501017346+0.0451521030364595j,
2.596656e+04,-0.0037249271571548+0.0432967378857791j,-0.0037249271571548+0.0432967378857791j,
2.626754e+04,-0.0028993753775591+0.0414987757779867j,-0.0028993753775591+0.0414987757779867j,
2.657201e+04,-0.0021413856837919+0.0397575572040816j,-0.0021413856837919+0.0397575572040816j,
2.688001e+04,-0.0014469471624368+0.0380723384606737j,-0.0014469471624368+0.0380723384606737j,
2.719158e+04,-0.0008122400136019+0.0364423016130048j,-0.0008122400136019+0.0364423016130048j,
2.750676e+04,-0.0002336285722188+0.0348665636755957j,-0.0002336285722188+0.0348665636755957j,
2.782559e+04,0.0002923455749057+0.0333441850637765j,0.0002923455749057+0.0333441850637765j,
2.814812e+04,0.0007689703577103+0.0318741773662268j,0.0007689703577103+0.0318741773662268j,
2.847439e+04,0.0011993698618194+0.0304555104856386j,0.0011993698618194+0.0304555104856386j,
2.880444e+04,0.0015865108252882+0.0290871191917154j,0.0015865108252882+0.0290871191917154j,
2.913832e+04,0.0019332089831188+0.0277679091279530j,0.0019332089831188+0.0277679091279530j,
2.947606e+04,0.0022421352516885+0.0264967623110027j,0.0022421352516885+0.0264967623110027j,
2.981772e+04,0.0025158217471240+0.0252725421589127j,0.0025158217471240+0.0252725421589127j,
3.016334e+04,0.0027566676332994+0.0240940980821628j,0.0027566676332994+0.0240940980821628j,
3.051297e+04,0.0029669447965654+0.0229602696691609j,0.0029669447965654+0.0229602696691609j,
3.086665e+04,0.0031488033455426+0.0218698904957494j,0.0031488033455426+0.0218698904957494j,
3.122443e+04,0.0033042769353736+0.0208217915862719j,0.0033042769353736+0.0208217915862719j,
3.158635e+04,0.0034352879167288+0.0198148045518746j,0.0034352879167288+0.0198148045518746j,
3.195248e+04,0.0035436523106331+0.0188477644299553j,0.0035436523106331+0.0188477644299553j,
3.232284e+04,0.0036310846108288+0.0179195122470225j,0.0036310846108288+0.0179195122470225j,
3.269750e+04,0.0036992024159350+0.0170288973256783j,0.0036992024159350+0.0170288973256783j,
3.307650e+04,0.0037495308941199+0.0161747793549977j,0.0037495308941199+0.0161747793549977j,
3.345989e+04,0.0037835070833712+0.0153560302422238j,0.0037835070833712+0.0153560302422238j,
3.384773e+04,0.0038024840307559+0.0145715357624386j,0.0038024840307559+0.0145715357624386j,
3.424006e+04,0.0038077347742992+0.0138201970216938j,0.0038077347742992+0.0138201970216938j,
3.463694e+04,0.0038004561713008+0.0131009317479900j,0.0038004561713008+0.0131009317479900j,
3.503842e+04,0.0037817725770490+0.0124126754234730j,0.0037817725770490+0.0124126754234730j,
3.544456e+04,0.0037527393779931+0.0117543822702660j,0.0037527393779931+0.0117543822702660j,
3.585540e+04,0.0037143463835004+0.0111250261014706j,0.0037143463835004+0.0111250261014706j,
3.627100e+04,0.0036675210803656+0.0105236010480511j,0.0036675210803656+0.0105236010480511j,
3.669142e+04,0.0036131317542469+0.0099491221715488j,0.0036131317542469+0.0099491221715488j,
3.711672e+04,0.0035519904821982+0.0094006259718659j,0.0035519904821982+0.0094006259718659j,
3.754694e+04,0.0034848560004366+0.0088771707986954j,0.0034848560004366+0.0088771707986954j,
3.798215e+04,0.0034124364514435+0.0083778371745640j,0.0034124364514435+0.0083778371745640j,
3.842241e+04,0.0033353920144415+0.0079017280368822j,0.0033353920144415+0.0079017280368822j,
3.886777e+04,0.0032543374232235+0.0074479689058687j,0.0032543374232235+0.0074479689058687j,
3.931829e+04,0.0031698443752389+0.0070157079847266j,0.0031698443752389+0.0070157079847266j,
3.977403e+04,0.0030824438357566+0.0066041161979877j,0.0030824438357566+0.0066041161979877j,
4.023506e+04,0.0029926282408444+0.0062123871735250j,0.0029926282408444+0.0062123871735250j,
4.070142e+04,0.0029008536028100+0.0058397371733335j,0.0029008536028100+0.0058397371733335j,
4.117320e+04,0.0028075415216595+0.0054854049778185j,0.0028075415216595+0.0054854049778185j,
4.165044e+04,0.0027130811060316+0.0051486517279886j,0.0027130811060316+0.0051486517279886j,
4.213322e+04,0.0026178308069744+0.0048287607296369j,0.0026178308069744+0.0048287607296369j,
4.262159e+04,0.0025221201678310+0.0045250372233009j,0.0025221201678310+0.0045250372233009j,
4.311562e+04,0.0024262514934075+0.0042368081235167j,0.0024262514934075+0.0042368081235167j,
4.361538e+04,0.0023305014415007+0.0039634217306338j,0.0023305014415007+0.0039634217306338j,
4.412093e+04,0.0022351225397666+0.0037042474182178j,0.0022351225397666+0.0037042474182178j,
4.463234e+04,0.0021403446308224+0.0034586752988501j,0.0021403446308224+0.0034586752988501j,
4.514968e+04,0.0020463762483768+0.0032261158709307j,0.0020463762483768+0.0032261158709307j,
4.567301e+04,0.0019534059270992+0.0030059996488987j,0.0019534059270992+0.0030059996488987j,
4.620241e+04,0.0018616034488477+0.0027977767791081j,0.0018616034488477+0.0027977767791081j,
4.673795e+04,0.0017711210277908+0.0026009166434324j,0.0017711210277908+0.0026009166434324j,
4.727970e+04,0.0016820944368732+0.0024149074525169j,0.0016820944368732+0.0024149074525169j,
4.782772e+04,0.0015946440779965+0.0022392558304531j,0.0015946440779965+0.0022392558304531j,
4.838210e+04,0.0015088759982036+0.0020734863925184j,0.0015088759982036+0.0020734863925184j,
4.894290e+04,0.0014248828540811+0.0019171413174950j,0.0014248828540811+0.0019171413174950j,
4.951020e+04,0.0013427448265172+0.0017697799159684j,0.0013427448265172+0.0017697799159684j,
5.008408e+04,0.0012625304878807+0.0016309781958948j,0.0012625304878807+0.0016309781958948j,
5.066461e+04,0.0011842976236159+0.0015003284266250j,0.0011842976236159+0.0015003284266250j,
5.125187e+04,0.0011080940101807+0.0013774387024767j,0.0011080940101807+0.0013774387024767j,
5.184594e+04,0.0010339581511860+0.0012619325068566j,0.0010339581511860+0.0012619325068566j,
5.244689e+04,0.0009619199735344+0.0011534482778526j,0.0009619199735344+0.0011534482778526j,
5.305481e+04,0.0008920014852888+0.0010516389761335j,0.0008920014852888+0.0010516389761335j,
5.366977e+04,0.0008242173969460+0.0009561716559253j,0.0008242173969460+0.0009561716559253j,
5.429186e+04,0.0007585757077270+0.0008667270397591j,0.0007585757077270+0.0008667270397591j,
5.492116e+04,0.0006950782584421+0.0007829990976259j,0.0006950782584421+0.0007829990976259j,
5.555776e+04,0.0006337212524320+0.0007046946311083j,0.0006337212524320+0.0007046946311083j,
5.620174e+04,0.0005744957460331+0.0006315328630076j,0.0005744957460331+0.0006315328630076j,
5.685318e+04,0.0005173881099622+0.0005632450329260j,0.0005173881099622+0.0005632450329260j,
5.751217e+04,0.0004623804629680+0.0004995739992199j,0.0004623804629680+0.0004995739992199j,
5.817880e+04,0.0004094510790431+0.0004402738476874j,0.0004094510790431+0.0004402738476874j,
5.885316e+04,0.0003585747694484+0.0003851095073154j,0.0003585747694484+0.0003851095073154j,
5.953533e+04,0.0003097232407505+0.0003338563733661j,0.0003097232407505+0.0003338563733661j,
6.022541e+04,0.0002628654300312+0.0002862999380477j,0.0002628654300312+0.0002862999380477j,
6.092349e+04,0.0002179678183833+0.0002422354289767j,0.0002179678183833+0.0002422354289767j,
6.162966e+04,0.0001749947237650+0.0002014674556057j,0.0001749947237650+0.0002014674556057j,
6.234402e+04,0.0001339085742430+0.0001638096637620j,0.0001339085742430+0.0001638096637620j,
6.306666e+04,0.0000946701626179+0.0001290843984087j,0.0000946701626179+0.0001290843984087j,
6.379767e+04,0.0000572388833811+0.0000971223747184j,0.0000572388833811+0.0000971223747184j,
6.453715e+04,0.0000215729529215+0.0000677623575192j,0.0000215729529215+0.0000677623575192j,
6.528521e+04,-0.0000123703861418+0.0000408508491541j,-0.0000123703861418+0.0000408508491541j,
6.604194e+04,-0.0000446346756576+0.0000162417857700j,-0.0000446346756576+0.0000162417857700j,
6.680744e+04,-0.0000752640668614-0.0000062037579668j,-0.0000752640668614-0.0000062037579668j,
6.758181e+04,-0.0001043031587423-0.0000266178557484j,-0.0001043031587423-0.0000266178557484j,
6.836516e+04,-0.0001317968491122-0.0000451260081357j,-0.0001317968491122-0.0000451260081357j,
6.915759e+04,-0.0001577901976686-0.0000618474127551j,-0.0001577901976686-0.0000618474127551j,
6.995920e+04,-0.0001823283003689-0.0000768952262490j,-0.0001823283003689-0.0000768952262490j,
7.077011e+04,-0.0002054561744645-0.0000903768180613j,-0.0002054561744645-0.0000903768180613j,
7.159041e+04,-0.0002272186535730-0.0001023940161526j,-0.0002272186535730-0.0001023940161526j,
7.242022e+04,-0.0002476602921930-0.0001130433447465j,-0.0002476602921930-0.0001130433447465j,
7.325965e+04,-0.0002668252790928-0.0001224162542219j,-0.0002668252790928-0.0001224162542219j,
7.410882e+04,-0.0002847573590320-0.0001305993432748j,-0.0002847573590320-0.0001305993432748j,
7.496782e+04,-0.0003014997622980-0.0001376745734765j,-0.0003014997622980-0.0001376745734765j,
7.583678e+04,-0.0003170951415648-0.0001437194763690j,-0.0003170951415648-0.0001437194763690j,
7.671581e+04,-0.0003315855156054-0.0001488073532375j,-0.0003315855156054-0.0001488073532375j,
7.760503e+04,-0.0003450122194101-0.0001530074677104j,-0.0003450122194101-0.0001530074677104j,
7.850456e+04,-0.0003574158602867-0.0001563852313381j,-0.0003574158602867-0.0001563852313381j,
7.941452e+04,-0.0003688362795385-0.0001590023823085j,-0.0003688362795385-0.0001590023823085j,
8.033502e+04,-0.0003793125193374-0.0001609171574578j,-0.0003793125193374-0.0001609171574578j,
8.126619e+04,-0.0003888827944270-0.0001621844577404j,-0.0003888827944270-0.0001621844577404j,
8.220816e+04,-0.0003975844683121-0.0001628560073199j,-0.0003975844683121-0.0001628560073199j,
8.316104e+04,-0.0004054540336067-0.0001629805064492j,-0.0004054540336067-0.0001629805064492j,
8.412497e+04,-0.0004125270962323-0.0001626037783052j,-0.0004125270962323-0.0001626037783052j,
8.510007e+04,-0.0004188383631724-0.0001617689099447j,-0.0004188383631724-0.0001617689099447j,
8.608648e+04,-0.0004244216335078-0.0001605163875495j,-0.0004244216335078-0.0001605163875495j,
8.708431e+04,-0.0004293097924712-0.0001588842261275j,-0.0004293097924712-0.0001588842261275j,
8.809372e+04,-0.0004335348082740-0.0001569080938346j,-0.0004335348082740-0.0001569080938346j,
8.911482e+04,-0.0004371277314747-0.0001546214310832j,-0.0004371277314747-0.0001546214310832j,
9.014776e+04,-0.0004401186966686-0.0001520555646012j,-0.0004401186966686-0.0001520555646012j,
9.119268e+04,-0.0004425369262934-0.0001492398166024j,-0.0004425369262934-0.0001492398166024j,
9.224970e+04,-0.0004444107363586-0.0001462016092286j,-0.0004444107363586-0.0001462016092286j,
9.331898e+04,-0.0004457675439157-0.0001429665644220j,-0.0004457675439157-0.0001429665644220j,
9.440065e+04,-0.0004466338760996-0.0001395585993815j,-0.0004466338760996-0.0001395585993815j,
9.549486e+04,-0.0004470353805816-0.0001360000177584j,-0.0004470353805816-0.0001360000177584j,
9.660175e+04,-0.0004469968372852-0.0001323115967389j,-0.0004469968372852-0.0001323115967389j,
9.772147e+04,-0.0004465421712245-0.0001285126701632j,-0.0004465421712245-0.0001285126701632j,
9.885417e+04,-0.0004456944663359-0.0001246212078241j,-0.0004456944663359-0.0001246212078241j,
1.000000e+05,-0.0004444759801803-0.0001206538910870j,-0.0004444759801803-0.0001206538910870j,
