Frequency [Hz],Input whitening transfer function,Output whitening transfer function,
1.000000e-01,1.0000009999998909+0.0029999996666667j,1.0000999988889010+0.0299996666703703j,
1.011591e-01,1.0000010233164609+0.0030347729916122j,1.0001023304943164+0.0303473883113197j,
1.023317e-01,1.0000010471766974+0.0030699493777930j,1.0001047164635413+0.0306991401562635j,
1.035178e-01,1.0000010715932728+0.0031055334971273j,1.0001071580640932+0.0310549689100196j,
1.047177e-01,1.0000010965791581+0.0031415300756858j,1.0001096565930467+0.0314149218184245j,
1.059315e-01,1.0000011221476299+0.0031779438943193j,1.0001122133777081+0.0317790466745922j,
1.071593e-01,1.0000011483122684+0.0032147797892934j,1.0001148297763383+0.0321473918252454j,
1.084014e-01,1.0000011750869788+0.0032520426529313j,1.0001175071788548+0.0325200061771193j,
1.096579e-01,1.0000012024859828+0.0032897374342630j,1.0001202470075885+0.0328969392034398j,
1.109290e-01,1.0000012305238375+0.0033278691396831j,1.0001230507180257+0.0332782409504754j,
1.122148e-01,1.0000012592154377+0.0033664428336153j,1.0001259197995882+0.0336639620441658j,
1.135155e-01,1.0000012885760299+0.0034054636391853j,1.0001288557764241+0.0340541536968254j,
1.148312e-01,1.0000013186212087+0.0034449367389008j,1.0001318602082083+0.0344488677139251j,
1.161623e-01,1.0000013493669400+0.0034848673753404j,1.0001349346909869+0.0348481565009518j,
1.175087e-01,1.0000013808295538+0.0035252608518494j,1.0001380808580080+0.0352520730703467j,
1.188708e-01,1.0000014130257693+0.0035661225332442j,1.0001413003806032+0.0356606710485234j,
1.202486e-01,1.0000014459726909+0.0036074578465249j,1.0001445949690630+0.0360740046829673j,
1.216424e-01,1.0000014796878194+0.0036492722815960j,1.0001479663735555+0.0364921288494162j,
1.230524e-01,1.0000015141890710+0.0036915713919958j,1.0001514163850516+0.0369150990591230j,
1.244787e-01,1.0000015494947725+0.0037343607956333j,1.0001549468362718+0.0373429714662034j,
1.259216e-01,1.0000015856236821+0.0037776461755351j,1.0001585596026672+0.0377758028750666j,
1.273811e-01,1.0000016225949935+0.0038214332805995j,1.0001622566034101+0.0382136507479321j,
1.288576e-01,1.0000016604283513+0.0038657279263604j,1.0001660398024157+0.0386565732124328j,
1.303512e-01,1.0000016991438532+0.0039105359957596j,1.0001699112093849+0.0391046290693055j,
1.318621e-01,1.0000017387620641+0.0039558634399280j,1.0001738728808700+0.0395578778001697j,
1.333906e-01,1.0000017793040374+0.0040017162789759j,1.0001779269213671+0.0400163795753957j,
1.349367e-01,1.0000018207913115+0.0040481006027929j,1.0001820754844370+0.0404801952620632j,
1.365008e-01,1.0000018632459255+0.0040950225718563j,1.0001863207738424+0.0409493864320110j,
1.380830e-01,1.0000019066904375+0.0041424884180493j,1.0001906650447250+0.0414240153699796j,
1.396835e-01,1.0000019511479241+0.0041905044454889j,1.0001951106047979+0.0419041450818466j,
1.413026e-01,1.0000019966420073+0.0042390770313629j,1.0001996598155749+0.0423898393029571j,
1.429405e-01,1.0000020431968561+0.0042882126267770j,1.0002043150936188+0.0428811625065493j,
1.445973e-01,1.0000020908372047+0.0043379177576114j,1.0002090789118316+0.0433781799122772j,
1.462733e-01,1.0000021395883643+0.0043881990253876j,1.0002139538007668+0.0438809574948303j,
1.479688e-01,1.0000021894762305+0.0044390631081452j,1.0002189423499601+0.0443895619926530j,
1.496839e-01,1.0000022405273121+0.0044905167613287j,1.0002240472093291+0.0449040609167629j,
1.514189e-01,1.0000022927687304+0.0045425668186844j,1.0002292710905571+0.0454245225596708j,
1.531740e-01,1.0000023462282375+0.0045952201931687j,1.0002346167685410+0.0459510160044029j,
1.549495e-01,1.0000024009342372+0.0046484838778653j,1.0002400870828687+0.0464836111336259j,
1.567455e-01,1.0000024569157926+0.0047023649469148j,1.0002456849393280+0.0470223786388767j,
1.585624e-01,1.0000025142026452+0.0047568705564534j,1.0002514133114335+0.0475673900298977j,
1.604003e-01,1.0000025728252329+0.0048120079455639j,1.0002572752420296+0.0481187176440793j,
1.622595e-01,1.0000026328146951+0.0048677844372367j,1.0002632738448813+0.0486764346560096j,
1.641403e-01,1.0000026942029070+0.0049242074393425j,1.0002694123063485+0.0492406150871337j,
1.660429e-01,1.0000027570224823+0.0049812844456162j,1.0002756938870654+0.0498113338155236j,
1.679675e-01,1.0000028213067917+0.0050390230366519j,1.0002821219236750+0.0503886665857594j,
1.699144e-01,1.0000028870899911+0.0050974308809098j,1.0002886998305947+0.0509726900189234j,
1.718839e-01,1.0000029544070301+0.0051565157357346j,1.0002954311018435+0.0515634816227082j,
1.738762e-01,1.0000030232936705+0.0052162854483856j,1.0003023193128797+0.0521611198016406j,
1.758917e-01,1.0000030937865088+0.0052767479570791j,1.0003093681225153+0.0527656838674213j,
1.779304e-01,1.0000031659229993+0.0053379112920422j,1.0003165812748396+0.0533772540493837j,
1.799929e-01,1.0000032397414635+0.0053997835765798j,1.0003239626012235+0.0539959115050707j,
1.820792e-01,1.0000033152811216+0.0054623730281530j,1.0003315160223494+0.0546217383309328j,
1.841897e-01,1.0000033925821032+0.0055256879594706j,1.0003392455502862+0.0552548175731478j,
1.863246e-01,1.0000034716854813+0.0055897367795930j,1.0003471552906209+0.0558952332385638j,
1.884843e-01,1.0000035526332756+0.0056545279950489j,1.0003552494446417+0.0565430703057662j,
1.906691e-01,1.0000036354684951+0.0057200702109653j,1.0003635323115638+0.0571984147362719j,
1.928792e-01,1.0000037202351439+0.0057863721322097j,1.0003720082908192+0.0578613534858492j,
1.951148e-01,1.0000038069782615+0.0058534425645467j,1.0003806818843799+0.0585319745159672j,
1.973764e-01,1.0000038957439301+0.0059212904158073j,1.0003895576991564+0.0592103668053756j,
1.996642e-01,1.0000039865793084+0.0059899246970716j,1.0003986404494416+0.0598966203618149j,
2.019786e-01,1.0000040795326548+0.0060593545238657j,1.0004079349594015+0.0605908262338607j,
2.043197e-01,1.0000041746533519+0.0061295891173723j,1.0004174461656596+0.0612930765229015j,
2.066880e-01,1.0000042719919389+0.0062006378056553j,1.0004271791198907+0.0620034643952526j,
2.090838e-01,1.0000043716001255+0.0062725100248985j,1.0004371389915150+0.0627220840944076j,
2.115073e-01,1.0000044735308311+0.0063452153206586j,1.0004473310704451+0.0634490309534278j,
2.139589e-01,1.0000045778382098+0.0064187633491330j,1.0004577607698835+0.0641844014074727j,
2.164389e-01,1.0000046845776787+0.0064931638784425j,1.0004684336291998+0.0649282930064720j,
2.189477e-01,1.0000047938059407+0.0065684267899276j,1.0004793553168678+0.0656808044279405j,
2.214855e-01,1.0000049055810329+0.0066445620794618j,1.0004905316334796+0.0664420354899384j,
2.240528e-01,1.0000050199623320+0.0067215798587782j,1.0005019685148167+0.0672120871641774j,
2.266498e-01,1.0000051370106124+0.0067994903568129j,1.0005136720349999+0.0679910615892751j,
2.292769e-01,1.0000052567880537+0.0068783039210628j,1.0005256484097149+0.0687790620841590j,
2.319345e-01,1.0000053793582886+0.0069580310189606j,1.0005379039995077+0.0695761931616208j,
2.346229e-01,1.0000055047864400+0.0070386822392639j,1.0005504453131646+0.0703825605420243j,
2.373424e-01,1.0000056331391463+0.0071202682934619j,1.0005632790111587+0.0711982711671673j,
2.400935e-01,1.0000057644845928+0.0072028000171979j,1.0005764119091829+0.0720234332142989j,
2.428764e-01,1.0000058988925602+0.0072862883717080j,1.0005898509817737+0.0728581561102952j,
2.456916e-01,1.0000060364344581+0.0073707444452766j,1.0006036033660006+0.0737025505459936j,
2.485395e-01,1.0000061771833568+0.0074561794547095j,1.0006176763652572+0.0745567284906881j,
2.514203e-01,1.0000063212140358+0.0075426047468226j,1.0006320774531385+0.0754208032067874j,
2.543346e-01,1.0000064686030115+0.0076300317999493j,1.0006468142774008+0.0762948892646369j,
2.572826e-01,1.0000066194285910+0.0077184722254645j,1.0006618946640131+0.0771791025575071j,
2.602648e-01,1.0000067737708989+0.0078079377693269j,1.0006773266213216+0.0780735603167489j,
2.632815e-01,1.0000069317119387+0.0078984403136379j,1.0006931183442767+0.0789783811271195j,
2.663333e-01,1.0000070933356131+0.0079899918782207j,1.0007092782188050+0.0798936849422782j,
2.694204e-01,1.0000072587277966+0.0080826046222152j,1.0007258148262306+0.0808195931004556j,
2.725433e-01,1.0000074279763513+0.0081762908456936j,1.0007427369478439+0.0817562283402981j,
2.757023e-01,1.0000076011711982+0.0082710629912933j,1.0007600535695467+0.0827037148168877j,
2.788980e-01,1.0000077784043508+0.0083669336458692j,1.0007777738866270+0.0836621781179408j,
2.821308e-01,1.0000079597699632+0.0084639155421651j,1.0007959073086230+0.0846317452801870j,
2.854010e-01,1.0000081453643954+0.0085620215605045j,1.0008144634643177+0.0856125448059294j,
2.887091e-01,1.0000083352862461+0.0086612647305013j,1.0008334522068516+0.0866047066797889j,
2.920556e-01,1.0000085296364176+0.0087616582327894j,1.0008528836189274+0.0876083623856340j,
2.954408e-01,1.0000087285181589+0.0088632154007732j,1.0008727680181746+0.0886236449236979j,
2.988653e-01,1.0000089320371348+0.0089659497223983j,1.0008931159626044+0.0896506888278847j,
3.023295e-01,1.0000091403014668+0.0090698748419424j,1.0009139382562111+0.0906896301832671j,
3.058338e-01,1.0000093534218006+0.0091750045618268j,1.0009352459547056+0.0917406066437766j,
3.093788e-01,1.0000095715113595+0.0092813528444495j,1.0009570503713618+0.0928037574500894j,
3.129648e-01,1.0000097946860134+0.0093889338140391j,1.0009793630830206+0.0938792234477076j,
3.165924e-01,1.0000100230643199+0.0094977617585302j,1.0010021959362216+0.0949671471052410j,
3.202621e-01,1.0000102567676183+0.0096078511314609j,1.0010255610534848+0.0960676725328879j,
3.239743e-01,1.0000104959200655+0.0097192165538914j,1.0010494708397264+0.0971809455011196j,
3.277295e-01,1.0000107406487153+0.0098318728163459j,1.0010739379888385+0.0983071134595683j,
3.315282e-01,1.0000109910835882+0.0099458348807765j,1.0010989754904145+0.0994463255561227j,
3.353710e-01,1.0000112473577278+0.0100611178825495j,1.0011245966366253+0.1005987326562307j,
3.392583e-01,1.0000115096072921+0.0101777371324555j,1.0011508150292627+0.1017644873624135j,
3.431907e-01,1.0000117779715989+0.0102957081187420j,1.0011776445869440+0.1029437440339914j,
3.471687e-01,1.0000120525932292+0.0104150465091700j,1.0012050995524913+0.1041366588070239j,
3.511928e-01,1.0000123336180771+0.0105357681530946j,1.0012331945004593+0.1053433896144667j,
3.552635e-01,1.0000126211954470+0.0106578890835689j,1.0012619443448703+0.1065640962065459j,
3.593814e-01,1.0000129154781181+0.0107814255194733j,1.0012913643471055+0.1077989401713536j,
3.635470e-01,1.0000132166224311+0.0109063938676687j,1.0013214701239761+0.1090480849556647j,
3.677609e-01,1.0000135247883790+0.0110328107251748j,1.0013522776560109+0.1103116958859789j,
3.720237e-01,1.0000138401396814+0.0111606928813741j,1.0013838032959015+0.1115899401897878j,
3.763358e-01,1.0000141628438772+0.0112900573202406j,1.0014160637771674+0.1128829870170716j,
3.806980e-01,1.0000144930724026+0.0114209212225952j,1.0014490762230093+0.1141910074620249j,
3.851107e-01,1.0000148310007031+0.0115533019683865j,1.0014828581553736+0.1155141745850151j,
3.895746e-01,1.0000151768083114+0.0116872171389984j,1.0015174275042256+0.1168526634347756j,
3.940902e-01,1.0000155306789402+0.0118226845195843j,1.0015528026170379+0.1182066510708345j,
3.986581e-01,1.0000158928005920+0.0119597221014286j,1.0015890022685028+0.1195763165861816j,
4.032790e-01,1.0000162633656533+0.0120983480843351j,1.0016260456704575+0.1209618411301765j,
4.079535e-01,1.0000166425709907+0.0122385808790432j,1.0016639524820565+0.1223634079316980j,
4.126821e-01,1.0000170306180660+0.0123804391096723j,1.0017027428201679+0.1237812023225382j,
4.174655e-01,1.0000174277130363+0.0125239416161946j,1.0017424372700123+0.1252154117610426j,
4.223044e-01,1.0000178340668686+0.0126691074569359j,1.0017830568960555+0.1266662258559991j,
4.271994e-01,1.0000182498954402+0.0128159559111059j,1.0018246232531354+0.1281338363907761j,
4.321511e-01,1.0000186754196747+0.0129645064813580j,1.0018671583978822+0.1296184373477136j,
4.371602e-01,1.0000191108656367+0.0131147788963778j,1.0019106849003538+0.1311202249327682j,
4.422274e-01,1.0000195564646628+0.0132667931135028j,1.0019552258559923+0.1326393976004137j,
4.473533e-01,1.0000200124534899+0.0134205693213713j,1.0020008048978131+0.1341761560788007j,
4.525386e-01,1.0000204790743670+0.0135761279426031j,1.0020474462089020+0.1357307033951749j,
4.577841e-01,1.0000209565751987+0.0137334896365100j,1.0020951745352011+0.1373032449015578j,
4.630903e-01,1.0000214452096614+0.0138926753018387j,1.0021440151985814+0.1388939883006915j,
4.684580e-01,1.0000219452373535+0.0140537060795450j,1.0021939941102147+0.1405031436722479j,
4.738880e-01,1.0000224569239204+0.0142166033556000j,1.0022451377842714+0.1421309234993067j,
4.793808e-01,1.0000229805412086+0.0143813887638294j,1.0022974733519145+0.1437775426951011j,
4.849374e-01,1.0000235163673992+0.0145480841887850j,1.0023510285756458+0.1454432186300360j,
4.905584e-01,1.0000240646871550+0.0147167117686494j,1.0024058318639479+0.1471281711589780j,
4.962445e-01,1.0000246257917826+0.0148872938981753j,1.0024619122862912+0.1488326226488199j,
5.019965e-01,1.0000251999793779+0.0150598532316576j,1.0025192995884815+0.1505567980063224j,
5.078152e-01,1.0000257875549892+0.0152344126859407j,1.0025780242083542+0.1523009247062326j,
5.137014e-01,1.0000263888307721+0.0154109954434603j,1.0026381172918466+0.1540652328196830j,
5.196557e-01,1.0000270041261636+0.0155896249553205j,1.0026996107094277+0.1558499550428712j,
5.256791e-01,1.0000276337680525+0.0157703249444064j,1.0027625370729076+0.1576553267260223j,
5.317723e-01,1.0000282780909480+0.0159531194085330j,1.0028269297526489+0.1594815859026364j,
5.379362e-01,1.0000289374371487+0.0161380326236303j,1.0028928228951628+0.1613289733190208j,
5.441714e-01,1.0000296121569487+0.0163250891469652j,1.0029602514411131+0.1631977324641107j,
5.504790e-01,1.0000303026088009+0.0165143138204009j,1.0030292511437384+0.1650881095995775j,
5.568596e-01,1.0000310091595193+0.0167057317736941j,1.0030998585877029+0.1670003537902281j,
5.633143e-01,1.0000317321844658+0.0168993684278299j,1.0031721112083680+0.1689347169346948j,
5.698437e-01,1.0000324720677618+0.0170952494983960j,1.0032460473115332+0.1708914537964181j,
5.764488e-01,1.0000332292024776+0.0172934009989948j,1.0033217060935993+0.1728708220349234j,
5.831305e-01,1.0000340039908515+0.0174938492446968j,1.0033991276622292+0.1748730822373924j,
5.898896e-01,1.0000347968445027+0.0176966208555316j,1.0034783530574600+0.1768984979505306j,
5.967271e-01,1.0000356081846444+0.0179017427600218j,1.0035594242733161+0.1789473357127314j,
6.036439e-01,1.0000364384423097+0.0181092421987555j,1.0036423842799085+0.1810198650865388j,
6.106408e-01,1.0000372880585822+0.0183191467280021j,1.0037272770460621+0.1831163586914077j,
6.177188e-01,1.0000381574848358+0.0185314842233681j,1.0038141475624389+0.1852370922367644j,
6.248788e-01,1.0000390471829608+0.0187462828834970j,1.0039030418652057+0.1873823445553673j,
6.321218e-01,1.0000399576256189+0.0189635712338103j,1.0039940070602569+0.1895523976369675j,
6.394488e-01,1.0000408892964909+0.0191833781302931j,1.0040870913479694+0.1917475366622714j,
6.468608e-01,1.0000418426905444+0.0194057327633228j,1.0041823440485516+0.1939680500372042j,
6.543586e-01,1.0000428183142738+0.0196306646615422j,1.0042798156279584+0.1962142294274754j,
6.619433e-01,1.0000438166859915+0.0198582036957774j,1.0043795577244037+0.1984863697934466j,
6.696160e-01,1.0000448383360929+0.0200883800830013j,1.0044816231754936+0.2007847694253011j,
6.773776e-01,1.0000458838073385+0.0203212243903423j,1.0045860660459685+0.2031097299785151j,
6.852292e-01,1.0000469536551471+0.0205567675391400j,1.0046929416560815+0.2054615565096314j,
6.931717e-01,1.0000480484478782+0.0207950408090475j,1.0048023066106442+0.2078405575123342j,
7.012064e-01,1.0000491687671573+0.0210360758421809j,1.0049142188287234+0.2102470449538245j,
7.093341e-01,1.0000503152081581+0.0212799046473176j,1.0050287375740119+0.2126813343114972j,
7.175561e-01,1.0000514883799383+0.0215265596041418j,1.0051459234859212+0.2151437446099164j,
7.258734e-01,1.0000526889057539+0.0217760734675407j,1.0052658386113649+0.2176345984580906j,
7.342870e-01,1.0000539174233936+0.0220284793719487j,1.0053885464372723+0.2201542220870448j,
7.427982e-01,1.0000551745855102+0.0222838108357432j,1.0055141119238513+0.2227029453876900j,
7.514081e-01,1.0000564610599856+0.0225421017656904j,1.0056426015386073+0.2252811019489868j,
7.601178e-01,1.0000577775302606+0.0228033864614427j,1.0057740832911488+0.2278890290964035j,
7.689284e-01,1.0000591246957224+0.0230676996200882j,1.0059086267687789+0.2305270679306654j,
7.778411e-01,1.0000605032720529+0.0233350763407524j,1.0060463031728890+0.2331955633667935j,
7.868572e-01,1.0000619139916314+0.0236055521292537j,1.0061871853562252+0.2358948641734318j,
7.959777e-01,1.0000633576039029+0.0238791629028121j,1.0063313478609466+0.2386253230124588j,
8.052040e-01,1.0000648348757952+0.0241559449948124j,1.0064788669576021+0.2413872964788822j,
8.145372e-01,1.0000663465921118+0.0244359351596228j,1.0066298206849655+0.2441811451410129j,
8.239786e-01,1.0000678935559524+0.0247191705774687j,1.0067842888907830+0.2470072335809156j,
8.335294e-01,1.0000694765891485+0.0250056888593632j,1.0069423532734643+0.2498659304351329j,
8.431909e-01,1.0000710965326842+0.0252955280520939j,1.0071040974247047+0.2527576084356785j,
8.529644e-01,1.0000727542471566+0.0255887266432684j,1.0072696068730753+0.2556826444512967j,
8.628513e-01,1.0000744506132264+0.0258853235664167j,1.0074389691286303+0.2586414195289828j,
8.728527e-01,1.0000761865320857+0.0261853582061539j,1.0076122737284781+0.2616343189357612j,
8.829700e-01,1.0000779629259409+0.0264888704034010j,1.0077896122834460+0.2646617322007145j,
8.932046e-01,1.0000797807384973+0.0267959004606676j,1.0079710785257561+0.2677240531572612j,
9.035578e-01,1.0000816409354591+0.0271064891473939j,1.0081567683578108+0.2708216799856735j,
9.140311e-01,1.0000835445050562+0.0274206777053562j,1.0083467799020607+0.2739550152558325j,
9.246257e-01,1.0000854924585472+0.0277385078541328j,1.0085412135520233+0.2771244659702118j,
9.353432e-01,1.0000874858307771+0.0280600217966348j,1.0087401720244387+0.2803304436070843j,
9.461848e-01,1.0000895256807141+0.0283852622246992j,1.0089437604126186+0.2835733641639461j,
9.571522e-01,1.0000916130920121+0.0287142723247478j,1.0091520862409862+0.2868536482011482j,
9.682466e-01,1.0000937491735975+0.0290470957835103j,1.0093652595208535+0.2901717208857299j,
9.794697e-01,1.0000959350602461+0.0293837767938145j,1.0095833928074622+0.2935280120354444j,
9.908228e-01,1.0000981719131925+0.0297243600604418j,1.0098066012583100+0.2969229561629695j,
1.002308e+00,1.0001004609207467+0.0300688908060521j,1.0100350026927636+0.3003569925202929j,
1.013925e+00,1.0001028032989172+0.0304174147771753j,1.0102687176530569+0.3038305651432619j,
1.025678e+00,1.0001052002920705+0.0307699782502730j,1.0105078694666219+0.3073441228962913j,
1.037567e+00,1.0001076531735791+0.0311266280378697j,1.0107525843098522+0.3108981195172125j,
1.049593e+00,1.0001101632465090+0.0314874114947542j,1.0110029912732568+0.3144930136622582j,
1.061759e+00,1.0001127318443039+0.0318523765242535j,1.0112592224281194+0.3181292689511689j,
1.074066e+00,1.0001153603314883+0.0322215715845780j,1.0115214128946164+0.3218073540124071j,
1.086516e+00,1.0001180501044118+0.0325950456952407j,1.0117897009114731+0.3255277425284699j,
1.099110e+00,1.0001208025919741+0.0329728484435491j,1.0120642279071781+0.3292909132812824j,
1.111850e+00,1.0001236192563816+0.0333550299911736j,1.0123451385727869+0.3330973501976616j,
1.124737e+00,1.0001265015939431+0.0337416410807898j,1.0126325809363355+0.3369475423948323j,
1.137774e+00,1.0001294511358410+0.0341327330427985j,1.0129267064389378+0.3408419842259817j,
1.150962e+00,1.0001324694489622+0.0345283578021225j,1.0132276700125580+0.3447811753258353j,
1.164303e+00,1.0001355581367228+0.0349285678850820j,1.0135356301595042+0.3487656206562375j,
1.177799e+00,1.0001387188399189+0.0353334164263486j,1.0138507490337183+0.3527958305517185j,
1.191451e+00,1.0001419532376001+0.0357429571759798j,1.0141731925238364+0.3568723207650291j,
1.205261e+00,1.0001452630479637+0.0361572445065343j,1.0145031303381078+0.3609956125126240j,
1.219231e+00,1.0001486500292565+0.0365763334202692j,1.0148407360911804+0.3651662325200717j,
1.233363e+00,1.0001521159807254+0.0370002795564197j,1.0151861873928230+0.3693847130673733j,
1.247660e+00,1.0001556627435590+0.0374291391985628j,1.0155396659385705+0.3736515920341626j,
1.262121e+00,1.0001592922018752+0.0378629692820657j,1.0159013576024165+0.3779674129447690j,
1.276751e+00,1.0001630062837066+0.0383018274016195j,1.0162714525314929+0.3823327250131170j,
1.291550e+00,1.0001668069620440+0.0387457718188600j,1.0166501452428616+0.3867480831874363j,
1.306520e+00,1.0001706962558767+0.0391948614700753j,1.0170376347224295+0.3912140481947574j,
1.321664e+00,1.0001746762312482+0.0396491559740027j,1.0174341245260088+0.3957311865851653j,
1.336984e+00,1.0001787490023872+0.0401087156397149j,1.0178398228826193+0.4003000707757807j,
1.352481e+00,1.0001829167327951+0.0405736014745963j,1.0182549428000112+0.4049212790944431j,
1.368158e+00,1.0001871816364201+0.0410438751924119j,1.0186797021725216+0.4095953958230584j,
1.384016e+00,1.0001915459788187+0.0415195992214676j,1.0191143238912534+0.4143230112405860j,
1.400058e+00,1.0001960120783693+0.0420008367128650j,1.0195590359566644+0.4191047216656253j,
1.416287e+00,1.0002005823074906+0.0424876515488508j,1.0200140715935859+0.4239411294985714j,
1.432703e+00,1.0002052590939101+0.0429801083512614j,1.0204796693687470+0.4288328432633006j,
1.449310e+00,1.0002100449219551+0.0434782724900652j,1.0209560733108258+0.4337804776483493j,
1.466109e+00,1.0002149423338658+0.0439822100920020j,1.0214435330330858+0.4387846535475469j,
1.483103e+00,1.0002199539311469+0.0444919880493221j,1.0219423038586726+0.4438459981000606j,
1.500293e+00,1.0002250823759482+0.0450076740286248j,1.0224526469485831+0.4489651447298117j,
1.517683e+00,1.0002303303924869+0.0455293364797990j,1.0229748294323837+0.4541427331842175j,
1.535275e+00,1.0002357007684761+0.0460570446450657j,1.0235091245417358+0.4593794095722130j,
1.553071e+00,1.0002411963566242+0.0465908685681238j,1.0240558117467451+0.4646758264015062j,
1.571072e+00,1.0002468200761339+0.0471308791034011j,1.0246151768952494+0.4700326426150163j,
1.589283e+00,1.0002525749142652+0.0476771479254109j,1.0251875123550303+0.4754505236264429j,
1.607704e+00,1.0002584639279135+0.0482297475382156j,1.0257731171590834+0.4809301413549146j,
1.626340e+00,1.0002644902452271+0.0487887512849983j,1.0263722971539018+0.4864721742586615j,
1.645191e+00,1.0002706570672864+0.0493542333577445j,1.0269853651509457+0.4920773073676511j,
1.664260e+00,1.0002769676697874+0.0499262688070338j,1.0276126410812658+0.4977462323151328j,
1.683551e+00,1.0002834254047830+0.0505049335519434j,1.0282544521533676+0.5034796473680264j,
1.703065e+00,1.0002900337024698+0.0510903043900654j,1.0289111330144092+0.5092782574560895j,
1.722805e+00,1.0002967960730000+0.0516824590076377j,1.0295830259147252+0.5151427741998009j,
1.742775e+00,1.0003037161083501+0.0522814759897907j,1.0302704808758048+0.5210739159368887j,
1.762975e+00,1.0003107974842322+0.0528874348309115j,1.0309738558617347+0.5270724077474307j,
1.783410e+00,1.0003180439620305+0.0535004159451252j,1.0316935169541939+0.5331389814774573j,
1.804082e+00,1.0003254593908153+0.0541205006768965j,1.0324298385310602+0.5392743757609758j,
1.824993e+00,1.0003330477093773+0.0547477713117519j,1.0331832034486794+0.5454793360403390j,
1.846147e+00,1.0003408129483127+0.0553823110871238j,1.0339540032278762+0.5517546145848764j,
1.867546e+00,1.0003487592321800+0.0560242042033183j,1.0347426382437508+0.5581009705077006j,
1.889193e+00,1.0003568907816689+0.0566735358346079j,1.0355495179193408+0.5645191697806039j,
1.911091e+00,1.0003652119158595+0.0573303921404497j,1.0363750609232092+0.5710099852469509j,
1.933242e+00,1.0003737270544928+0.0579948602768322j,1.0372196953710162+0.5775741966324748j,
1.955651e+00,1.0003824407203457+0.0586670284077501j,1.0380838590311523+0.5842125905538778j,
1.978319e+00,1.0003913575416004+0.0593469857168100j,1.0389679995344743+0.5909259605251368j,
2.001250e+00,1.0004004822543244+0.0600348224189679j,1.0398725745882409+0.5977151069614081j,
2.024447e+00,1.0004098197049718+0.0607306297723993j,1.0407980521942903+0.6045808371804217j,
2.047912e+00,1.0004193748529620+0.0614345000905045j,1.0417449108715271+0.6115239654012589j,
2.071650e+00,1.0004291527733002+0.0621465267540501j,1.0427136398827930+0.6185453127403883j,
2.095662e+00,1.0004391586592885+0.0628668042234474j,1.0437047394661825+0.6256457072048510j,
2.119953e+00,1.0004493978252693+0.0635954280511705j,1.0447187210708755+0.6328259836824615j,
2.144526e+00,1.0004598757094438+0.0643324948943147j,1.0457561075975192+0.6400869839289055j,
2.169384e+00,1.0004705978767685+0.0650781025272967j,1.0468174336432803+0.6474295565515945j,
2.194529e+00,1.0004815700218970+0.0658323498546991j,1.0479032457515878+0.6548545569901474j,
2.219966e+00,1.0004927979722105+0.0665953369242590j,1.0490141026666340+0.6623628474933533j,
2.245698e+00,1.0005042876909034+0.0673671649400044j,1.0501505755927258+0.6699552970924739j,
2.271728e+00,1.0005160452801505+0.0681479362755377j,1.0513132484585164+0.6776327815707311j,
2.298060e+00,1.0005280769843417+0.0689377544874699j,1.0525027181861937+0.6853961834288296j,
2.324697e+00,1.0005403891934037+0.0697367243290056j,1.0537195949656954+0.6932463918463487j,
2.351643e+00,1.0005529884461737+0.0705449517636816j,1.0549645025339931+0.7011843026388435j,
2.378901e+00,1.0005658814338876+0.0713625439792595j,1.0562380784595113+0.7092108182104812j,
2.406475e+00,1.0005790750037153+0.0721896094017746j,1.0575409744317508+0.7173268475020379j,
2.434369e+00,1.0005925761624006+0.0730262577097435j,1.0588738565561577+0.7255333059340747j,
2.462586e+00,1.0006063920799715+0.0738725998485300j,1.0602374056542896+0.7338311153451058j,
2.491130e+00,1.0006205300935509+0.0747287480448733j,1.0616323175693552+0.7422212039245644j,
2.520005e+00,1.0006349977112432+0.0755948158215782j,1.0630593034771643+0.7507045061403698j,
2.549215e+00,1.0006498026161221+0.0764709180123710j,1.0645190902025252+0.7592819626608887j,
2.578763e+00,1.0006649526702951+0.0773571707769201j,1.0660124205411634+0.7679545202710807j,
2.608654e+00,1.0006804559190883+0.0782536916160266j,1.0675400535871926+0.7767231317826095j,
2.638891e+00,1.0006963205952975+0.0791605993869825j,1.0691027650661677+0.7855887559376955j,
2.669478e+00,1.0007125551235667+0.0800780143191024j,1.0707013476737970+0.7945523573064815j,
2.700421e+00,1.0007291681248471+0.0810060580294270j,1.0723366114203010+0.8036149061776686j,
2.731722e+00,1.0007461684209762+0.0819448535386025j,1.0740093839805009+0.8127773784421837j,
2.763385e+00,1.0007635650393460+0.0828945252869360j,1.0757205110496315+0.8220407554696224j,
2.795416e+00,1.0007813672177033+0.0838551991506306j,1.0774708567049078+0.8314060239772104j,
2.827818e+00,1.0007995844090321+0.0848270024582000j,1.0792613037729080+0.8408741758910167j,
2.860596e+00,1.0008182262865741+0.0858100640070651j,1.0810927542027198+0.8504462081991425j,
2.893753e+00,1.0008373027489572+0.0868045140803363j,1.0829661294449391+0.8601231227966097j,
2.927295e+00,1.0008568239254458+0.0878104844637795j,1.0848823708364836+0.8699059263216508j,
2.961225e+00,1.0008768001812971+0.0888281084629714j,1.0868424399912229+0.8797956299831117j,
2.995549e+00,1.0008972421232709+0.0898575209206440j,1.0888473191964678+0.8897932493786562j,
3.030271e+00,1.0009181606052433+0.0908988582342202j,1.0908980118152627+0.8998998043034578j,
3.065395e+00,1.0009395667339618+0.0919522583735436j,1.0929955426944815+0.9101163185490617j,
3.100927e+00,1.0009614718749287+0.0930178608988022j,1.0951409585787353+0.9204438196920814j,
3.136870e+00,1.0009838876584336+0.0940958069786513j,1.0973353285300291+0.9308833388723913j,
3.173230e+00,1.0010068259857015+0.0951862394085331j,1.0995797443531377+0.9414359105604690j,
3.210011e+00,1.0010302990352127+0.0962893026291995j,1.1018753210267036+0.9521025723135291j,
3.247218e+00,1.0010543192691532+0.0974051427454360j,1.1042231971399232+0.9628843645200809j,
3.284857e+00,1.0010788994400102+0.0985339075449922j,1.1066245353348592+0.9737823301325386j,
3.322933e+00,1.0011040525973343+0.0996757465177175j,1.1090805227542351+0.9847975143874966j,
3.361449e+00,1.0011297920946518+0.1008308108749066j,1.1115923714946838+0.9959309645132772j,
3.400412e+00,1.0011561315965434+0.1019992535688557j,1.1141613190653192+1.0071837294243486j,
3.439826e+00,1.0011830850858647+0.1031812293126306j,1.1167886288515891+1.0185568594021988j,
3.479698e+00,1.0012106668711809+0.1043768946000509j,1.1194755905842477+1.0300514057622494j,
3.520031e+00,1.0012388915943173+0.1055864077258891j,1.1222235208133586+1.0416684205063687j,
3.560833e+00,1.0012677742381246+0.1068099288062900j,1.1250337633871847+1.0534089559605557j,
3.602107e+00,1.0012973301344221+0.1080476197994096j,1.1279076899358138+1.0652740643973302j,
3.643859e+00,1.0013275749720982+0.1092996445262773j,1.1308467003593794+1.0772647976423853j,
3.686095e+00,1.0013585248054273+0.1105661686918825j,1.1338522233206927+1.0893822066650201j,
3.728821e+00,1.0013901960625713+0.1118473599064875j,1.1369257167420752+1.1016273411518795j,
3.772042e+00,1.0014226055542697+0.1131433877071697j,1.1400686683062382+1.1140012490635178j,
3.815765e+00,1.0014557704827372+0.1144544235795943j,1.1432825959609385+1.1265049761732764j,
3.859994e+00,1.0014897084507801+0.1157806409800190j,1.1465690484272031+1.1391395655879843j,
3.904735e+00,1.0015244374710974+0.1171222153575341j,1.1499296057108594+1.1519060572499504j,
3.949995e+00,1.0015599759758196+0.1184793241765390j,1.1533658796170947+1.1648054874197391j,
3.995780e+00,1.0015963428262680+0.1198521469394572j,1.1568795142677573+1.1778388881391815j,
4.042096e+00,1.0016335573229256+0.1212408652096923j,1.1604721866210799+1.1910072866740895j,
4.088948e+00,1.0016716392156457+0.1226456626348265j,1.1641456069934897+1.2043117049361214j,
4.136344e+00,1.0017106087141094+0.1240667249700632j,1.1679015195831575+1.2177531588832353j,
4.184289e+00,1.0017504864985050+0.1255042401019177j,1.1717417029949075+1.2313326578981736j,
4.232789e+00,1.0017912937304754+0.1269583980721546j,1.1756679707660513+1.2450512041443973j,
4.281852e+00,1.0018330520642991+0.1284293911019772j,1.1796821718927806+1.2589097918988950j,
4.331483e+00,1.0018757836583472+0.1299174136164693j,1.1837861913565870+1.2729094068612770j,
4.381690e+00,1.0019195111867951+0.1314226622692904j,1.1879819506503058+1.2870510254385632j,
4.432479e+00,1.0019642578516059+0.1329453359676289j,1.1922714083032027+1.3013356140050667j,
4.483856e+00,1.0020100473948084+0.1344856358974123j,1.1966565604046320+1.3157641281367667j,
4.535829e+00,1.0020569041110239+0.1360437655487787j,1.2011394411256227+1.3303375118195697j,
4.588404e+00,1.0021048528603274+0.1376199307418098j,1.2057221232378836+1.3450566966308366j,
4.641589e+00,1.0021539190813673+0.1392143396525281j,1.2104067186295087+1.3599226008935730j,
4.695390e+00,1.0022041288048111+0.1408272028391606j,1.2151953788167695+1.3749361288026589j,
4.749815e+00,1.0022555086670959+0.1424587332686691j,1.2200902954512927+1.3900981695225014j,
4.804870e+00,1.0023080859245006+0.1441091463435512j,1.2250937008218550+1.4054095962554891j,
4.860564e+00,1.0023618884675329+0.1457786599289121j,1.2302078683500532+1.4208712652806426j,
4.916904e+00,1.0024169448356659+0.1474674943798095j,1.2354351130790402+1.4364840149618223j,
4.973896e+00,1.0024732842323978+0.1491758725688737j,1.2407777921544483+1.4522486647249062j,
5.031549e+00,1.0025309365406709+0.1509040199142044j,1.2462383052966359+1.4681660140033082j,
5.089870e+00,1.0025899323386493+0.1526521644075448j,1.2518190952633148+1.4842368411512434j,
5.148867e+00,1.0026503029158427+0.1544205366427369j,1.2575226483016024+1.5004619023241372j,
5.208549e+00,1.0027120802896334+0.1562093698444578j,1.2633514945884272+1.5168419303255984j,
5.268921e+00,1.0027752972221560+0.1580188998972388j,1.2693082086582841+1.5333776334203622j,
5.329994e+00,1.0028399872375804+0.1598493653747695j,1.2753954098172073+1.5500696941126493j,
5.391775e+00,1.0029061846397944+0.1617010075694880j,1.2816157625417723+1.5669187678893803j,
5.454271e+00,1.0029739245304903+0.1635740705224588j,1.2879719768619680+1.5839254819277060j,
5.517492e+00,1.0030432428276690+0.1654688010535392j,1.2944668087266322+1.6010904337663290j,
5.581446e+00,1.0031141762845763+0.1673854487918366j,1.3011030603501990+1.6184141899401217j,
5.646141e+00,1.0031867625090722+0.1693242662064569j,1.3078835805393219+1.6358972845775483j,
5.711586e+00,1.0032610399834461+0.1712855086375460j,1.3148112649980366+1.6535402179604410j,
5.777790e+00,1.0033370480846830+0.1732694343276256j,1.3218890566099226+1.6713434550456960j,
5.844761e+00,1.0034148271052157+0.1752763044532230j,1.3291199456958065+1.6893074239484831j,
5.912508e+00,1.0034944182741352+0.1773063831567988j,1.3365069702453631+1.7074325143866043j,
5.981041e+00,1.0035758637789005+0.1793599375789699j,1.3440532161210168+1.7257190760856589j,
6.050368e+00,1.0036592067875389+0.1814372378910321j,1.3517618172324379+1.7441674171447190j,
6.120498e+00,1.0037444914713731+0.1835385573277800j,1.3596359556798721+1.7627778023622513j,
6.191442e+00,1.0038317630282538+0.1856641722206283j,1.3676788618644977+1.7815504515220784j,
6.263207e+00,1.0039210677063437+0.1878143620310309j,1.3758938145639252+1.8004855376392008j,
6.335805e+00,1.0040124528284284+0.1899894093842036j,1.3842841409709266+1.8195831851653761j,
6.409244e+00,1.0041059668168124+0.1921896001031458j,1.3928532166933678+1.8388434681543722j,
6.483534e+00,1.0042016592187561+0.1944152232429646j,1.4016044657133424+1.8582664083869123j,
6.558686e+00,1.0042995807325266+0.1966665711255010j,1.4105413603033181+1.8778519734553523j,
6.634708e+00,1.0043997832340281+0.1989439393742576j,1.4196674208971860+1.8976000748082231j,
6.711612e+00,1.0045023198040539+0.2012476269496287j,1.4289862159139499+1.9175105657548261j,
6.789407e+00,1.0046072447561514+0.2035779361844327j,1.4385013615317614+1.9375832394301571j,
6.868104e+00,1.0047146136651453+0.2059351728197447j,1.4482165214099361+1.9578178267205060j,
6.947713e+00,1.0048244833963000+0.2083196460410327j,1.4581354063565559+1.9782139941501589j,
7.028244e+00,1.0049369121351539+0.2107316685145929j,1.4682617739391972+1.9987713417297377j,
7.109709e+00,1.0050519594180365+0.2131715564242862j,1.4785994280362189+2.0194894007667830j,
7.192119e+00,1.0051696861632919+0.2156396295085741j,1.4891522183260744+2.0403676316392962j,
7.275484e+00,1.0052901547032125+0.2181362110978531j,1.4999240397119902+2.0614054215330748j,
7.359814e+00,1.0054134288166985+0.2206616281520865j,1.5109188316793389+2.0826020821437483j,
7.445123e+00,1.0055395737626718+0.2232162112987325j,1.5221405775829808+2.1039568473445800j,
7.531420e+00,1.0056686563142474+0.2258002948709675j,1.5335933038617835+2.1254688708211940j,
7.618718e+00,1.0058007447937012+0.2284142169462018j,1.5452810791775224+2.1471372236745134j,
7.707027e+00,1.0059359091082118+0.2310583193848873j,1.5572080134752930+2.1689608919933412j,
7.796360e+00,1.0060742207864433+0.2337329478696147j,1.5693782569625547+2.1909387743981541j,
7.886729e+00,1.0062157530159421+0.2364384519444965j,1.5817959990038801+2.2130696795577878j,
7.978145e+00,1.0063605806814024+0.2391751850548368j,1.5944654669284564+2.2353523236809121j,
8.070620e+00,1.0065087804038040+0.2419435045870809j,1.6073909247473868+2.2577853279842621j,
8.164168e+00,1.0066604305804212+0.2447437719090457j,1.6205766717777905+2.2803672161398332j,
8.258799e+00,1.0068156114257736+0.2475763524104249j,1.6340270411707341+2.3030964117033617j,
8.354528e+00,1.0069744050134855+0.2504416155435670j,1.6477463983399492+2.3259712355266084j,
8.451366e+00,1.0071368953191069+0.2533399348645231j,1.6617391392884038+2.3489899031561383j,
8.549327e+00,1.0073031682639080+0.2562716880743576j,1.6760096888296889+2.3721505222214700j,
8.648423e+00,1.0074733117596697+0.2592372570607213j,1.6905624987012899+2.3954510898156611j,
8.748668e+00,1.0076474157544855+0.2622370279396796j,1.7054020455667835+2.4188894898715922j,
8.850075e+00,1.0078255722796072+0.2652713910977925j,1.7205328289040782+2.4424634905374116j,
8.952657e+00,1.0080078754973592+0.2683407412344401j,1.7359593687768111+2.4661707415548006j,
9.056428e+00,1.0081944217501242+0.2714454774043888j,1.7516862034861305+2.4900087716439447j,
9.161402e+00,1.0083853096104516+0.2745860030605919j,1.7677178871000852+2.5139749858992917j,
9.267593e+00,1.0085806399322905+0.2777627260972195j,1.7840589868580121+2.5380666632004192j,
9.375015e+00,1.0087805159033909+0.2809760588929085j,1.8007140804473138+2.5622809536425253j,
9.483682e+00,1.0089850430988854+0.2842264183542287j,1.8176877531501390+2.5866148759913088j,
9.593608e+00,1.0091943295360686+0.2875142259593559j,1.8349845948576569+2.6110653151672252j,
9.704809e+00,1.0094084857304431+0.2908399078019440j,1.8526091969496630+2.6356290197643180j,
9.817298e+00,1.0096276247529890+0.2942038946351888j,1.8705661490374101+2.6603025996090874j,
9.931092e+00,1.0098518622887624+0.2976066219160735j,1.8888600355677774+2.6850825233650553j,
1.004620e+01,1.0100813166967839+0.3010485298497888j,1.9074954322869715+2.7099651161889580j,
1.016265e+01,1.0103161090712991+0.3045300634343142j,1.9264769025621931+2.7349465574446814j,
1.028045e+01,1.0105563633043815+0.3080516725051552j,1.9458089935599201+2.7600228784813461j,
1.039961e+01,1.0108022061499895+0.3116138117802206j,1.9654962322796052+2.7851899604821089j,
1.052015e+01,1.0110537672894111+0.3152169409048329j,1.9855431214419177+2.8104435323905346j,
1.064209e+01,1.0113111793982039+0.3188615244968560j,2.0059541352308408+2.8357791689215754j,
1.076545e+01,1.0115745782146384+0.3225480321919318j,2.0267337148892199+2.8611922886644252j,
1.089023e+01,1.0118441026096399+0.3262769386888089j,2.0478862641677020+2.8866781522847296j,
1.101646e+01,1.0121198946583423+0.3300487237947521j,2.0694161446272243+2.9122318608338298j,
1.114415e+01,1.0124020997131833+0.3338638724710171j,2.0913276707956285+2.9378483541729068j,
1.127333e+01,1.0126908664786782+0.3377228748783757j,2.1136251051792554+2.9635224095200976j,
1.140400e+01,1.0129863470878320+0.3416262264226763j,2.1363126531307861+2.9892486401288125j,
1.153618e+01,1.0132886971802595+0.3455744278004221j,2.1593944575749413+3.0150214941056368j,
1.166990e+01,1.0135980759820438+0.3495679850443500j,2.1828745935941045+3.0408352533763705j,
1.180517e+01,1.0139146463873541+0.3536074095689929j,2.2067570628763056+3.0666840328088756j,
1.194200e+01,1.0142385750418992+0.3576932182162059j,2.2310457880284638+3.0925617795015112j,
1.208042e+01,1.0145700324282032+0.3618259333006358j,2.2557446067582774+3.1184622722460498j,
1.222045e+01,1.0149091929527820+0.3660060826551162j,2.2808572659285655+3.1443791211740195j,
1.236210e+01,1.0152562350352383+0.3702341996759622j,2.3063874154884276+3.1703057675955053j,
1.250539e+01,1.0156113411993264+0.3745108233681469j,2.3323386022860291+3.1962354840394323j,
1.265034e+01,1.0159746981660156+0.3788364983903326j,2.3587142637684231+3.2221613745043953j,
1.279697e+01,1.0163464969486213+0.3832117750997341j,2.3855177215742973+3.2480763749290529j,
1.294530e+01,1.0167269329499895+0.3876372095967892j,2.4127521750261298+3.2739732538910760j,
1.309535e+01,1.0171162060618535+0.3921133637696071j,2.4404206945287825+3.2998446135435335j,
1.324714e+01,1.0175145207663316+0.3966408053381708j,2.4685262148821687+3.3256828907975229j,
1.340069e+01,1.0179220862396754+0.4012201078982605j,2.4970715285161740+3.3514803587596655j,
1.355602e+01,1.0183391164582503+0.4058518509650718j,2.5260592786566862+3.3772291284329556j,
1.371315e+01,1.0187658303068527+0.4105366200164950j,2.5554919524320923+3.4029211506891879j,
1.387210e+01,1.0192024516893738+0.4152750065360236j,2.5853718739302787+3.4285482185209695j,
1.403289e+01,1.0196492096418677+0.4200676080552585j,2.6157011972168069+3.4541019695810160j,
1.419555e+01,1.0201063384480644+0.4249150281959717j,2.6464818993254271+3.4795738890160939j,
1.436009e+01,1.0205740777573915+0.4298178767116939j,2.6777157732328405+3.5049553126026165j,
1.452654e+01,1.0210526727055491+0.4347767695287880j,2.7094044208301424+3.5302374301904464j,
1.469492e+01,1.0215423740376721+0.4397923287869668j,2.7415492459039719+3.5554112894610452j,
1.486525e+01,1.0220434382341494+0.4448651828792158j,2.7741514471410271+3.5804678000055588j,
1.503755e+01,1.0225561276391470+0.4499959664910787j,2.8072120111701322+3.6053977377279192j,
1.521186e+01,1.0230807105918771+0.4551853206392584j,2.8407317056566042+3.6301917495774192j,
1.538818e+01,1.0236174615606881+0.4604338927094894j,2.8747110724642138+3.6548403586145870j,
1.556654e+01,1.0241666612799971+0.4657423364936341j,2.9091504209005468+3.6793339694135132j,
1.574698e+01,1.0247285968901565+0.4711113122259507j,2.9440498210620278+3.7036628738030348j,
1.592950e+01,1.0253035620802784+0.4765414866184832j,2.9794090972953446+3.7278172569484322j,
1.611414e+01,1.0258918572340860+0.4820335328955192j,3.0152278217924415+3.7517872037744446j,
1.630092e+01,1.0264937895788524+0.4875881308270593j,3.0515053083366039+3.7755627057295951j,
1.648987e+01,1.0271096733374847+0.4932059667612400j,3.0882406062175010+3.7991336678908612j,
1.668101e+01,1.0277398298837834+0.4988877336556518j,3.1254324943333653+3.8224899164068620j,
1.687436e+01,1.0283845879009910+0.5046341311074887j,3.1630794754987432+3.8456212062766619j,
1.706995e+01,1.0290442835436249+0.5104458653824643j,3.2011797709763901+3.8685172294603833j,
1.726781e+01,1.0297192606027039+0.5163236494424298j,3.2397313152521106+3.8911676233166888j,
1.746796e+01,1.0304098706744060+0.5222682029716217j,3.2787317510713310+3.9135619793611771j,
1.767044e+01,1.0311164733322222+0.5282802524014699j,3.3181784247563018+3.9356898523386090j,
1.787526e+01,1.0318394363026702+0.5343605309338898j,3.3580683818226982+3.9575407696007843j,
1.808245e+01,1.0325791356446175+0.5405097785629829j,3.3983983629143610+3.9791042407807016j,
1.829205e+01,1.0333359559323085+0.5467287420950635j,3.4391648000746251+4.0003697677525434j,
1.850407e+01,1.0341102904421113+0.5530181751669336j,3.4803638133725547+4.0213268548658103j,
1.871855e+01,1.0349025413431008+0.5593788382623124j,3.5219912079019515+4.0419650194407692j,
1.893552e+01,1.0357131198914828+0.5658114987263414j,3.5640424711706800+4.0622738025112337j,
1.915501e+01,1.0365424466289834+0.5723169307780638j,3.6065127708973117+4.0822427797994854j,
1.937703e+01,1.0373909515852340+0.5788959155207904j,3.6493969532315562+4.1018615729070333j,
1.960163e+01,1.0382590744842002+0.5855492409502494j,3.6926895414142642+4.1211198607037165j,
1.982884e+01,1.0391472649547744+0.5922777019604200j,3.7363847348920967+4.1400073908965895j,
2.005868e+01,1.0400559827455371+0.5990821003469432j,3.7804764089010989+4.1585139917588769j,
2.029118e+01,1.0409856979437997+0.6059632448080040j,3.8249581145325786+4.1766295839982917j,
2.052638e+01,1.0419368911989650+0.6129219509425672j,3.8698230792936519+4.1943441927429337j,
2.076430e+01,1.0429100539502780+0.6199590412458550j,3.9150642081738454+4.2116479596220300j,
2.100498e+01,1.0439056886590379+0.6270753451019442j,3.9606740852279358+4.2285311549178823j,
2.124845e+01,1.0449243090453368+0.6342716987733579j,4.0066449756841021+4.2449841897644882j,
2.149475e+01,1.0459664403293782+0.6415489453875244j,4.0529688285850920+4.2609976283675177j,
2.174389e+01,1.0470326194774451+0.6489079349199686j,4.0996372799688636+4.2765622002195887j,
2.199593e+01,1.0481233954526079+0.6563495241741016j,4.1466416565937037+4.2916688122841640j,
2.225089e+01,1.0492393294701756+0.6638745767574628j,4.1939729802113739+4.3063085611207708j,
2.250880e+01,1.0503809952580294+0.6714839630542714j,4.2416219723903561+4.3204727449237854j,
2.276970e+01,1.0515489793218347+0.6791785601941340j,4.2895790598896619+4.3341528754466436j,
2.303363e+01,1.0527438812152301+0.6869592520167535j,4.3378343805820938+4.3473406897830076j,
2.330061e+01,1.0539663138150548+0.6948269290324769j,4.3863777899242304+4.3600281619762455j,
2.357069e+01,1.0552169036016519+0.7027824883785165j,4.4351988679686700+4.3722075144284727j,
2.384390e+01,1.0564962909443238+0.7108268337706733j,4.4842869269124668+4.3838712290804214j,
2.412028e+01,1.0578051303920031+0.7189608754503838j,4.5336310191739200+4.3950120583335339j,
2.439986e+01,1.0591440909691716+0.7271855301269101j,4.5832199459881933+4.4056230356858848j,
2.468268e+01,1.0605138564770993+0.7355017209144826j,4.6330422665105466+4.4156974860539115j,
2.496878e+01,1.0619151258004731+0.7439103772642027j,4.6830863074142304+4.4252290357523734j,
2.525820e+01,1.0633486132194108+0.7524124348905051j,4.7333401729684459+4.4342116221055514j,
2.555097e+01,1.0648150487269721+0.7610088356919742j,4.7837917555800873+4.4426395026633596j,
2.584714e+01,1.0663151783521840+0.7697005276662976j,4.8344287467813825+4.4505072639968803j,
2.614673e+01,1.0678497644886260+0.7784884648191468j,4.8852386486439814+4.4578098300487126j,
2.644980e+01,1.0694195862286069+0.7873736070667494j,4.9362087855984642+4.4645424700145533j,
2.675638e+01,1.0710254397030017+0.7963569201319280j,4.9873263166368549+4.4707008057335793j,
2.706652e+01,1.0726681384267671+0.8054393754333633j,5.0385782478742502+4.4762808185663694j,
2.738025e+01,1.0743485136501558+0.8146219499678361j,5.0899514454444086+4.4812788557404986j,
2.769762e+01,1.0760674147156841+0.8239056261851951j,5.1414326487028532+4.4856916361452832j,
2.801867e+01,1.0778257094208676+0.8332913918557905j,5.1930084837099599+4.4895162555587147j,
2.834343e+01,1.0796242843867496+0.8427802399301036j,5.2446654769653627+4.4927501912911509j,
2.867196e+01,1.0814640454322113+0.8523731683903006j,5.2963900693641337+4.4953913062320234j,
2.900430e+01,1.0833459179541425+0.8620711800934215j,5.3481686303442890+4.4974378522875078j,
2.934050e+01,1.0852708473134118+0.8718752826059195j,5.3999874721944989+4.4988884731989032j,
2.968059e+01,1.0872397992266727+0.8817864880292478j,5.4518328644902105+4.4997422067332682j,
3.002462e+01,1.0892537601640164+0.8918058128161859j,5.5036910486259289+4.4999984862397495j,
3.037264e+01,1.0913137377524151+0.9019342775775938j,5.5555482524110262+4.4996571415669084j,
3.072469e+01,1.0934207611849960+0.9121729068792660j,5.6073907046962042+4.4987183993382898j,
3.108082e+01,1.0955758816360905+0.9225227290285540j,5.6592046499975925+4.4971828825854026j,
3.144108e+01,1.0977801726820449+0.9329847758504198j,5.7109763630855257+4.4950516097392264j,
3.180552e+01,1.1000347307277405+0.9435600824525625j,5.7626921635051191+4.4923259929832566j,
3.217418e+01,1.1023406754388123+0.9542496869792678j,5.8143384299960692+4.4890078359730685j,
3.254712e+01,1.1046991501794725+0.9650546303536062j,5.8659016147794887+4.4850993309292235j,
3.292437e+01,1.1071113224559124+0.9759759560076079j,5.9173682576800637+4.4806030551122369j,
3.330600e+01,1.1095783843652125+0.9870147096000232j,5.9687250000525012+4.4755219666901178j,
3.369206e+01,1.1121015530496390+0.9981719387212772j,6.0199585984819457+4.4698594000107761j,
3.408259e+01,1.1146820711563006+1.0094486925852129j,6.0710559382289375+4.4636190602932801j,
3.447764e+01,1.1173212073020267+1.0208460217072066j,6.1220040463903924+4.4568050177536351j,
3.487727e+01,1.1200202565433557+1.0323649775682362j,6.1727901047492502+4.4494217011822439j,
3.528154e+01,1.1227805408515259+1.0440066122644651j,6.2234014622864802+4.4414738909917935j,
3.569049e+01,1.1256034095923209+1.0557719781419006j,6.2738256473305025+4.4329667117556308j,
3.610419e+01,1.1284902400106400+1.0676621274156783j,6.3240503793203313+4.4239056242580519j,
3.652267e+01,1.1314424377196097+1.0796781117735046j,6.3740635801601915+4.4142964170791190j,
3.694601e+01,1.1344614371940551+1.0918209819627911j,6.4238533851448576+4.4041451977377388j,
3.737426e+01,1.1375487022681856+1.1040917873609992j,6.4734081534364147+4.3934583834177277j,
3.780747e+01,1.1407057266372327+1.1164915755287037j,6.5227164780748526+4.3822426913024994j,
3.824570e+01,1.1439340343628341+1.1290213917448788j,6.5717671955063892+4.3705051285447967j,
3.868901e+01,1.1472351803819585+1.1416822785238976j,6.6205493946152032+4.3582529818985396j,
3.913746e+01,1.1506107510190464+1.1544752751137231j,6.6690524252458401+4.3454938070404401j,
3.959110e+01,1.1540623645011561+1.1674014169747731j,6.7172659062053377+4.3322354176094935j,
4.005001e+01,1.1575916714757568+1.1804617352389177j,6.7651797327357723+4.3184858739927163j,
4.051423e+01,1.1612003555309158+1.1936572561480654j,6.8127840834496478+4.3042534718858363j,
4.098384e+01,1.1648901337174742+1.2069890004717927j,6.8600694267222844+4.2895467306576016j,
4.145888e+01,1.1686627570729122+1.2204579829034501j,6.9070265265370061+4.2743743815465223j,
4.193944e+01,1.1725200111464513+1.2340652114341795j,6.9536464477805939+4.2587453557186139j,
4.242556e+01,1.1764637165250686+1.2478116867042739j,6.9999205609881781+4.2426687722145973j,
4.291732e+01,1.1804957293598992+1.2616984013312873j,7.0458405465381988+4.2261539258146392j,
4.341478e+01,1.1846179418926504+1.2757263392143174j,7.0913983982997788+4.2092102748483473j,
4.391801e+01,1.1888322829814690+1.2898964748138599j,7.1365864267362245+4.1918474289771996j,
4.442707e+01,1.1931407186258074+1.3042097724066384j,7.1813972614699040+4.1740751369760352j,
4.494203e+01,1.1975452524896983+1.3186671853148024j,7.2258238533151076+4.1559032745395550j,
4.546295e+01,1.2020479264228872+1.3332696551088938j,7.2698594757868449+4.1373418321390272j,
4.598992e+01,1.2066508209792133+1.3480181107839524j,7.3134977260947309+4.1184009029536259j,
4.652300e+01,1.2113560559316028+1.3629134679081669j,7.3567325256324274+4.0990906708999049j,
4.706225e+01,1.2161657907829895+1.3779566277434345j,7.3995581199740634+4.0794213987820136j,
4.760775e+01,1.2210822252724629+1.3931484763372279j,7.4419690783902457+4.0594034165842814j,
4.815958e+01,1.2261075998759239+1.4084898835851365j,7.4839602928971001+4.0390471099267531j,
4.871780e+01,1.2312441963004250+1.4239817022634738j,7.5255269768527739+4.0183629087032031j,
4.928250e+01,1.2364943379713953+1.4396247670313360j,7.5666646631165593+3.9973612759200692j,
4.985373e+01,1.2418603905119330+1.4554198934014895j,7.6073692017865406+3.9760526967535981j,
5.043159e+01,1.2473447622131779+1.4713678766794895j,7.6476367575323039+3.9544476678413809j,
5.101615e+01,1.2529499044949226+1.4874694908704233j,7.6874638065398102+3.9325566868232640j,
5.160749e+01,1.2586783123553964+1.5037254875526749j,7.7268471330859949+3.9103902421454921j,
5.220568e+01,1.2645325248092476+1.5201365947181416j,7.7657838257610869+3.8879588031407248j,
5.281080e+01,1.2705151253126239+1.5367035155783033j,7.8042712733568980+3.8652728103954290j,
5.342293e+01,1.2766287421742462+1.5534269273355990j,7.8423071604396881+3.8423426664149782j,
5.404216e+01,1.2828760489512838+1.5703074799195431j,7.8798894626262506+3.8191787265956192j,
5.466857e+01,1.2892597648288362+1.5873457946870586j,7.9170164415820921+3.7957912905113536j,
5.530224e+01,1.2957826549817479+1.6045424630864968j,7.9536866397605301+3.7721905935226387j,
5.594326e+01,1.3024475309174299+1.6218980452848515j,7.9898988749015514+3.7483867987127462j,
5.659170e+01,1.3092572507983178+1.6394130687576929j,8.0256522343091561+3.7243899891565011j,
5.724766e+01,1.3162147197425362+1.6570880268413550j,8.0609460689257872+3.7002101605251507j,
5.791123e+01,1.3233228901013181+1.6749233772469696j,8.0957799872222171+3.6758572140300316j,
5.858248e+01,1.3305847617115916+1.6929195405359347j,8.1301538489210490+3.6513409497068054j,
5.926152e+01,1.3380033821221815+1.7110768985564582j,8.1640677585716155+3.6266710600410410j,
5.994843e+01,1.3455818467919762+1.7293957928408485j,8.1975220589938207+3.6018571239350603j,
6.064329e+01,1.3533232992583244+1.7478765229632580j,8.2305173246079484+3.5769086010151079j,
6.134622e+01,1.3612309312739175+1.7665193448576306j,8.2630543546671760+3.5518348262770822j,
6.205729e+01,1.3693079829103265+1.7853244690956456j,8.2951341664089622+3.5266450050683127j,
6.277660e+01,1.3775577426263119+1.8042920591244984j,8.3267579881410416+3.5013482084021308j,
6.350425e+01,1.3859835472989417+1.8234222294644171j,8.3579272522772641+3.4759533686013286j,
6.424034e+01,1.3945887822155427+1.8427150438658564j,8.3886435883379296+3.4504692752659265j,
6.498495e+01,1.4033768810244034+1.8621705134263782j,8.4189088159287362+3.4249045715601336j,
6.573820e+01,1.4123513256420761+1.8817885946672916j,8.4487249377119138+3.3992677508127938j,
6.650018e+01,1.4215156461151341+1.9015691875701870j,8.4780941323824770+3.3735671534251495j,
6.727099e+01,1.4308734204341196+1.9215121335735748j,8.5070187476619807+3.3478109640792706j,
6.805074e+01,1.4404282742973571+1.9416172135299146j,8.5355012933215377+3.3220072092401107j,
6.883952e+01,1.4501838808222960+1.9618841456233929j,8.5635444342452303+3.2961637549437781j,
6.963745e+01,1.4601439602019219+1.9823125832489155j,8.5911509835444999+3.2702883048642470j,
7.044462e+01,1.4703122793038119+2.0029021128528370j,8.6183238957334005+3.2443883986505169j,
7.126115e+01,1.4806926512092282+2.0236522517360767j,8.6450662599740777+3.2184714105259142j,
7.208715e+01,1.4912889346897185+2.0445624458203544j,8.6713812934011756+3.1925445481410422j,
7.292272e+01,1.5021050336185517+2.0656320673783797j,8.6972723345332970+3.1666148516717345j,
7.376798e+01,1.5131448963143015+2.0868604127289632j,8.7227428367790658+3.1406891931531882j,
7.462303e+01,1.5244125148138448+2.1082466998980975j,8.7477963620447241+3.1147742760413721j,
7.548799e+01,1.5359119240719892+2.1297900662472249j,8.7724365744496975+3.0888766349927170j,
7.636298e+01,1.5476472010849029+2.1514895660699813j,8.7966672341559065+3.0630026358530693j,
7.724811e+01,1.5596224639344882+2.1733441681588959j,8.8204921913161787+3.0371584758468364j,
7.814351e+01,1.5718418707507951+2.1953527533436148j,8.8439153801465036+3.0113501839573007j,
7.904928e+01,1.5843096185895629+2.2175141120023976j,8.8669408131263729+2.9855836214890905j,
7.996555e+01,1.5970299422219174+2.2398269415487739j,8.8895725753310408+2.9598644828038485j,
8.089243e+01,1.6100071128332658+2.2622898438953882j,8.9118148188989093+2.9341982962202482j,
8.183007e+01,1.6232454366284248+2.2849013228972623j,8.9336717576369544+2.9085904250695633j,
8.277857e+01,1.6367492533399126+2.3076597817768256j,8.9551476617665600+2.8830460688981505j,
8.373807e+01,1.6505229346365091+2.3305635205332820j,8.9762468528117072+2.8575702648083219j,
8.470868e+01,1.6645708824290146+2.3536107333390213j,8.9969736986311659+2.8321678889292312j,
8.569055e+01,1.6788975270702462+2.3767995059260083j,9.0173326085958152+2.8068436580095719j,
8.668380e+01,1.6935073254463386+2.4001278129652408j,9.0373280289119613+2.7816021311240431j,
8.768856e+01,1.7084047589563767+2.4235935154425823j,9.0569644380911321+2.7564477114857513j,
8.870497e+01,1.7235943313774857+2.4471943580344697j,9.0762463425665096+2.7313846483568844j,
8.973316e+01,1.7390805666125431+2.4709279664872001j,9.0951782724558576+2.7064170390502116j,
9.077327e+01,1.7548680063176842+2.4947918450037312j,9.1137647774705073+2.6815488310141840j,
9.182543e+01,1.7709612074069163+2.5187833736421075j,9.1320104229697101+2.6567838239946022j,
9.288979e+01,1.7873647394311760+2.5428998057298804j,9.1499197861594013+2.6321256722660702j,
9.396648e+01,1.8040831818292808+2.5671382652990897j,9.1674974524341657+2.6075778869266584j,
9.505566e+01,1.8211211210483196+2.5914957445466174j,9.1847480118610552+2.5831438382494301j,
9.615746e+01,1.8384831475311696+2.6159691013249273j,9.2016760558035813+2.5588267580847353j,
9.727203e+01,1.8561738525688991+2.6405550566684659j,9.2182861736841613+2.5346297423073851j,
9.839952e+01,1.8741978250160223+2.6652501923612069j,9.2345829498830092+2.5105557533030667j,
9.954008e+01,1.8925596478667153+2.6900509485510620j,9.2505709607713964+2.4866076224885822j,
1.006939e+02,1.9112638946902134+2.7149536214171222j,9.2662547718770156+2.4627880528607418j,
1.018610e+02,1.9303151259239293+2.7399543608959083j,9.2816389351790622+2.4390996215689458j,
1.030417e+02,1.9497178850228796+2.7650491684730616j,9.2967279865305663+2.4155447825067440j,
1.042361e+02,1.9694766944643671+2.7902338950471064j,9.3115264432053877+2.3921258689178715j,
1.054443e+02,1.9895960516070481+2.8155042388721716j,9.3260388015671847+2.3688450960124716j,
1.066665e+02,2.0100804244037205+2.8408557435867587j,9.3402695348576170+2.3457045635894693j,
1.079029e+02,2.0309342469675684+2.8662837963358636j,9.3542230911009803+2.3227062586612210j,
1.091536e+02,2.0521619149917774+2.8917836259939675j,9.3679038911223955+2.2998520580768309j,
1.104188e+02,2.0737677810227888+2.9173503014966307j,9.3813163266766484+2.2771437311406779j,
1.116987e+02,2.0957561495878378+2.9429787302885777j,9.3944647586847374+2.2545829422229366j,
1.129934e+02,2.1181312721776822+2.9686636568963904j,9.4073535155751493+2.2321712533590516j,
1.143031e+02,2.1408973420858661+2.9943996616340645j,9.4199868917269090+2.2099101268352990j,
1.156280e+02,2.1640584891062407+3.0201811594498515j,9.4323691460113590+2.1878009277578014j,
1.169683e+02,2.1876187740908319+3.0460023989229676j,9.4445045004297228+2.1658449266024711j,
1.183241e+02,2.2115821833706448+3.0718574614188427j,9.4563971388434211+2.1440433017435971j,
1.196956e+02,2.2359526230423423+3.0977402604117459j,9.4680512057941790+2.1223971419589116j,
1.210830e+02,2.2607339131243078+3.1236445409836628j,9.4794708054109513+2.1009074489091408j,
1.224865e+02,2.2859297815859865+3.1495638795084129j,9.4906600004007231+2.0795751395902236j,
1.239062e+02,2.3115438582549590+3.1754916835300202j,9.5016228111202761+2.0584010487565019j,
1.253424e+02,2.3375796686067005+3.2014211918443798j,9.5123632147260171+2.0373859313133340j,
1.267953e+02,2.3640406274424874+3.2273454747932835j,9.5228851443990497+2.0165304646777433j,
1.282650e+02,2.3909300324614913+3.2532574347798064j,9.5331924886426407+1.9958352511058077j,
1.297517e+02,2.4182510577336416+3.2791498070140337j,9.5432890906493419+1.9753008199856597j,
1.312557e+02,2.4460067470804061+3.3050151604979972j,9.5531787477350338+1.9549276300950533j,
1.327771e+02,2.4742000073712367+3.3308458992585912j,9.5628652108372165+1.9347160718225955j,
1.343161e+02,2.5028336017439861+3.3566342638370763j,9.5723521840749246+1.9146664693518280j,
1.358730e+02,2.5319101427582460+3.3823723330435724j,9.5816433243676826+1.8947790828074724j,
1.374479e+02,2.5614320854911421+3.4080520259847940j,9.5907422411110250+1.8750541103632057j,
1.390411e+02,2.5914017205856998+3.4336651043729010j,9.5996524959060494+1.8554916903104972j,
1.406527e+02,2.6218211672625502+3.4592031751231498j,9.6083776023406706+1.8360919030880560j,
1.422830e+02,2.6526923663063426+3.4846576932476188j,9.6169210258201865+1.8168547732715614j,
1.439323e+02,2.6840170730388246+3.5100199650519310j,9.6252861834448744+1.7977802715234190j,
1.456006e+02,2.7157968502911576+3.5352811516414584j,9.6334764439324037+1.7788683165023562j,
1.472883e+02,2.7480330613886412+3.5604322727430184j,9.6414951275828908+1.7601187767327444j,
1.489955e+02,2.7807268631615738+3.5854642108475860j,9.6493455062844866+1.7415314724336006j,
1.507225e+02,2.8138791989965899+3.6103677156789438j,9.6570308035574506+1.7231061773072762j,
1.524696e+02,2.8474907919432999+3.6351334089926355j,9.6645541946347446+1.7048426202879112j,
1.542369e+02,2.8815621378916623+3.6597517897089022j,9.6719188065771835+1.6867404872497771j,
1.560246e+02,2.9160934988359424+3.6842132393826117j,9.6791277184213129+1.6687994226756779j,
1.578331e+02,2.9510848962416798+3.7085080280124387j,9.6861839613581999+1.6510190312856383j,
1.596626e+02,2.9865361045324343+3.7326263201907852j,9.6930905189413767+1.6333988796261416j,
1.615133e+02,3.0224466447135869+3.7565581815950924j,9.6998503273222632+1.6159384976202162j,
1.633854e+02,3.0588157781507670+3.7802935858203330j,9.7064662755114313+1.5986373800787290j,
1.652792e+02,3.0956425005208734+3.8038224215515730j,9.7129412056641531+1.5814949881732374j,
1.671950e+02,3.1329255359538761+3.8271345000745343j,9.7192779133886855+1.5645107508708334j,
1.691330e+02,3.1706633313839099+3.8502195631211076j,9.7254791480758627+1.5476840663313938j,
1.710934e+02,3.2088540511282506+3.8730672910457624j,9.7315476132485728+1.5310143032677097j,
1.730766e+02,3.2474955717129879+3.8956673113277254j,9.7374859669297571+1.5145008022689801j,
1.750827e+02,3.2865854769642269+3.9180092073927435j,9.7432968220276539+1.4981428770881680j,
1.771121e+02,3.3261210533836643+3.9400825277471343j,9.7489827467370116+1.4819398158937500j,
1.791650e+02,3.3660992858273273+3.9618767954156970j,9.7545462649550814+1.4658908824864039j,
1.812418e+02,3.4065168535061465+3.9833815176739202j,9.7599898567112398+1.4499953174811815j,
1.833425e+02,3.4473701263268337+4.0045861960637685j,9.7653159586091309+1.4342523394557427j,
1.854677e+02,3.4886551615912405+4.0254803366811327j,9.7705269642802719+1.4186611460652343j,
1.876175e+02,3.5303677010720422+4.0460534607219119j,9.7756252248481097+1.4032209151243948j,
1.897922e+02,3.5725031684821822+4.0662951152724727j,9.7806130494015626+1.3879308056574939j,
1.919921e+02,3.6150566673549847+4.0861948843290747j,9.7854927054771057+1.3727899589167014j,
1.942175e+02,3.6580229793512489+4.1057424000297376j,9.7902664195485478+1.3577974993695050j,
1.964687e+02,3.7013965630090109+4.1249273540808202j,9.7949363775236193+1.3429525356557823j,
1.987460e+02,3.7451715529508718+4.1437395093595280j,9.7995047252465817+1.3282541615151535j,
2.010496e+02,3.7893417595630057+4.1621687116724377j,9.8039735690061036+1.3137014566852194j,
2.033800e+02,3.8339006691589992+4.1802049016491001j,9.8083449760476533+1.2992934877713165j,
2.057374e+02,3.8788414446407415+4.1978381267487537j,9.8126209750897182+1.2850293090883986j,
2.081222e+02,3.9241569266674965+4.2150585533572320j,9.8168035568432046+1.2709079634756635j,
2.105345e+02,3.9698396353431162+4.2318564789502382j,9.8208946745333652+1.2569284830845406j,
2.129749e+02,4.0158817724302196+4.2482223442982736j,9.8248962444236874+1.2430898901406482j,
2.154435e+02,4.0622752240987836+4.2641467456877926j,9.8288101463411550+1.2293911976803289j,
2.179407e+02,4.1090115642153293+4.2796204471323520j,9.8326382242023662+1.2158314102623646j,
2.204669e+02,4.1560820581774029+4.2946343925469730j,9.8363822865399921+1.2024095246554711j,
2.230223e+02,4.2034776672966307+4.3091797178583082j,9.8400441070290992+1.1891245305021620j,
2.256074e+02,4.2511890537320847+4.3232477630227750j,9.8436254250128972+1.1759754109595675j,
2.282224e+02,4.2992065859741286+4.3368300839244425j,9.8471279460274665+1.1629611433177911j,
2.308678e+02,4.3475203448772977+4.3499184641241557j,9.8505533423250800+1.1500806995963697j,
2.335438e+02,4.3961201302391331+4.3625049264312272j,9.8539032533957478+1.1373330471194105j,
2.362508e+02,4.4449954679202239+4.3745817442689452j,9.8571792864866090+1.1247171490699512j,
2.389893e+02,4.4941356174989782+4.3861414528051679j,9.8603830171188651+1.1122319650241039j,
2.417594e+02,4.5435295804529989+4.3971768598194441j,9.8635159896019218+1.0998764514655122j,
2.445617e+02,4.5931661088571891+4.4076810562783217j,9.8665797175444627+1.0876495622806623j,
2.473964e+02,4.6430337145869895+4.4176474265909258j,9.8695756843621911+1.0755502492355664j,
2.502640e+02,4.6931206790135178+4.4270696585172900j,9.8725053437819543+1.0635774624343335j,
2.531648e+02,4.7434150631756413+4.4359417527026297j,9.8753701203420565+1.0517301507601331j,
2.560993e+02,4.7939047184123691+4.4442580318113487j,9.8781714098885214+1.0400072622990493j,
2.590678e+02,4.8445772974374046+4.4520131492354711j,9.8809105800670878+1.0284077447473103j,
2.620707e+02,4.8954202658360311+4.4592020973530930j,9.8835889708108020+1.0169305458023661j,
2.651084e+02,4.9464209139630748+4.4658202153134781j,9.8862078948229648+1.0055746135382946j,
2.681813e+02,4.9975663692191867+4.4718631963266056j,9.8887686380553497+0.9943388967659798j,
2.712898e+02,5.0488436086813184+4.4773270944361778j,9.8912724601814865+0.9832223453785202j,
2.744343e+02,5.1002394720619710+4.4822083307564702j,9.8937205950649165+0.9722239106823044j,
2.776153e+02,5.1517406749705295+4.4865036991548353j,9.8961142512222970+0.9613425457141825j,
2.808332e+02,5.2033338224489443+4.4902103713631547j,9.8984546122812240+0.9505772055451536j,
2.840884e+02,5.2550054227528733+4.4933259015031943j,9.9007428374327073+0.9399268475709821j,
2.873813e+02,5.3067419013485981+4.4958482300124016j,9.9029800618781962+0.9293904317901440j,
2.907123e+02,5.3585296150950787+4.4977756869584820j,9.9051673972710805+0.9189669210694918j,
2.940820e+02,5.4103548665799073+4.4991069947328537j,9.9073059321525978+0.9086552813980260j,
2.974908e+02,5.4622039185772557+4.4998412701148780j,9.9093967323821133+0.8984544821291446j,
3.009390e+02,5.5140630085954809+4.4999780257007087j,9.9114408415616850+0.8883634962117340j,
3.044272e+02,5.5659183634817060+4.4995171706924166j,9.9134392814549095+0.8783813004104609j,
3.079559e+02,5.6177562140504458+4.4984590110450595j,9.9153930523999918+0.8685068755156062j,
3.115254e+02,5.6695628097032760+4.4968042489712099j,9.9173031337170272+0.8587392065427878j,
3.151363e+02,5.7213244330066031+4.4945539818044571j,9.9191704841094648+0.8490772829228898j,
3.187891e+02,5.7730274141946651+4.4917097002253126j,9.9209960420597607+0.8395200986825341j,
3.224842e+02,5.8246581455653166+4.4882732858548264j,9.9227807262191821+0.8300666526153925j,
3.262222e+02,5.8762030957364297+4.4842470082231554j,9.9245254357917965+0.8207159484446540j,
3.300035e+02,5.9276488237313796+4.4796335211221425j,9.9262310509126266+0.8114669949769395j,
3.338286e+02,5.9789819928626837+4.4744358583527921j,9.9278984330199869+0.8023188062479513j,
3.376980e+02,6.0301893843836574+4.4686574288802756j,9.9295284252220295+0.7932704016601413j,
3.416123e+02,6.0812579108788052+4.4623020114107925j,9.9311218526574923+0.7843208061126692j,
3.455720e+02,6.1321746293647177+4.4553737484062532j,9.9326795228506999+0.7754690501239145j,
3.495776e+02,6.1829267540742254+4.4478771395542882j,9.9342022260608260+0.7667141699468031j,
3.536296e+02,6.2335016688978673+4.4398170347125836j,9.9356907356254531+0.7580552076771975j,
3.577285e+02,6.2838869394578882+4.4311986263478804j,9.9371458082984745+0.7494912113555935j,
3.618750e+02,6.3340703247914245+4.4220274414913261j,9.9385681845823495+0.7410212350623638j,
3.660695e+02,6.3840397886208731+4.4123093332330141j,9.9399585890547826+0.7326443390067732j,
3.703127e+02,6.4337835101909979+4.4020504717796429j,9.9413177306898497+0.7243595896099921j,
3.746050e+02,6.4832898946538355+4.3912573351002386j,9.9426463031736301+0.7161660595823258j,
3.789471e+02,6.5325475829840460+4.3799366991857092j,9.9439449852143671+0.7080628279948651j,
3.833395e+02,6.5815454614090294+4.3680956279488115j,9.9452144408472414+0.7000489803457682j,
3.877828e+02,6.6302726703397434+4.3557414627917330j,9.9464553197337917+0.6921236086213689j,
3.922777e+02,6.6787186127898899+4.3428818118690122j,9.9476682574560265+0.6842858113523018j,
3.968246e+02,6.7268729622728003+4.3295245390740034j,9.9488538758052982+0.6765346936648350j,
4.014242e+02,6.7747256701671041+4.3156777527773116j,9.9500127830659988+0.6688693673275873j,
4.060772e+02,6.8222669725439449+4.3013497943458940j,9.9511455742941077+0.6612889507938058j,
4.107841e+02,6.8694873964501877+4.2865492264715792j,9.9522528315906964+0.6537925692393770j,
4.155455e+02,6.9163777656438299+4.2712848213376953j,9.9533351243703994+0.6463793545967286j,
4.203622e+02,6.9629292057793499+4.2555655486524699j,9.9543930096249547+0.6390484455847910j,
4.252346e+02,7.0091331490425066+4.2394005635774787j,9.9554270321818557+0.6317989877351642j,
4.301636e+02,7.0549813382355575+4.2227991945792489j,9.9564377249581764+0.6246301334146445j,
4.351497e+02,7.1004658303154997+4.2057709312315756j,9.9574256092096380+0.6175410418442563j,
4.401935e+02,7.1455789993893859+4.1883254119956606j,9.9583911947749897+0.6105308791149255j,
4.452959e+02,7.1903135391722390+4.1704724120045462j,9.9593349803157469+0.6035988181999336j,
4.504573e+02,7.2346624649144058+4.1522218308776662j,9.9602574535513746+0.5967440389642829j,
4.556786e+02,7.2786191148066024+4.1335836805905570j,9.9611590914899626+0.5899657281710994j,
4.609604e+02,7.3221771508720490+4.1145680734239676j,9.9620403606544663+0.5832630794851984j,
4.663035e+02,7.3653305593563463+4.0951852100157016j,9.9629017173045877+0.5766352934739278j,
4.717085e+02,7.4080736506267826+4.0754453675376121j,9.9637436076543331+0.5700815776054098j,
4.771761e+02,7.4504010585938367+4.0553588880191649j,9.9645664680853532+0.5636011462442875j,
4.827071e+02,7.4923077396685391+4.0349361668379382j,9.9653707253560881+0.5571932206450867j,
4.883022e+02,7.5337889712702566+4.0141876413963855j,9.9661567968068212+0.5508570289432970j,
4.939622e+02,7.5748403499002288+3.9931237800030561j,9.9669250905606788+0.5445918061442701j,
4.996877e+02,7.6154577887968840+3.9717550709753739j,9.9676760057206515+0.5383967941100374j,
5.054797e+02,7.6556375151895963+3.9500920119798759j,9.9684099325627074+0.5322712415441357j,
5.113388e+02,7.6953760671680875+3.9281450996247043j,9.9691272527250465+0.5262144039745360j,
5.172657e+02,7.7346702901851243+3.9059248193179461j,9.9698283393935689+0.5202255437347588j,
5.232614e+02,7.7735173332105454+3.8834416354042465j,9.9705135574836259+0.5143039299432667j,
5.293266e+02,7.8119146445549941+3.8607059815909519j,9.9711832638181033+0.5084488384812084j,
5.354621e+02,7.8498599673819127+3.8377282516738820j,9.9718378073019061+0.5026595519685997j,
5.416687e+02,7.8873513349265458+3.8145187905716811j,9.9724775290929131+0.4969353597390151j,
5.479472e+02,7.9243870654407917+3.7910878856765353j,9.9731027627694466+0.4912755578128618j,
5.542986e+02,7.9609657568827537+3.7674457585279839j,9.9737138344943350+0.4856794488693104j,
5.607235e+02,7.9970862813697892+3.7436025568153997j,9.9743110631756124+0.4801463422169486j,
5.672229e+02,8.0327477794138051+3.7195683467136935j,9.9748947606239380+0.4746755537632249j,
5.737976e+02,8.0679496539572995+3.6953531055557582j,9.9754652317067585+0.4692664059827455j,
5.804486e+02,8.1026915642285431+3.6709667148441398j,9.9760227744993113+0.4639182278844858j,
5.871766e+02,8.1369734194339358+3.6464189536035070j,9.9765676804324954+0.4586303549779771j,
5.939827e+02,8.1707953723053102+3.6217194920745230j,9.9771002344376853+0.4534021292385229j,
6.008676e+02,8.2041578125196093+3.5968778857488561j,9.9776207150885341+0.4482328990715024j,
6.078323e+02,8.2370613600079263+3.5719035697442272j,9.9781293947398311+0.4431220192758137j,
6.148778e+02,8.2695068581704980+3.5468058535175815j,9.9786265396634537+0.4380688510065059j,
6.220049e+02,8.3014953670137750+3.5215939159136949j,9.9791124101814841+0.4330727617366523j,
6.292146e+02,8.3330281562251969+3.4962768005458686j,9.9795872607965386+0.4281331252185093j,
6.365079e+02,8.3641066982007608+3.4708634115046264j,9.9800513403193474+0.4232493214440087j,
6.438857e+02,8.3947326610399688+3.4453625093897537j,9.9805048919936734+0.4184207366046258j,
6.513491e+02,8.4249079015221557+3.4197827076604246j,9.9809481536185736+0.4136467630506672j,
6.588990e+02,8.4546344580776207+3.3941324692976220j,9.9813813576680950+0.4089267992500167j,
6.665363e+02,8.4839145437664154+3.3684201037725776j,9.9818047314084311+0.4042602497463806j,
6.742622e+02,8.5127505392770324+3.3426537643145076j,9.9822184970125960+0.3996465251170693j,
6.820777e+02,8.5411449859566186+3.3168414454705122j,9.9826228716726657+0.3950850419303507j,
6.899837e+02,8.5691005788837717+3.2909909809501610j,9.9830180677096276+0.3905752227024104j,
6.979814e+02,8.5966201599943126+3.2651100417469539j,9.9834042926808930+0.3861164958539540j,
7.060718e+02,8.6237067112698753+3.2392061345285721j,9.9837817494855159+0.3817082956664801j,
7.142559e+02,8.6503633479984821+3.2132866002875922j,9.9841506364671542+0.3773500622382580j,
7.225349e+02,8.6765933121157275+3.1873586132441445j,9.9845111475148407+0.3730412414400383j,
7.309099e+02,8.7023999656345801+3.1614291799918028j,9.9848634721615817+0.3687812848705252j,
7.393820e+02,8.7277867841712133+3.1355051388778907j,9.9852077956808447+0.3645696498116372j,
7.479523e+02,8.7527573505737042+3.1095931596092661j,9.9855442991809635+0.3604057991835834j,
7.566219e+02,8.7773153486598883+3.0836997430745932j,9.9858731596975243+0.3562892014997799j,
7.653919e+02,8.8014645570701031+3.0578312213740495j,9.9861945502837433+0.3522193308216302j,
7.742637e+02,8.8252088432399862+3.0319937580474332j,9.9865086400989078+0.3481956667131931j,
7.832383e+02,8.8485521574980268+3.0061933484916290j,9.9868155944948924+0.3442176941957614j,
7.923169e+02,8.8714985272920135+2.9804358205584274j,9.9871155751008089+0.3402849037023688j,
8.015007e+02,8.8940520515480550+2.9547268353237732j,9.9874087399058276+0.3363967910322502j,
8.107910e+02,8.9162168951653751+2.9290718880195894j,9.9876952433401822+0.3325528573052716j,
8.201889e+02,8.9379972836496382+2.9034763091194162j,9.9879752363544405+0.3287526089163490j,
8.296959e+02,8.9593974978870996+2.8779452655692532j,9.9882488664970275+0.3249955574898749j,
8.393129e+02,8.9804218690614963+2.8524837621550936j,9.9885162779900742+0.3212812198341672j,
8.490415e+02,9.0010747737151728+2.8270966429988293j,9.9887776118036129+0.3176091178959611j,
8.588829e+02,9.0213606289555450+2.8017885931743343j,9.9890330057281460+0.3139787787149533j,
8.688383e+02,9.0412838878076851+2.7765641404357444j,9.9892825944456316+0.3103897343784197j,
8.789091e+02,9.0608490347134492+2.7514276570501166j,9.9895265095989245+0.3068415219759161j,
8.890966e+02,9.0800605811772197+2.7263833617268558j,9.9897648798596919+0.3033336835540780j,
8.994022e+02,9.0989230615580876+2.7014353216365112j,9.9899978309948363+0.2998657660715313j,
9.098273e+02,9.1174410290079866+2.6765874545117394j,9.9902254859314699+0.2964373213539265j,
9.203732e+02,9.1356190515550040+2.6518435308234700j,9.9904479648204632+0.2930479060491072j,
9.310413e+02,9.1534617083308838+2.6272071760255189j,9.9906653850985858+0.2896970815824267j,
9.418332e+02,9.1709735859414909+2.6026818728611194j,9.9908778615492988+0.2863844141122189j,
9.527500e+02,9.1881592749787924+2.5782709637250916j,9.9910855063621948+0.2831094744854386j,
9.637935e+02,9.2050233666726875+2.5539776530755667j,9.9912884291911386+0.2798718381934761j,
9.749649e+02,9.2215704496809110+2.5298050098894609j,9.9914867372111136+0.2766710853281583j,
9.862658e+02,9.2378051070149709+2.5057559701560734j,9.9916805351738329+0.2735068005379439j,
9.976978e+02,9.2537319131000046+2.4818333394034688j,9.9918699254621082+0.2703785729843205j,
1.009262e+03,9.2693554309662911+2.4580397952524931j,9.9920550081430175+0.2672859962984111j,
1.020961e+03,9.2846802095699772+2.4343778899935300j,9.9922358810199121+0.2642286685377999j,
1.032795e+03,9.2997107812405595+2.4108500531812944j,9.9924126396832520+0.2612061921435785j,
1.044766e+03,9.3144516592524855+2.3874585942432516j,9.9925853775603386+0.2582181738976260j,
1.056876e+03,9.3289073355181866+2.3642057050973850j,9.9927541859639231+0.2552642248801241j,
1.069126e+03,9.3430822783998053+2.3410934627753246j,9.9929191541397504+0.2523439604273154j,
1.081519e+03,9.3569809306367659+2.3181238320470161j,9.9930803693130557+0.2494570000895086j,
1.094055e+03,9.3706077073863270+2.2952986680433476j,9.9932379167340049+0.2466029675893375j,
1.106736e+03,9.3839669943741963+2.2726197188733264j,9.9933918797221484+0.2437814907802771j,
1.119564e+03,9.3970631461522665+2.2500886282326298j,9.9935423397098830+0.2409922016054223j,
1.132541e+03,9.4099004844604899+2.2277069380005137j,9.9936893762849337+0.2382347360565321j,
1.145669e+03,9.4224832966899008+2.2054760908222795j,9.9938330672319040+0.2355087341333446j,
1.158948e+03,9.4348158344438033+2.1833974326746630j,9.9939734885729035+0.2328138398031658j,
1.172382e+03,9.4469023121941191+2.1614722154116874j,9.9941107146072490+0.2301497009607344j,
1.185971e+03,9.4587469060299014+2.1397015992887147j,9.9942448179503156+0.2275159693883682j,
1.199718e+03,9.4703537524950381+2.1180866554625597j,9.9943758695714866+0.2249123007163919j,
1.213624e+03,9.4817269475121932+2.0966283684657201j,9.9945039388312793+0.2223383543838518j,
1.227691e+03,9.4928705453900335+2.0753276386529178j,9.9946290935176325+0.2197937935995175j,
1.241921e+03,9.5037885579108288+2.0541852846182906j,9.9947513998813893+0.2172782853031736j,
1.256317e+03,9.5144849534955647+2.0332020455817270j,9.9948709226709838+0.2147915001272046j,
1.270879e+03,9.5249636564437079+2.0123785837429522j,9.9949877251663501+0.2123331123584718j,
1.285610e+03,9.5352285462448361+1.9917154866021369j,9.9951018692120801+0.2099027999004869j,
1.300511e+03,9.5452834569593463+1.9712132692458824j,9.9952134152498306+0.2075002442358817j,
1.315586e+03,9.5551321766655715+1.9508723765975922j,9.9953224223500161+0.2051251303891758j,
1.330835e+03,9.5647784469705996+1.9306931856313354j,9.9954289482427825+0.2027771468898431j,
1.346261e+03,9.5742259625821990+1.9106760075484146j,9.9955330493482908+0.2004559857356784j,
1.361865e+03,9.5834783709392948+1.8908210899159559j,9.9956347808063200+0.1981613423564644j,
1.377651e+03,9.5925392718984757+1.8711286187669449j,9.9957341965052127+0.1958929155779395j,
1.393619e+03,9.6014122174740955+1.8515987206612097j,9.9958313491101674+0.1936504075860675j,
1.409773e+03,9.6101007116295598+1.8322314647069511j,9.9959262900908907+0.1914335238916094j,
1.426114e+03,9.6186082101174915+1.8130268645424952j,9.9960190697486393+0.1892419732949960j,
1.442644e+03,9.6269381203664555+1.7939848802780325j,9.9961097372426462+0.1870754678515041j,
1.459366e+03,9.6350938014120810+1.7751054203971635j,9.9961983406159636+0.1849337228367335j,
1.476281e+03,9.6430785638703806+1.7563883436181593j,9.9962849268207119+0.1828164567123864j,
1.493393e+03,9.6508956699512076+1.7378334607148973j,9.9963695417427694+0.1807233910923482j,
1.510703e+03,9.6585483335097813+1.7194405362974954j,9.9964522302259127+0.1786542507090686j,
1.528214e+03,9.6660397201343464+1.7012092905527345j,9.9965330360953981+0.1766087633802448j,
1.545928e+03,9.6733729472680174+1.6831394009443945j,9.9966120021810294+0.1745866599758034j,
1.563847e+03,9.6805510843629889+1.6652305038736948j,9.9966891703396978+0.1725876743851821j,
1.581973e+03,9.6875771530652770+1.6474821963000701j,9.9967645814774091+0.1706115434849101j,
1.600310e+03,9.6944541274283100+1.6298940373225519j,9.9968382755708340+0.1686580071064861j,
1.618860e+03,9.7011849341536376+1.6124655497220703j,9.9969102916883514+0.1667268080045528j,
1.637624e+03,9.7077724528571778+1.5951962214650228j,9.9969806680106323+0.1648176918253679j,
1.656606e+03,9.7142195163594351+1.5780855071684960j,9.9970494418507556+0.1629304070755688j,
1.675808e+03,9.7205289109981567+1.5611328295275539j,9.9971166496738633+0.1610647050912322j,
1.695232e+03,9.7267033769620213+1.5443375807050246j,9.9971823271163895+0.1592203400072252j,
1.714882e+03,9.7327456086439117+1.5276991236842663j,9.9972465090048370+0.1573970687268475j,
1.734759e+03,9.7386582550124867+1.5112167935853877j,9.9973092293741459+0.1555946508917642j,
1.754867e+03,9.7444439200006965+1.4948898989454458j,9.9973705214856334+0.1538128488522267j,
1.775208e+03,9.7501051629100566+1.4787177229631350j,9.9974304178445461+0.1520514276375800j,
1.795785e+03,9.7556444988294597+1.4626995247085273j,9.9974889502171997+0.1503101549270572j,
1.816600e+03,9.7610643990673829+1.4468345402984140j,9.9975461496477376+0.1485888010208567j,
1.837656e+03,9.7663672915964064+1.4311219840378193j,9.9976020464745172+0.1468871388115024j,
1.858957e+03,9.7715555615089915+1.4155610495282780j,9.9976566703461227+0.1452049437554852j,
1.880504e+03,9.7766315514835114+1.4001509107434587j,9.9977100502370035+0.1435419938451837j,
1.902301e+03,9.7815975622595666+1.3848907230727401j,9.9977622144627833+0.1418980695810622j,
1.924351e+03,9.7864558531216908+1.3697796243333433j,9.9978131906952061+0.1402729539441457j,
1.946656e+03,9.7912086423905453+1.3548167357516270j,9.9978630059767397+0.1386664323687675j,
1.969220e+03,9.7958581079207754+1.3400011629141708j,9.9979116867348754+0.1370782927155916j,
1.992046e+03,9.8004063876047436+1.3253319966892512j,9.9979592587960742+0.1355083252449039j,
2.015136e+03,9.8048555798813535+1.3108083141193372j,9.9980057473994091+0.1339563225901731j,
2.038493e+03,9.8092077442492673+1.2964291792852192j,9.9980511772099128+0.1324220797318793j,
2.062122e+03,9.8134649017838154+1.2821936441423907j,9.9980955723316001+0.1309053939716065j,
2.086024e+03,9.8176290356569460+1.2681007493302989j,9.9981389563202061+0.1294060649064001j,
2.110203e+03,9.8217020916595992+1.2541495249550769j,9.9981813521956475+0.1279238944033847j,
2.134663e+03,9.8256859787259039+1.2403389913463669j,9.9982227824541798+0.1264586865746420j,
2.159406e+03,9.8295825694586583+1.2266681597888467j,9.9982632690802902+0.1250102477523467j,
2.184436e+03,9.8333937006555594+1.2131360332290497j,9.9983028335583324+0.1235783864641575j,
2.209756e+03,9.8371211738356621+1.1997416069580880j,9.9983414968838744+0.1221629134088624j,
2.235370e+03,9.8407667557656264+1.1864838692708601j,9.9983792795748130+0.1207636414322760j,
2.261280e+03,9.8443321789853009+1.1733618021023315j,9.9984162016822165+0.1193803855033859j,
2.287491e+03,9.8478191423321864+1.1603743816414653j,9.9984522828009368+0.1180129626907483j,
2.314005e+03,9.8512293114644471+1.1475205789233758j,9.9984875420799693+0.1166611921391284j,
2.340827e+03,9.8545643193820389+1.1347993604002602j,9.9985219982325901+0.1153248950463853j,
2.367960e+03,9.8578257669456466+1.1222096884916788j,9.9985556695462581+0.1140038946405989j,
2.395407e+03,9.8610152233930712+1.1097505221147128j,9.9985885738922793+0.1126980161574367j,
2.423173e+03,9.8641342268527943+1.0974208171945539j,9.9986207287352844+0.1114070868177584j,
2.451260e+03,9.8671842848543960+1.0852195271560452j,9.9986521511424531+0.1101309358054567j,
2.479673e+03,9.8701668748355971+1.0731456033967031j,9.9986828577925575+0.1088693942455321j,
2.508415e+03,9.8730834446456370+1.0611979957417264j,9.9987128649847925+0.1076222951823995j,
2.537490e+03,9.8759354130447967+1.0493756528814986j,9.9987421886473964+0.1063894735584247j,
2.566903e+03,9.8787241701998187+1.0376775227920776j,9.9987708443460921+0.1051707661926891j,
2.596656e+03,9.8814510781750489+1.0261025531391570j,9.9987988472923224+0.1039660117599801j,
2.626754e+03,9.8841174714190938+1.0146496916659751j,9.9988262123513092+0.1027750507700060j,
2.657201e+03,9.8867246572468463+1.0033178865656351j,9.9988529540499229+0.1015977255468319j,
2.688001e+03,9.8892739163167303+0.9921060868382962j,9.9988790865843740+0.1004338802085363j,
2.719158e+03,9.8917665031029767+0.9810132426336802j,9.9989046238277410+0.0992833606470855j,
2.750676e+03,9.8942036463628735+0.9700383055793315j,9.9989295793373021+0.0981460145084240j,
2.782559e+03,9.8965865495988083+0.9591802290950590j,9.9989539663617339+0.0970216911727789j,
2.814812e+03,9.8989163915150336+0.9484379686939773j,9.9989777978481182+0.0959102417351760j,
2.847439e+03,9.9011943264690636+0.9378104822705555j,9.9990010864488053+0.0948115189861667j,
2.880444e+03,9.9034214849175903+0.9272967303760776j,9.9990238445281197+0.0937253773927622j,
2.913832e+03,9.9055989738568808+0.9168956764818986j,9.9990460841689046+0.0926516730795746j,
2.947606e+03,9.9077278772575603+0.9066062872308805j,9.9990678171789309+0.0915902638101615j,
2.981772e+03,9.9098092564937481+0.8964275326773824j,9.9990890550971478+0.0905410089685733j,
3.016334e+03,9.9118441507664876+0.8863583865161629j,9.9991098091998083+0.0895037695411009j,
3.051297e+03,9.9138335775214337+0.8763978263005533j,9.9991300905064300+0.0884784080982218j,
3.086665e+03,9.9157785328607773+0.8665448336502422j,9.9991499097856522+0.0874647887767422j,
3.122443e+03,9.9176799919493490+0.8567983944490130j,9.9991692775609273+0.0864627772621344j,
3.158635e+03,9.9195389094149355+0.8471574990327581j,9.9991882041161126+0.0854722407710666j,
3.195248e+03,9.9213562197427585+0.8376211423680913j,9.9992066995009132+0.0844930480341238j,
3.232284e+03,9.9231328376641112+0.8281883242218687j,9.9992247735362128+0.0835250692787169j,
3.269750e+03,9.9248696585391869+0.8188580493219209j,9.9992424358192782+0.0825681762121800j,
3.307650e+03,9.9265675587340638+0.8096293275092923j,9.9992596957288509+0.0816222420050525j,
3.345989e+03,9.9282273959918896+0.8005011738822722j,9.9992765624301132+0.0806871412745441j,
3.384773e+03,9.9298500097982529+0.7914726089324998j,9.9992930448795576+0.0797627500681822j,
3.424006e+03,9.9314362217407961+0.7825426586734113j,9.9993091518297241+0.0788489458476388j,
3.463694e+03,9.9329868358630566+0.7737103547612949j,9.9993248918338526+0.0779456074727352j,
3.503842e+03,9.9345026390125835+0.7649747346092105j,9.9993402732504073+0.0770526151856231j,
3.544456e+03,9.9359844011833740+0.7563348414940205j,9.9993553042475227+0.0761698505951404j,
3.585540e+03,9.9374328758526289+0.7477897246567804j,9.9993699928073205+0.0752971966613385j,
3.627100e+03,9.9388488003119040+0.7393384393967145j,9.9993843467301549+0.0744345376801824j,
3.669142e+03,9.9402328959926649+0.7309800471590159j,9.9993983736387424+0.0735817592684178j,
3.711672e+03,9.9415858687863121+0.7227136156166856j,9.9994120809822125+0.0727387483486076j,
3.754694e+03,9.9429084093587168+0.7145382187466280j,9.9994254760400469+0.0719053931343327j,
3.798215e+03,9.9442011934592998+0.7064529369002136j,9.9994385659259510+0.0710815831155573j,
3.842241e+03,9.9454648822247336+0.6984568568685092j,9.9994513575916280+0.0702672090441568j,
3.886777e+03,9.9467001224772869+0.6905490719423748j,9.9994638578304560+0.0694621629196060j,
3.931829e+03,9.9479075470178966+0.6827286819676150j,9.9994760732811017+0.0686663379748263j,
3.977403e+03,9.9490877749139912+0.6749947933953757j,9.9994880104310404+0.0678796286621900j,
4.023506e+03,9.9502414117821587+0.6673465193279577j,9.9994996756199939+0.0671019306396812j,
4.070142e+03,9.9513690500656793+0.6597829795602295j,9.9995110750432961+0.0663331407572095j,
4.117320e+03,9.9524712693070150+0.6523033006168013j,9.9995222147551850+0.0655731570430769j,
4.165044e+03,9.9535486364152987+0.6449066157851285j,9.9995331006720036+0.0648218786905959j,
4.213322e+03,9.9546017059288836+0.6375920651447006j,9.9995437385753529+0.0640792060448555j,
4.262159e+03,9.9556310202730227+0.6303587955924685j,9.9995541341151455+0.0633450405896367j,
4.311562e+03,9.9566371100127444+0.6232059608646613j,9.9995642928126163+0.0626192849344725j,
4.361538e+03,9.9576204941009792+0.6161327215551344j,9.9995742200632414+0.0619018428018534j,
4.412093e+03,9.9585816801219949+0.6091382451303896j,9.9995839211396138+0.0611926190145760j,
4.463234e+03,9.9595211645302264+0.6022217059413998j,9.9995934011942254+0.0604915194832326j,
4.514968e+03,9.9604394328845540+0.5953822852323721j,9.9996026652622145+0.0597984511938411j,
4.567301e+03,9.9613369600780803+0.5886191711465742j,9.9996117182640329+0.0591133221956137j,
4.620241e+03,9.9622142105635003+0.5819315587293452j,9.9996205650080565+0.0584360415888623j,
4.673795e+03,9.9630716385741049+0.5753186499284101j,9.9996292101931417+0.0577665195130393j,
4.727970e+03,9.9639096883405021+0.5687796535916130j,9.9996376584111086+0.0571046671349135j,
4.782772e+03,9.9647287943030971+0.5623137854621796j,9.9996459141491947+0.0564503966368776j,
4.838210e+03,9.9655293813204278+0.5559202681716130j,9.9996539817924184+0.0558036212053874j,
4.894290e+03,9.9663118648733917+0.5495983312303311j,9.9996618656259209+0.0551642550195313j,
4.951020e+03,9.9670766512654545+0.5433472110161416j,9.9996695698372324+0.0545322132397276j,
5.008408e+03,9.9678241378188766+0.5371661507606528j,9.9996770985184966+0.0539074119965489j,
5.066461e+03,9.9685547130670535+0.5310544005337131j,9.9996844556686462+0.0532897683796731j,
5.125187e+03,9.9692687569430092+0.5250112172259707j,9.9996916451955205+0.0526792004269576j,
5.184594e+03,9.9699666409641097+0.5190358645296370j,9.9996986709179456+0.0520756271136372j,
5.244689e+03,9.9706487284130869+0.5131276129175433j,9.9997055365677525+0.0514789683416434j,
5.305481e+03,9.9713153745153811+0.5072857396205661j,9.9997122457917680+0.0508891449290441j,
5.366977e+03,9.9719669266129287+0.5015095286035041j,9.9997188021537440+0.0503060785996022j,
5.429186e+03,9.9726037243344123+0.4957982705394803j,9.9997252091362565+0.0497296919724527j,
5.492116e+03,9.9732260997620372+0.4901512627829419j,9.9997314701425424+0.0491599085518945j,
5.555776e+03,9.9738343775949225+0.4845678093413304j,9.9997375884983200+0.0485966527172997j,
5.620174e+03,9.9744288753091404+0.4790472208454878j,9.9997435674535424+0.0480398497131347j,
5.685318e+03,9.9750099033144739+0.4735888145188659j,9.9997494101841351+0.0474894256390953j,
5.751217e+03,9.9755777651079498+0.4681919141456012j,9.9997551197936687+0.0469453074403528j,
5.817880e+03,9.9761327574242085+0.4628558500375177j,9.9997606993150168+0.0464074228979102j,
5.885316e+03,9.9766751703827534+0.4575799590001137j,9.9997661517119649+0.0458757006190676j,
5.953533e+03,9.9772052876321666+0.4523635842975915j,9.9997714798807795+0.0453500700279956j,
6.022541e+03,9.9777233864913146+0.4472060756169857j,9.9997766866517459+0.0448304613564144j,
6.092349e+03,9.9782297380876201+0.4421067890314387j,9.9997817747906801+0.0443168056343797j,
6.162966e+03,9.9787246074924401+0.4370650869626784j,9.9997867470003854+0.0438090346811720j,
6.234402e+03,9.9792082538536260+0.4320803381427437j,9.9997916059220913+0.0433070810962888j,
6.306666e+03,9.9796809305252978+0.4271519175750076j,9.9997963541368637+0.0428108782505398j,
6.379767e+03,9.9801428851948835+0.4222792064945400j,9.9998009941669643+0.0423203602772421j,
6.453715e+03,9.9805943600075082+0.4174615923278578j,9.9998055284771947+0.0418354620635154j,
6.528521e+03,9.9810355916877302+0.4126984686520994j,9.9998099594762078+0.0413561192416761j,
6.604194e+03,9.9814668116587359+0.4079892351536691j,9.9998142895177793+0.0408822681807282j,
6.680744e+03,9.9818882461589880+0.4033332975863859j,9.9998185209020676+0.0404138459779519j,
6.758181e+03,9.9823001163564093+0.3987300677291762j,9.9998226558768266+0.0399507904505865j,
6.836516e+03,9.9827026384601467+0.3941789633433466j,9.9998266966386034+0.0394930401276081j,
6.915759e+03,9.9830960238299458+0.3896794081294698j,9.9998306453339030+0.0390405342416005j,
6.995920e+03,9.9834804790831999+0.3852308316839176j,9.9998345040603311+0.0385932127207183j,
7.077011e+03,9.9838562061997180+0.3808326694550737j,9.9998382748677059+0.0381510161807416j,
7.159041e+03,9.9842234026242416+0.3764843626992548j,9.9998419597591450+0.0377138859172205j,
7.242022e+03,9.9845822613667803+0.3721853584363718j,9.9998455606921315+0.0372817638977088j,
7.325965e+03,9.9849329711007790+0.3679351094053570j,9.9998490795795512+0.0368545927540861j,
7.410882e+03,9.9852757162591921+0.3637330740193864j,9.9998525182907123+0.0364323157749672j,
7.496782e+03,9.9856106771284772+0.3595787163209218j,9.9998558786523386+0.0360148768981975j,
7.583678e+03,9.9859380299405789+0.3554715059365983j,9.9998591624495301+0.0356022207034337j,
7.671581e+03,9.9862579469629171+0.3514109180319803j,9.9998623714267225+0.0351942924048093j,
7.760503e+03,9.9865705965864304+0.3473964332662098j,9.9998655072886073+0.0347910378436827j,
7.850456e+03,9.9868761434117310+0.3434275377465688j,9.9998685717010414+0.0343924034814687j,
7.941452e+03,9.9871747483333770+0.3395037229829756j,9.9998715662919242+0.0339983363925505j,
8.033502e+03,9.9874665686223221+0.3356244858424378j,9.9998744926520722+0.0336087842572731j,
8.126619e+03,9.9877517580065867+0.3317893285034778j,9.9998773523360569+0.0332236953550164j,
8.220816e+03,9.9880304667501587+0.3279977584105522j,9.9998801468630294+0.0328430185573464j,
8.316104e+03,9.9883028417301922+0.3242492882284814j,9.9998828777175355+0.0324667033212454j,
8.412497e+03,9.9885690265125167+0.3205434357969064j,9.9998855463502956+0.0320946996824181j,
8.510007e+03,9.9888291614254996+0.3168797240847886j,9.9998881541789775+0.0317269582486750j,
8.608648e+03,9.9890833836323072+0.3132576811449690j,9.9998907025889530+0.0313634301933905j,
8.708431e+03,9.9893318272015712+0.3096768400688000j,9.9998931929340298+0.0310040672490354j,
8.809372e+03,9.9895746231765266+0.3061367389408665j,9.9998956265371710+0.0306488217007835j,
8.911482e+03,9.9898118996426177+0.3026369207938051j,9.9998980046911967+0.0302976463801910j,
9.014776e+03,9.9900437817936361+0.2991769335632400j,9.9999003286594785+0.0299504946589474j,
9.119268e+03,9.9902703919964093+0.2957563300428419j,9.9999025996765987+0.0296073204426980j,
9.224970e+03,9.9904918498540596+0.2923746678395266j,9.9999048189490107+0.0292680781649370j,
9.331898e+03,9.9907082722678737+0.2890315093288003j,9.9999069876556863+0.0289327227809693j,
9.440065e+03,9.9909197734978292+0.2857264216102647j,9.9999091069487349+0.0286012097619427j,
9.549486e+03,9.9911264652217611+0.2824589764632903j,9.9999111779540115+0.0282734950889462j,
9.660175e+03,9.9913284565932496+0.2792287503028688j,9.9999132017717258+0.0279495352471773j,
9.772147e+03,9.9915258542982173+0.2760353241356515j,9.9999151794770196+0.0276292872201746j,
9.885417e+03,9.9917187626102848+0.2728782835161844j,9.9999171121205404+0.0273127084841169j,
1.000000e+04,9.9919072834448990+0.2697572185033469j,9.9999190007289940+0.0269997570021870j,
