Schnupp length,Tuned PRC carrier,Tuned SRC carrier,Tuned X carrier,Tuned Y carrier,Tuned PRC f_1,Tuned SRC f_1,Tuned X f_1,Tuned Y f_1,Tuned PRC f_2,Tuned SRC f_2,Tuned X f_2,Tuned Y f_2,Detuned PRC carrier,Detuned SRC carrier,Detuned X carrier,Detuned Y carrier,Detuned PRC f_1,Detuned SRC f_1,Detuned X f_1,Detuned Y f_1,Detuned PRC f_2,Detuned SRC f_2,Detuned X f_2,Detuned Y f_2,
0.000000e+00,6.213515e+01,1.201314e-24,1.810952e+04,1.810590e+04,4.073574e-01,9.076612e-33,8.833253e-03,8.831486e-03,6.118067e-01,3.072645e-33,7.463562e-04,7.462069e-04,6.213515e+01,6.010188e-27,1.810952e+04,1.810590e+04,4.073574e-01,1.247540e-33,8.833253e-03,8.831486e-03,6.118067e-01,8.724433e-31,7.463562e-04,7.462069e-04,
5.050505e-03,6.213515e+01,1.201314e-24,1.810952e+04,1.810590e+04,4.073227e-01,9.896040e-07,8.805698e-03,8.857593e-03,6.117797e-01,5.456373e-06,7.477912e-04,7.447227e-04,6.213515e+01,6.010188e-27,1.810952e+04,1.810590e+04,4.073590e-01,1.317744e-07,8.833873e-03,8.830945e-03,5.954204e-01,1.541600e-03,7.268945e-04,7.303940e-04,
1.010101e-02,6.213515e+01,1.201314e-24,1.810952e+04,1.810590e+04,4.072150e-01,3.957377e-06,8.776626e-03,8.882155e-03,6.116925e-01,2.182285e-05,7.491692e-04,7.431819e-04,6.213515e+01,6.010188e-27,1.810952e+04,1.810590e+04,4.073601e-01,5.270994e-07,8.834487e-03,8.830398e-03,5.499870e-01,5.701518e-03,6.762652e-04,6.828703e-04,
1.515152e-02,6.213515e+01,1.201314e-24,1.810952e+04,1.810590e+04,4.070343e-01,8.900172e-06,8.746052e-03,8.905159e-03,6.115438e-01,4.909121e-05,7.504881e-04,7.415834e-04,6.213515e+01,6.010188e-27,1.810952e+04,1.810590e+04,4.073606e-01,1.185977e-06,8.835096e-03,8.829846e-03,4.849452e-01,1.133002e-02,6.044078e-04,6.132168e-04,
2.020202e-02,6.213515e+01,1.201314e-24,1.810952e+04,1.810590e+04,4.067806e-01,1.581273e-05,8.713992e-03,8.926592e-03,6.113312e-01,8.724728e-05,7.517448e-04,7.399246e-04,6.213515e+01,6.010188e-27,1.810952e+04,1.810590e+04,4.073605e-01,2.108407e-06,8.835700e-03,8.829289e-03,4.114974e-01,1.713120e-02,5.230553e-04,5.330776e-04,
2.525253e-02,6.213515e+01,1.201314e-24,1.810952e+04,1.810590e+04,4.064541e-01,2.468769e-05,8.680464e-03,8.946442e-03,6.110518e-01,1.362703e-04,7.529350e-04,7.382021e-04,6.213515e+01,6.010188e-27,1.810952e+04,1.810590e+04,4.073598e-01,3.294389e-06,8.836298e-03,8.828726e-03,3.390549e-01,2.212102e-02,4.421229e-04,4.524964e-04,
3.030303e-02,6.213515e+01,1.201314e-24,1.810952e+04,1.810590e+04,4.060549e-01,3.551559e-05,8.645484e-03,8.964700e-03,6.107014e-01,1.961321e-04,7.540535e-04,7.364113e-04,6.213515e+01,6.010188e-27,1.810952e+04,1.810590e+04,4.073586e-01,4.743920e-06,8.836891e-03,8.828158e-03,2.736052e-01,2.579922e-02,3.680353e-04,3.781302e-04,
3.535354e-02,6.213515e+01,1.201314e-24,1.810952e+04,1.810590e+04,4.055834e-01,4.828488e-05,8.609073e-03,8.981356e-03,6.102751e-01,2.667959e-04,7.550936e-04,7.345468e-04,6.213515e+01,6.010188e-27,1.810952e+04,1.810590e+04,4.073568e-01,6.456997e-06,8.837479e-03,8.827584e-03,2.178466e-01,2.808038e-02,3.038335e-04,3.132600e-04,
4.040404e-02,6.213515e+01,1.201314e-24,1.810952e+04,1.810590e+04,4.050396e-01,6.298195e-05,8.571247e-03,8.996399e-03,6.097674e-01,3.482155e-04,7.560479e-04,7.326020e-04,6.213515e+01,6.010188e-27,1.810952e+04,1.810590e+04,4.073543e-01,8.433614e-06,8.838060e-03,8.827005e-03,1.721628e-01,2.913036e-02,2.501414e-04,2.587040e-04,
4.545455e-02,6.213515e+01,1.201314e-24,1.810952e+04,1.810590e+04,4.044240e-01,7.959115e-05,8.532029e-03,9.009824e-03,6.091715e-01,4.403330e-04,7.569078e-04,7.305696e-04,6.213515e+01,6.010188e-27,1.810952e+04,1.810590e+04,4.073514e-01,1.067377e-05,8.838637e-03,8.826420e-03,1.356624e-01,2.921713e-02,2.062128e-04,2.138508e-04,
5.050505e-02,6.213515e+01,1.201314e-24,1.810952e+04,1.810590e+04,4.037369e-01,9.809477e-05,8.491437e-03,9.021621e-03,6.084804e-01,5.430778e-04,7.576633e-04,7.284411e-04,6.213515e+01,6.010188e-27,1.810952e+04,1.810590e+04,4.073478e-01,1.317744e-05,8.839208e-03,8.825830e-03,1.069401e-01,2.861537e-02,1.707111e-04,1.774466e-04,
5.555556e-02,6.213515e+01,1.201314e-24,1.810952e+04,1.810590e+04,4.029786e-01,1.184731e-04,8.449495e-03,9.031786e-03,6.076857e-01,6.563643e-04,7.583039e-04,7.262074e-04,6.213515e+01,6.010188e-27,1.810952e+04,1.810590e+04,4.073436e-01,1.594464e-05,8.839773e-03,8.825234e-03,8.452368e-02,2.756065e-02,1.421771e-04,1.480769e-04,
6.060606e-02,6.213515e+01,1.201314e-24,1.810952e+04,1.810590e+04,4.021496e-01,1.407046e-04,8.406222e-03,9.040313e-03,6.067787e-01,7.800900e-04,7.588175e-04,7.238583e-04,6.213515e+01,6.010188e-27,1.810952e+04,1.810590e+04,4.073389e-01,1.897534e-05,8.840333e-03,8.824633e-03,6.708639e-02,2.623583e-02,1.192620e-04,1.244118e-04,
6.565657e-02,6.213515e+01,1.201314e-24,1.810952e+04,1.810590e+04,4.012502e-01,1.647654e-04,8.361643e-03,9.047197e-03,6.057498e-01,9.141331e-04,7.591915e-04,7.213832e-04,6.213515e+01,6.010188e-27,1.810952e+04,1.810590e+04,4.073336e-01,2.226953e-05,8.840888e-03,8.824026e-03,5.352097e-02,2.477361e-02,1.008152e-04,1.053052e-04,
7.070707e-02,6.213515e+01,1.201314e-24,1.810952e+04,1.810590e+04,4.002811e-01,1.906302e-04,8.315780e-03,9.052435e-03,6.045889e-01,1.058350e-03,7.594120e-04,7.187703e-04,6.213515e+01,6.010188e-27,1.810952e+04,1.810590e+04,4.073277e-01,2.582721e-05,8.841436e-03,8.823414e-03,4.294221e-02,2.326551e-02,8.589834e-05,8.981491e-05,
7.575758e-02,6.213515e+01,1.201314e-24,1.810952e+04,1.810590e+04,3.992426e-01,2.182715e-04,8.268658e-03,9.056025e-03,6.032852e-01,1.212574e-03,7.594645e-04,7.160077e-04,6.213515e+01,6.010188e-27,1.810952e+04,1.810590e+04,4.073212e-01,2.964835e-05,8.841980e-03,8.822796e-03,3.465988e-02,2.177169e-02,7.376525e-05,7.718686e-05,
8.080808e-02,6.213515e+01,1.201314e-24,1.810952e+04,1.810590e+04,3.981355e-01,2.476601e-04,8.220300e-03,9.057965e-03,6.018274e-01,1.376611e-03,7.593335e-04,7.130825e-04,6.213515e+01,6.010188e-27,1.810952e+04,1.810590e+04,4.073141e-01,3.373294e-05,8.842518e-03,8.822173e-03,2.814341e-02,2.032973e-02,6.383051e-05,6.682653e-05,
8.585859e-02,6.213515e+01,1.201314e-24,1.810952e+04,1.810590e+04,3.969602e-01,2.787648e-04,8.170732e-03,9.058254e-03,6.002037e-01,1.550237e-03,7.590027e-04,7.099815e-04,6.213515e+01,6.010188e-27,1.810952e+04,1.810590e+04,4.073064e-01,3.808097e-05,8.843050e-03,8.821544e-03,2.298786e-02,1.896142e-02,5.563805e-05,5.826865e-05,
9.090909e-02,6.213515e+01,1.201314e-24,1.810952e+04,1.810590e+04,3.957175e-01,3.115528e-04,8.119979e-03,9.056894e-03,5.984020e-01,1.733198e-03,7.584555e-04,7.066912e-04,6.213515e+01,6.010188e-27,1.810952e+04,1.810590e+04,4.072982e-01,4.269240e-05,8.843576e-03,8.820910e-03,1.888509e-02,1.767790e-02,4.883326e-05,5.115006e-05,
9.595960e-02,6.213515e+01,1.201314e-24,1.810952e+04,1.810590e+04,3.944080e-01,3.459897e-04,8.068069e-03,9.053885e-03,5.964097e-01,1.925205e-03,7.576743e-04,7.031977e-04,6.213515e+01,6.010188e-27,1.810952e+04,1.810590e+04,4.072893e-01,4.756723e-05,8.844098e-03,8.820270e-03,1.560055e-02,1.648332e-02,4.314016e-05,4.518717e-05,
1.010101e-01,6.213515e+01,1.201314e-24,1.810952e+04,1.810590e+04,3.930324e-01,3.820393e-04,8.015026e-03,9.049231e-03,5.942144e-01,2.125932e-03,7.566414e-04,6.994870e-04,6.213515e+01,6.010188e-27,1.810952e+04,1.810590e+04,4.072799e-01,5.270544e-05,8.844613e-03,8.819624e-03,1.295531e-02,1.537737e-02,3.834333e-05,4.015791e-05,
1.060606e-01,6.213515e+01,1.201314e-24,1.810952e+04,1.810590e+04,3.915915e-01,4.196637e-04,7.960880e-03,9.042934e-03,5.918033e-01,2.335013e-03,7.553387e-04,6.955451e-04,6.213515e+01,6.010188e-27,1.810952e+04,1.810590e+04,4.072699e-01,5.810699e-05,8.845123e-03,8.818973e-03,1.081238e-02,1.435699e-02,3.427385e-05,3.588772e-05,
1.111111e-01,6.213515e+01,1.201314e-24,1.810952e+04,1.810590e+04,3.900861e-01,4.588236e-04,7.905658e-03,9.034999e-03,5.891637e-01,2.552045e-03,7.537481e-04,6.913580e-04,6.213515e+01,6.010188e-27,1.810952e+04,1.810590e+04,4.072593e-01,6.377186e-05,8.845627e-03,8.818316e-03,9.066428e-03,1.341759e-02,3.079863e-05,3.223867e-05,
1.161616e-01,6.213515e+01,1.201314e-24,1.810952e+04,1.810590e+04,3.885171e-01,4.994780e-04,7.849388e-03,9.025432e-03,5.862831e-01,2.776578e-03,7.518513e-04,6.869123e-04,6.213515e+01,6.010188e-27,1.810952e+04,1.810590e+04,4.072481e-01,6.970003e-05,8.846126e-03,8.817654e-03,7.636028e-03,1.255377e-02,2.781216e-05,2.910121e-05,
1.212121e-01,6.213515e+01,1.201314e-24,1.810952e+04,1.810590e+04,3.868852e-01,5.415848e-04,7.792099e-03,9.014240e-03,5.831495e-01,3.008120e-03,7.496304e-04,6.821945e-04,6.213515e+01,6.010188e-27,1.810952e+04,1.810590e+04,4.072363e-01,7.589147e-05,8.846618e-03,8.816986e-03,6.457920e-03,1.175985e-02,2.523029e-05,2.638778e-05,
1.262626e-01,6.213515e+01,1.201314e-24,1.810952e+04,1.810590e+04,3.851915e-01,5.851002e-04,7.733821e-03,9.001429e-03,5.797511e-01,3.246135e-03,7.470677e-04,6.771922e-04,6.213515e+01,6.010188e-27,1.810952e+04,1.810590e+04,4.072240e-01,8.234615e-05,8.847106e-03,8.816312e-03,5.482670e-03,1.103015e-02,2.298551e-05,2.402801e-05,
1.313131e-01,6.213515e+01,1.201314e-24,1.810952e+04,1.810590e+04,3.834368e-01,6.299792e-04,7.674582e-03,8.987009e-03,5.760767e-01,3.490040e-03,7.441463e-04,6.718935e-04,6.213515e+01,6.010188e-27,1.810952e+04,1.810590e+04,4.072110e-01,8.906403e-05,8.847587e-03,8.815632e-03,4.671436e-03,1.035919e-02,2.102330e-05,2.196497e-05,
1.363636e-01,6.213515e+01,1.201314e-24,1.810952e+04,1.810590e+04,3.816221e-01,6.761756e-04,7.614415e-03,8.970990e-03,5.721161e-01,3.739210e-03,7.408500e-04,6.662874e-04,6.213515e+01,6.010188e-27,1.810952e+04,1.810590e+04,4.071974e-01,9.604510e-05,8.848063e-03,8.814947e-03,3.993526e-03,9.741837e-03,1.929937e-05,2.015235e-05,
1.414141e-01,6.213515e+01,1.201314e-24,1.810952e+04,1.810590e+04,3.797485e-01,7.236419e-04,7.553348e-03,8.953382e-03,5.678599e-01,3.992973e-03,7.371636e-04,6.603641e-04,6.213515e+01,6.010188e-27,1.810952e+04,1.810590e+04,4.071833e-01,1.032893e-04,8.848533e-03,8.814256e-03,3.424554e-03,9.173284e-03,1.777753e-05,1.855224e-05,
1.464646e-01,6.213515e+01,1.201314e-24,1.810952e+04,1.810590e+04,3.778170e-01,7.723295e-04,7.491414e-03,8.934197e-03,5.632997e-01,4.250615e-03,7.330732e-04,6.541152e-04,6.213515e+01,6.010188e-27,1.810952e+04,1.810590e+04,4.071685e-01,1.107966e-04,8.848997e-03,8.813560e-03,2.945037e-03,8.649124e-03,1.642800e-05,1.713345e-05,
1.515152e-01,6.213515e+01,1.201314e-24,1.810952e+04,1.810590e+04,3.758287e-01,8.221889e-04,7.428643e-03,8.913447e-03,5.584284e-01,4.511384e-03,7.285662e-04,6.475335e-04,6.213515e+01,6.010188e-27,1.810952e+04,1.810590e+04,4.071532e-01,1.185670e-04,8.849455e-03,8.812857e-03,2.539330e-03,8.165332e-03,1.522616e-05,1.587013e-05,
1.565657e-01,6.213515e+01,1.201314e-24,1.810952e+04,1.810590e+04,3.737846e-01,8.731695e-04,7.365067e-03,8.891148e-03,5.532404e-01,4.774488e-03,7.236318e-04,6.406137e-04,6.213515e+01,6.010188e-27,1.810952e+04,1.810590e+04,4.071373e-01,1.266005e-04,8.849908e-03,8.812149e-03,2.194803e-03,7.718248e-03,1.415154e-05,1.474079e-05,
1.616162e-01,6.213515e+01,1.201314e-24,1.810952e+04,1.810590e+04,3.716860e-01,9.252198e-04,7.300718e-03,8.867313e-03,5.477316e-01,5.039102e-03,7.182610e-04,6.333520e-04,6.213515e+01,6.010188e-27,1.810952e+04,1.810590e+04,4.071207e-01,1.348969e-04,8.850355e-03,8.811435e-03,1.901208e-03,7.304555e-03,1.318703e-05,1.372744e-05,
1.666667e-01,6.213515e+01,1.201314e-24,1.810952e+04,1.810590e+04,3.695340e-01,9.782875e-04,7.235630e-03,8.841959e-03,5.418994e-01,5.304375e-03,7.124470e-04,6.257467e-04,6.213515e+01,6.010188e-27,1.810952e+04,1.810590e+04,4.071036e-01,1.434563e-04,8.850795e-03,8.810715e-03,1.650196e-03,6.921257e-03,1.231824e-05,1.281493e-05,
1.717172e-01,6.213515e+01,1.201314e-24,1.810952e+04,1.810590e+04,3.673298e-01,1.032320e-03,7.169833e-03,8.815103e-03,5.357431e-01,5.569428e-03,7.061851e-04,6.177982e-04,6.213515e+01,6.010188e-27,1.810952e+04,1.810590e+04,4.070859e-01,1.522785e-04,8.851230e-03,8.809989e-03,1.434924e-03,6.565650e-03,1.153303e-05,1.199049e-05,
1.767677e-01,6.213515e+01,1.201314e-24,1.810952e+04,1.810590e+04,3.650747e-01,1.087263e-03,7.103362e-03,8.786762e-03,5.292640e-01,5.833368e-03,6.994730e-04,6.095087e-04,6.213515e+01,6.010188e-27,1.810952e+04,1.810590e+04,4.070675e-01,1.613637e-04,8.851659e-03,8.809258e-03,1.249768e-03,6.235294e-03,1.082109e-05,1.124326e-05,
1.818182e-01,6.213515e+01,1.201314e-24,1.810952e+04,1.810590e+04,3.627700e-01,1.143062e-03,7.036248e-03,8.756956e-03,5.224651e-01,6.095289e-03,6.923109e-04,6.008829e-04,6.213515e+01,6.010188e-27,1.810952e+04,1.810590e+04,4.070486e-01,1.707117e-04,8.852082e-03,8.808520e-03,1.090080e-03,5.927989e-03,1.017363e-05,1.056398e-05,
1.868687e-01,6.213515e+01,1.201314e-24,1.810952e+04,1.810590e+04,3.604169e-01,1.199663e-03,6.968526e-03,8.725705e-03,5.153515e-01,6.354281e-03,6.847019e-04,5.919277e-04,6.213515e+01,6.010188e-27,1.810952e+04,1.810590e+04,4.070290e-01,1.803224e-04,8.852499e-03,8.807777e-03,9.520039e-04,5.641752e-03,9.583122e-06,9.944711e-06,
1.919192e-01,6.213515e+01,1.201314e-24,1.810952e+04,1.810590e+04,3.580167e-01,1.257011e-03,6.900229e-03,8.693029e-03,5.079306e-01,6.609438e-03,6.766514e-04,5.826521e-04,6.213515e+01,6.010188e-27,1.810952e+04,1.810590e+04,4.070089e-01,1.901959e-04,8.852910e-03,8.807027e-03,8.323295e-04,5.374793e-03,9.043105e-06,9.378641e-06,
1.969697e-01,6.213515e+01,1.201314e-24,1.810952e+04,1.810590e+04,3.555708e-01,1.315050e-03,6.831391e-03,8.658950e-03,5.002113e-01,6.859866e-03,6.681678e-04,5.730675e-04,6.213515e+01,6.010188e-27,1.810952e+04,1.810590e+04,4.069881e-01,2.003321e-04,8.853315e-03,8.806272e-03,7.283729e-04,5.125497e-03,8.547993e-06,8.859878e-06,
2.020202e-01,6.213515e+01,1.201314e-24,1.810952e+04,1.810590e+04,3.530806e-01,1.373724e-03,6.762044e-03,8.623491e-03,4.922050e-01,7.104689e-03,6.592622e-04,5.631874e-04,6.213515e+01,6.010188e-27,1.810952e+04,1.810590e+04,4.069668e-01,2.107308e-04,8.853714e-03,8.805510e-03,6.378820e-04,4.892406e-03,8.092946e-06,8.383318e-06,
2.070707e-01,6.213515e+01,1.201314e-24,1.810952e+04,1.810590e+04,3.505474e-01,1.432978e-03,6.692223e-03,8.586676e-03,4.839246e-01,7.343059e-03,6.499483e-04,5.530276e-04,6.213515e+01,6.010188e-27,1.810952e+04,1.810590e+04,4.069448e-01,2.213922e-04,8.854107e-03,8.804743e-03,5.589611e-04,4.674199e-03,7.673756e-06,7.944518e-06,
2.121212e-01,6.213515e+01,1.201314e-24,1.810952e+04,1.810590e+04,3.479728e-01,1.492755e-03,6.621961e-03,8.548530e-03,4.753853e-01,7.574163e-03,6.402425e-04,5.426055e-04,6.213515e+01,6.010188e-27,1.810952e+04,1.810590e+04,4.069222e-01,2.323161e-04,8.854494e-03,8.803969e-03,4.900085e-04,4.469682e-03,7.286751e-06,7.539604e-06,
2.171717e-01,6.213515e+01,1.201314e-24,1.810952e+04,1.810590e+04,3.453580e-01,1.552999e-03,6.551292e-03,8.509077e-03,4.666035e-01,7.797231e-03,6.301636e-04,5.319408e-04,6.213515e+01,6.010188e-27,1.810952e+04,1.810590e+04,4.068990e-01,2.435024e-04,8.854874e-03,8.803189e-03,4.296669e-04,4.277773e-03,6.928712e-06,7.165180e-06,
2.222222e-01,6.213515e+01,1.201314e-24,1.810952e+04,1.810590e+04,3.427046e-01,1.613655e-03,6.480251e-03,8.468344e-03,4.575977e-01,8.011541e-03,6.197327e-04,5.210546e-04,6.213515e+01,6.010188e-27,1.810952e+04,1.810590e+04,4.068752e-01,2.549511e-04,8.855249e-03,8.802403e-03,3.767822e-04,4.097491e-03,6.596814e-06,6.818264e-06,
2.272727e-01,6.213515e+01,1.201314e-24,1.810952e+04,1.810590e+04,3.400141e-01,1.674667e-03,6.408869e-03,8.426359e-03,4.483874e-01,8.216427e-03,6.089731e-04,5.099696e-04,6.213515e+01,6.010188e-27,1.810952e+04,1.810590e+04,4.068508e-01,2.666621e-04,8.855617e-03,8.801611e-03,3.303707e-04,3.927943e-03,6.288566e-06,6.496226e-06,
2.323232e-01,6.213515e+01,1.201314e-24,1.810952e+04,1.810590e+04,3.372878e-01,1.735979e-03,6.337182e-03,8.383148e-03,4.389935e-01,8.411286e-03,5.979100e-04,4.987097e-04,6.213515e+01,6.010188e-27,1.810952e+04,1.810590e+04,4.068258e-01,2.786355e-04,8.855978e-03,8.800813e-03,2.895910e-04,3.768318e-03,6.001765e-06,6.196744e-06,
2.373737e-01,6.213515e+01,1.201314e-24,1.810952e+04,1.810590e+04,3.345274e-01,1.797536e-03,6.265223e-03,8.338740e-03,4.294380e-01,8.595581e-03,5.865704e-04,4.872998e-04,6.213515e+01,6.010188e-27,1.810952e+04,1.810590e+04,4.068001e-01,2.908710e-04,8.856334e-03,8.800008e-03,2.537216e-04,3.617880e-03,5.734460e-06,5.917757e-06,
2.424242e-01,6.213515e+01,1.201314e-24,1.810952e+04,1.810590e+04,3.317343e-01,1.859283e-03,6.193024e-03,8.293165e-03,4.197436e-01,8.768842e-03,5.749823e-04,4.757657e-04,6.213515e+01,6.010188e-27,1.810952e+04,1.810590e+04,4.067738e-01,3.033687e-04,8.856683e-03,8.799197e-03,2.221425e-04,3.475953e-03,5.484916e-06,5.657435e-06,
2.474747e-01,6.213515e+01,1.201314e-24,1.810952e+04,1.810590e+04,3.289100e-01,1.921166e-03,6.120619e-03,8.246452e-03,4.099335e-01,8.930676e-03,5.631752e-04,4.641336e-04,6.213515e+01,6.010188e-27,1.810952e+04,1.810590e+04,4.067470e-01,3.161285e-04,8.857026e-03,8.798380e-03,1.943190e-04,3.341924e-03,5.251586e-06,5.414148e-06,
2.525253e-01,6.213515e+01,1.201314e-24,1.810952e+04,1.810590e+04,3.260561e-01,1.983131e-03,6.048041e-03,8.198633e-03,4.000315e-01,9.080762e-03,5.511793e-04,4.524302e-04,6.213515e+01,6.010188e-27,1.810952e+04,1.810590e+04,4.067194e-01,3.291503e-04,8.857362e-03,8.797556e-03,1.697894e-04,3.215232e-03,5.033090e-06,5.186436e-06,
2.575758e-01,6.213515e+01,1.201314e-24,1.810952e+04,1.810590e+04,3.231741e-01,2.045125e-03,5.975322e-03,8.149737e-03,3.900612e-01,9.218854e-03,5.390253e-04,4.406819e-04,6.213515e+01,6.010188e-27,1.810952e+04,1.810590e+04,4.066913e-01,3.424340e-04,8.857692e-03,8.796726e-03,1.481537e-04,3.095363e-03,4.828188e-06,4.972997e-06,
2.626263e-01,6.213515e+01,1.201314e-24,1.810952e+04,1.810590e+04,3.202656e-01,2.107095e-03,5.902495e-03,8.099797e-03,3.800464e-01,9.344784e-03,5.267441e-04,4.289152e-04,6.213515e+01,6.010188e-27,1.810952e+04,1.810590e+04,4.066625e-01,3.559796e-04,8.858015e-03,8.795890e-03,1.290649e-04,2.981845e-03,4.635770e-06,4.772657e-06,
2.676768e-01,6.213515e+01,1.201314e-24,1.810952e+04,1.810590e+04,3.173321e-01,2.168991e-03,5.829591e-03,8.048845e-03,3.700105e-01,9.458455e-03,5.143665e-04,4.171558e-04,6.213515e+01,6.010188e-27,1.810952e+04,1.810590e+04,4.066331e-01,3.697869e-04,8.858332e-03,8.795047e-03,1.122210e-04,2.874248e-03,4.454837e-06,4.584364e-06,
2.727273e-01,6.213515e+01,1.201314e-24,1.810952e+04,1.810590e+04,3.143751e-01,2.230760e-03,5.756643e-03,7.996914e-03,3.599764e-01,9.559842e-03,5.019232e-04,4.054291e-04,6.213515e+01,6.010188e-27,1.810952e+04,1.810590e+04,4.066031e-01,3.838560e-04,8.858642e-03,8.794198e-03,9.735881e-05,2.772174e-03,4.284487e-06,4.407167e-06,
2.777778e-01,6.213515e+01,1.201314e-24,1.810952e+04,1.810590e+04,3.113962e-01,2.292354e-03,5.683682e-03,7.944037e-03,3.499662e-01,9.648990e-03,4.894441e-04,3.937593e-04,6.213515e+01,6.010188e-27,1.810952e+04,1.810590e+04,4.065725e-01,3.981868e-04,8.858945e-03,8.793342e-03,8.424854e-05,2.675259e-03,4.123906e-06,4.240209e-06,
2.828283e-01,6.213515e+01,1.201314e-24,1.810952e+04,1.810590e+04,3.083969e-01,2.353723e-03,5.610739e-03,7.890246e-03,3.400014e-01,9.726008e-03,4.769583e-04,3.821697e-04,6.213515e+01,6.010188e-27,1.810952e+04,1.810590e+04,4.065412e-01,4.127791e-04,8.859242e-03,8.792479e-03,7.268907e-05,2.583168e-03,3.972356e-06,4.082713e-06,
2.878788e-01,6.213515e+01,1.201314e-24,1.810952e+04,1.810590e+04,3.053788e-01,2.414819e-03,5.537843e-03,7.835577e-03,3.301023e-01,9.791066e-03,4.644940e-04,3.706825e-04,6.213515e+01,6.010188e-27,1.810952e+04,1.810590e+04,4.065093e-01,4.276328e-04,8.859532e-03,8.791610e-03,6.250407e-05,2.495590e-03,3.829168e-06,3.933974e-06,
2.929293e-01,6.213515e+01,1.201314e-24,1.810952e+04,1.810590e+04,3.023434e-01,2.475595e-03,5.465025e-03,7.780063e-03,3.202881e-01,9.844390e-03,4.520780e-04,3.593185e-04,6.213515e+01,6.010188e-27,1.810952e+04,1.810590e+04,4.064767e-01,4.427480e-04,8.859816e-03,8.790734e-03,5.353872e-05,2.412242e-03,3.693735e-06,3.793353e-06,
2.979798e-01,6.213515e+01,1.201314e-24,1.810952e+04,1.810590e+04,2.992923e-01,2.536006e-03,5.392315e-03,7.723738e-03,3.105769e-01,9.886256e-03,4.397357e-04,3.480969e-04,6.213515e+01,6.010188e-27,1.810952e+04,1.810590e+04,4.064435e-01,4.581245e-04,8.860092e-03,8.789852e-03,4.565681e-05,2.332859e-03,3.565502e-06,3.660266e-06,
3.030303e-01,6.213515e+01,1.201314e-24,1.810952e+04,1.810590e+04,2.962270e-01,2.596006e-03,5.319741e-03,7.666637e-03,3.009854e-01,9.916986e-03,4.274913e-04,3.370356e-04,6.213515e+01,6.010188e-27,1.810952e+04,1.810590e+04,4.064097e-01,4.737622e-04,8.860362e-03,8.788962e-03,3.873832e-05,2.257197e-03,3.443965e-06,3.534183e-06,
3.080808e-01,6.213515e+01,1.201314e-24,1.810952e+04,1.810590e+04,2.931489e-01,2.655554e-03,5.247332e-03,7.608795e-03,2.915290e-01,9.936942e-03,4.153671e-04,3.261509e-04,6.213515e+01,6.010188e-27,1.810952e+04,1.810590e+04,4.063752e-01,4.896610e-04,8.860625e-03,8.788066e-03,3.267734e-05,2.185031e-03,3.328663e-06,3.414618e-06,
3.131313e-01,6.213515e+01,1.201314e-24,1.810952e+04,1.810590e+04,2.900596e-01,2.714605e-03,5.175116e-03,7.550247e-03,2.822217e-01,9.946517e-03,4.033838e-04,3.154574e-04,6.213515e+01,6.010188e-27,1.810952e+04,1.810590e+04,4.063401e-01,5.058208e-04,8.860881e-03,8.787163e-03,2.738025e-05,2.116152e-03,3.219173e-06,3.301129e-06,
3.181818e-01,6.213515e+01,1.201314e-24,1.810952e+04,1.810590e+04,2.869605e-01,2.773121e-03,5.103120e-03,7.491027e-03,2.730761e-01,9.946137e-03,3.915604e-04,3.049682e-04,6.213515e+01,6.010188e-27,1.810952e+04,1.810590e+04,4.063043e-01,5.222416e-04,8.861129e-03,8.786253e-03,2.276419e-05,2.050366e-03,3.115109e-06,3.193307e-06,
3.232323e-01,6.213515e+01,1.201314e-24,1.810952e+04,1.810590e+04,2.838532e-01,2.831061e-03,5.031371e-03,7.431172e-03,2.641035e-01,9.936247e-03,3.799139e-04,2.946947e-04,6.213515e+01,6.010188e-27,1.810952e+04,1.810590e+04,4.062679e-01,5.389233e-04,8.861371e-03,8.785336e-03,1.875572e-05,1.987493e-03,3.016116e-06,3.090781e-06,
3.282828e-01,6.213515e+01,1.201314e-24,1.810952e+04,1.810590e+04,2.807391e-01,2.888387e-03,4.959894e-03,7.370715e-03,2.553135e-01,9.917313e-03,3.684600e-04,2.846469e-04,6.213515e+01,6.010188e-27,1.810952e+04,1.810590e+04,4.062308e-01,5.558657e-04,8.861606e-03,8.784412e-03,1.528965e-05,1.927365e-03,2.921868e-06,2.993208e-06,
3.333333e-01,6.213515e+01,1.201314e-24,1.810952e+04,1.810590e+04,2.776196e-01,2.945063e-03,4.888715e-03,7.309691e-03,2.467147e-01,9.889812e-03,3.572122e-04,2.748332e-04,6.213515e+01,6.010188e-27,1.810952e+04,1.810590e+04,4.061931e-01,5.730688e-04,8.861833e-03,8.783481e-03,1.230806e-05,1.869828e-03,2.832063e-06,2.900271e-06,
3.383838e-01,6.213515e+01,1.201314e-24,1.810952e+04,1.810590e+04,2.744961e-01,3.001053e-03,4.817858e-03,7.248136e-03,2.383141e-01,9.854228e-03,3.461825e-04,2.652604e-04,6.213515e+01,6.010188e-27,1.810952e+04,1.810590e+04,4.061547e-01,5.905324e-04,8.862054e-03,8.782543e-03,9.759409e-06,1.814737e-03,2.746425e-06,2.811682e-06,
3.434343e-01,6.213515e+01,1.201314e-24,1.810952e+04,1.810590e+04,2.713701e-01,3.056324e-03,4.747348e-03,7.186085e-03,2.301177e-01,9.811052e-03,3.353812e-04,2.559340e-04,6.213515e+01,6.010188e-27,1.810952e+04,1.810590e+04,4.061156e-01,6.082564e-04,8.862267e-03,8.781598e-03,7.597780e-06,1.761955e-03,2.664699e-06,2.727170e-06,
3.484848e-01,6.213515e+01,1.201314e-24,1.810952e+04,1.810590e+04,2.682429e-01,3.110843e-03,4.677209e-03,7.123571e-03,2.221301e-01,9.760773e-03,3.248170e-04,2.468583e-04,6.213515e+01,6.010188e-27,1.810952e+04,1.810590e+04,4.060759e-01,6.262408e-04,8.862473e-03,8.780646e-03,5.782232e-06,1.711359e-03,2.586648e-06,2.646489e-06,
3.535354e-01,6.213515e+01,1.201314e-24,1.810952e+04,1.810590e+04,2.651158e-01,3.164580e-03,4.607461e-03,7.060629e-03,2.143547e-01,9.703878e-03,3.144971e-04,2.380360e-04,6.213515e+01,6.010188e-27,1.810952e+04,1.810590e+04,4.060356e-01,6.444855e-04,8.862671e-03,8.779686e-03,4.276213e-06,1.662829e-03,2.512054e-06,2.569410e-06,
3.585859e-01,6.213515e+01,1.201314e-24,1.810952e+04,1.810590e+04,2.619903e-01,3.217505e-03,4.538128e-03,6.997293e-03,2.067942e-01,9.640845e-03,3.044271e-04,2.294690e-04,6.213515e+01,6.010188e-27,1.810952e+04,1.810590e+04,4.059946e-01,6.629902e-04,8.862862e-03,8.778719e-03,3.047060e-06,1.616256e-03,2.440715e-06,2.495720e-06,
3.636364e-01,6.213515e+01,1.201314e-24,1.810952e+04,1.810590e+04,2.588675e-01,3.269591e-03,4.469230e-03,6.933597e-03,1.994499e-01,9.572146e-03,2.946116e-04,2.211579e-04,6.213515e+01,6.010188e-27,1.810952e+04,1.810590e+04,4.059529e-01,6.817550e-04,8.863046e-03,8.777745e-03,2.065555e-06,1.571537e-03,2.372442e-06,2.425222e-06,
3.686869e-01,6.213515e+01,1.201314e-24,1.810952e+04,1.810590e+04,2.557488e-01,3.320811e-03,4.400787e-03,6.869575e-03,1.923225e-01,9.498238e-03,2.850535e-04,2.131024e-04,6.213515e+01,6.010188e-27,1.810952e+04,1.810590e+04,4.059105e-01,7.007797e-04,8.863222e-03,8.776763e-03,1.305539e-06,1.528576e-03,2.307061e-06,2.357734e-06,
3.737374e-01,6.213515e+01,1.201314e-24,1.810952e+04,1.810590e+04,2.526353e-01,3.371141e-03,4.332820e-03,6.805260e-03,1.854116e-01,9.419568e-03,2.757548e-04,2.053014e-04,6.213515e+01,6.010188e-27,1.810952e+04,1.810590e+04,4.058675e-01,7.200641e-04,8.863390e-03,8.775774e-03,7.435691e-07,1.487284e-03,2.244410e-06,2.293086e-06,
3.787879e-01,6.213515e+01,1.201314e-24,1.810952e+04,1.810590e+04,2.495284e-01,3.420557e-03,4.265347e-03,6.740683e-03,1.787162e-01,9.336566e-03,2.667164e-04,1.977528e-04,6.213515e+01,6.010188e-27,1.810952e+04,1.810590e+04,4.058238e-01,7.396082e-04,8.863551e-03,8.774777e-03,3.586234e-07,1.447575e-03,2.184339e-06,2.231121e-06,
3.838384e-01,6.213515e+01,1.201314e-24,1.810952e+04,1.810590e+04,2.464292e-01,3.469038e-03,4.198385e-03,6.675878e-03,1.722348e-01,9.249645e-03,2.579381e-04,1.904539e-04,6.213515e+01,6.010188e-27,1.810952e+04,1.810590e+04,4.057794e-01,7.594118e-04,8.863704e-03,8.773773e-03,1.318328e-07,1.409370e-03,2.126706e-06,2.171690e-06,
3.888889e-01,6.213515e+01,1.201314e-24,1.810952e+04,1.810590e+04,2.433389e-01,3.516563e-03,4.131953e-03,6.610876e-03,1.659649e-01,9.159202e-03,2.494189e-04,1.834012e-04,6.213515e+01,6.010188e-27,1.810952e+04,1.810590e+04,4.057343e-01,7.794749e-04,8.863850e-03,8.772761e-03,4.624985e-08,1.372596e-03,2.071381e-06,2.114658e-06,
3.939394e-01,6.213515e+01,1.201314e-24,1.810952e+04,1.810590e+04,2.402585e-01,3.563114e-03,4.066067e-03,6.545709e-03,1.599038e-01,9.065615e-03,2.411571e-04,1.765910e-04,6.213515e+01,6.010188e-27,1.810952e+04,1.810590e+04,4.056886e-01,7.997972e-04,8.863987e-03,8.771742e-03,8.664224e-08,1.337182e-03,2.018241e-06,2.059896e-06,
3.989899e-01,6.213515e+01,1.201314e-24,1.810952e+04,1.810590e+04,2.371893e-01,3.608673e-03,4.000741e-03,6.480407e-03,1.540481e-01,8.969245e-03,2.331499e-04,1.700187e-04,6.213515e+01,6.010188e-27,1.810952e+04,1.810590e+04,4.056422e-01,8.203788e-04,8.864117e-03,8.770715e-03,2.393109e-07,1.303062e-03,1.967172e-06,2.007284e-06,
4.040404e-01,6.213515e+01,1.201314e-24,1.810952e+04,1.810590e+04,2.341321e-01,3.653225e-03,3.935992e-03,6.415001e-03,1.483942e-01,8.870431e-03,2.253944e-04,1.636796e-04,6.213515e+01,6.010188e-27,1.810952e+04,1.810590e+04,4.055951e-01,8.412193e-04,8.864239e-03,8.769680e-03,4.919282e-07,1.270175e-03,1.918068e-06,1.956712e-06,
4.090909e-01,6.213515e+01,1.201314e-24,1.810952e+04,1.810590e+04,2.310882e-01,3.696756e-03,3.871833e-03,6.349520e-03,1.429380e-01,8.769497e-03,2.178868e-04,1.575685e-04,6.213515e+01,6.010188e-27,1.810952e+04,1.810590e+04,4.055473e-01,8.623187e-04,8.864353e-03,8.768637e-03,8.333950e-07,1.238463e-03,1.870828e-06,1.908074e-06,
4.141414e-01,6.213515e+01,1.201314e-24,1.810952e+04,1.810590e+04,2.280583e-01,3.739252e-03,3.808278e-03,6.283994e-03,1.376753e-01,8.666745e-03,2.106229e-04,1.516800e-04,6.213515e+01,6.010188e-27,1.810952e+04,1.810590e+04,4.054988e-01,8.836769e-04,8.864459e-03,8.767586e-03,1.253713e-06,1.207870e-03,1.825358e-06,1.861272e-06,
4.191919e-01,6.213515e+01,1.201314e-24,1.810952e+04,1.810590e+04,2.250437e-01,3.780703e-03,3.745339e-03,6.218450e-03,1.326013e-01,8.562460e-03,2.035982e-04,1.460083e-04,6.213515e+01,6.010188e-27,1.810952e+04,1.810590e+04,4.054496e-01,9.052937e-04,8.864556e-03,8.766527e-03,1.743873e-06,1.178346e-03,1.781571e-06,1.816216e-06,
4.242424e-01,6.213515e+01,1.201314e-24,1.810952e+04,1.810590e+04,2.220450e-01,3.821098e-03,3.683027e-03,6.152917e-03,1.277114e-01,8.456909e-03,1.968076e-04,1.405477e-04,6.213515e+01,6.010188e-27,1.810952e+04,1.810590e+04,4.053997e-01,9.271690e-04,8.864646e-03,8.765460e-03,2.295751e-06,1.149840e-03,1.739384e-06,1.772819e-06,
4.292929e-01,6.213515e+01,1.201314e-24,1.810952e+04,1.810590e+04,2.190633e-01,3.860428e-03,3.621355e-03,6.087422e-03,1.230007e-01,8.350341e-03,1.902460e-04,1.352920e-04,6.213515e+01,6.010188e-27,1.810952e+04,1.810590e+04,4.053491e-01,9.493027e-04,8.864727e-03,8.764385e-03,2.902022e-06,1.122308e-03,1.698719e-06,1.731000e-06,
4.343434e-01,6.213515e+01,1.201314e-24,1.810952e+04,1.810590e+04,2.160994e-01,3.898686e-03,3.560332e-03,6.021991e-03,1.184642e-01,8.242986e-03,1.839080e-04,1.302353e-04,6.213515e+01,6.010188e-27,1.810952e+04,1.810590e+04,4.052978e-01,9.716945e-04,8.864800e-03,8.763302e-03,3.556078e-06,1.095706e-03,1.659505e-06,1.690683e-06,
4.393939e-01,6.213515e+01,1.201314e-24,1.810952e+04,1.810590e+04,2.131541e-01,3.935865e-03,3.499967e-03,5.956651e-03,1.140967e-01,8.135060e-03,1.777878e-04,1.253715e-04,6.213515e+01,6.010188e-27,1.810952e+04,1.810590e+04,4.052458e-01,9.943444e-04,8.864864e-03,8.762211e-03,4.251957e-06,1.069993e-03,1.621672e-06,1.651796e-06,
4.444444e-01,6.213515e+01,1.201314e-24,1.810952e+04,1.810590e+04,2.102282e-01,3.971962e-03,3.440270e-03,5.891426e-03,1.098932e-01,8.026761e-03,1.718798e-04,1.206943e-04,6.213515e+01,6.010188e-27,1.810952e+04,1.810590e+04,4.051931e-01,1.017252e-03,8.864920e-03,8.761111e-03,4.984278e-06,1.045129e-03,1.585156e-06,1.614274e-06,
4.494949e-01,6.213515e+01,1.201314e-24,1.810952e+04,1.810590e+04,2.073225e-01,4.006972e-03,3.381249e-03,5.826340e-03,1.058485e-01,7.918273e-03,1.661780e-04,1.161977e-04,6.213515e+01,6.010188e-27,1.810952e+04,1.810590e+04,4.051397e-01,1.040418e-03,8.864968e-03,8.760003e-03,5.748186e-06,1.021078e-03,1.549896e-06,1.578051e-06,
4.545455e-01,6.213515e+01,1.201314e-24,1.810952e+04,1.810590e+04,2.044376e-01,4.040894e-03,3.322910e-03,5.761418e-03,1.019574e-01,7.809766e-03,1.606766e-04,1.118756e-04,6.213515e+01,6.010188e-27,1.810952e+04,1.810590e+04,4.050856e-01,1.063841e-03,8.865007e-03,8.758887e-03,6.539297e-06,9.978061e-04,1.515835e-06,1.543070e-06,
4.595960e-01,6.213515e+01,1.201314e-24,1.810952e+04,1.810590e+04,2.015743e-01,4.073725e-03,3.265261e-03,5.696683e-03,9.821491e-02,7.701394e-03,1.553696e-04,1.077219e-04,6.213515e+01,6.010188e-27,1.810952e+04,1.810590e+04,4.050308e-01,1.087521e-03,8.865037e-03,8.757762e-03,7.353656e-06,9.752789e-04,1.482919e-06,1.509272e-06,
4.646465e-01,6.213515e+01,1.201314e-24,1.810952e+04,1.810590e+04,1.987333e-01,4.105465e-03,3.208308e-03,5.632156e-03,9.461590e-02,7.593299e-03,1.502511e-04,1.037307e-04,6.213515e+01,6.010188e-27,1.810952e+04,1.810590e+04,4.049752e-01,1.111459e-03,8.865059e-03,8.756629e-03,8.187694e-06,9.534657e-04,1.451097e-06,1.476607e-06,
4.696970e-01,6.213515e+01,1.201314e-24,1.810952e+04,1.810590e+04,1.959150e-01,4.136116e-03,3.152056e-03,5.567859e-03,9.115540e-02,7.485611e-03,1.453150e-04,9.989609e-05,6.213515e+01,6.010188e-27,1.810952e+04,1.810590e+04,4.049189e-01,1.135654e-03,8.865071e-03,8.755487e-03,9.038189e-06,9.323368e-04,1.420321e-06,1.445022e-06,
4.747475e-01,6.213515e+01,1.201314e-24,1.810952e+04,1.810590e+04,1.931202e-01,4.165680e-03,3.096509e-03,5.503814e-03,8.782850e-02,7.378448e-03,1.405556e-04,9.621238e-05,6.213515e+01,6.010188e-27,1.810952e+04,1.810590e+04,4.048619e-01,1.160106e-03,8.865075e-03,8.754336e-03,9.902237e-06,9.118641e-04,1.390545e-06,1.414472e-06,
4.797980e-01,6.213515e+01,1.201314e-24,1.810952e+04,1.810590e+04,1.903494e-01,4.194159e-03,3.041672e-03,5.440039e-03,8.463037e-02,7.271916e-03,1.359670e-04,9.267393e-05,6.213515e+01,6.010188e-27,1.810952e+04,1.810590e+04,4.048042e-01,1.184814e-03,8.865070e-03,8.753177e-03,1.077722e-05,8.920208e-04,1.361727e-06,1.384910e-06,
4.848485e-01,6.213515e+01,1.201314e-24,1.810952e+04,1.810590e+04,1.876030e-01,4.221558e-03,2.987547e-03,5.376555e-03,8.155631e-02,7.166112e-03,1.315435e-04,8.927525e-05,6.213515e+01,6.010188e-27,1.810952e+04,1.810590e+04,4.047457e-01,1.209779e-03,8.865056e-03,8.752009e-03,1.166077e-05,8.727816e-04,1.333824e-06,1.356295e-06,
4.898990e-01,6.213515e+01,1.201314e-24,1.810952e+04,1.810590e+04,1.848816e-01,4.247882e-03,2.934138e-03,5.313379e-03,7.860168e-02,7.061123e-03,1.272795e-04,8.601100e-05,6.213515e+01,6.010188e-27,1.810952e+04,1.810590e+04,4.046865e-01,1.235001e-03,8.865033e-03,8.750832e-03,1.255077e-05,8.541224e-04,1.306800e-06,1.328587e-06,
4.949495e-01,6.213515e+01,1.201314e-24,1.810952e+04,1.810590e+04,1.821856e-01,4.273135e-03,2.881448e-03,5.250530e-03,7.576201e-02,6.957027e-03,1.231694e-04,8.287597e-05,6.213515e+01,6.010188e-27,1.810952e+04,1.810590e+04,4.046265e-01,1.260479e-03,8.865001e-03,8.749646e-03,1.344530e-05,8.360202e-04,1.280617e-06,1.301747e-06,
5.000000e-01,6.213515e+01,1.201314e-24,1.810952e+04,1.810590e+04,1.795155e-01,4.297326e-03,2.829476e-03,5.188025e-03,7.303292e-02,6.853893e-03,1.192079e-04,7.986510e-05,6.213515e+01,6.010188e-27,1.810952e+04,1.810590e+04,4.045659e-01,1.286213e-03,8.864959e-03,8.748450e-03,1.434263e-05,8.184531e-04,1.255240e-06,1.275740e-06,
