Frequency,Open Loop Gain,
1.000000e-01,-957353296.833993792533874511718750-1016877005.128379821777343750000000j,
1.013925e-01,-947822336.041584610939025878906250-988316285.540612459182739257812500j,
1.028045e-01,-938133159.336888313293457031250000-960348841.589595198631286621093750j,
1.042361e-01,-928315926.160219788551330566406250-932949860.321207165718078613281250j,
1.056876e-01,-918360416.535281181335449218750000-906135284.155335783958435058593750j,
1.071593e-01,-908294666.901467919349670410156250-879881151.769631862640380859375000j,
1.086516e-01,-898119986.072754740715026855468750-854191048.836598396301269531250000j,
1.101646e-01,-887841495.688515424728393554687500-829064629.776790618896484375000000j,
1.116987e-01,-877481412.061558604240417480468750-804482091.432929873466491699218750j,
1.132541e-01,-867043477.665906906127929687500000-780443643.182269096374511718750000j,
1.148312e-01,-856528393.412186503410339355468750-756953234.403126955032348632812500j,
1.164303e-01,-845951231.686502099037170410156250-733997807.950228571891784667968750j,
1.180517e-01,-835318855.438970685005187988281250-711573539.116653203964233398437500j,
1.196956e-01,-824652296.720087647438049316406250-689658580.234113216400146484375000j,
1.213624e-01,-813938221.710894227027893066406250-668273488.952908635139465332031250j,
1.230524e-01,-803192718.429695725440979003906250-647402196.913717746734619140625000j,
1.247660e-01,-792427458.411130666732788085937500-627033307.615911483764648437500000j,
1.265034e-01,-781662408.570160746574401855468750-607143442.000901460647583007812500j,
1.282650e-01,-770875556.719502687454223632812500-587765592.952504515647888183593750j,
1.300511e-01,-760096056.731250405311584472656250-568863328.956085562705993652343750j,
1.318621e-01,-749323975.643989324569702148437500-550439307.262213110923767089843750j,
1.336984e-01,-738566150.169605970382690429687500-532486661.239260554313659667968750j,
1.355602e-01,-727837551.791534781455993652343750-514985913.975647747516632080078125j,
1.374479e-01,-717131262.505703091621398925781250-497949661.794235885143280029296875j,
1.393619e-01,-706459648.990110158920288085937500-481361676.808102607727050781250000j,
1.413026e-01,-695837131.532375335693359375000000-465201266.913753032684326171875000j,
1.432703e-01,-685251833.974213838577270507812500-449489007.739794075489044189453125j,
1.452654e-01,-674725065.262099742889404296875000-434192329.114949107170104980468750j,
1.472883e-01,-664254133.756607174873352050781250-419316805.540145337581634521484375j,
1.493393e-01,-653846361.473187446594238281250000-404851405.445951044559478759765625j,
1.514189e-01,-643508196.902149558067321777343750-390785925.635335445404052734375000j,
1.535275e-01,-633240852.214322805404663085937500-377118995.446771383285522460937500j,
1.556654e-01,-623047870.872290015220642089843750-363845063.140051603317260742187500j,
1.578331e-01,-612940464.827270984649658203125000-350943932.826777994632720947265625j,
1.600310e-01,-602922957.843864798545837402343750-338407127.338816940784454345703125j,
1.622595e-01,-592990425.444769740104675292968750-326243912.968431234359741210937500j,
1.645191e-01,-583153955.550430178642272949218750-314432480.423464298248291015625000j,
1.668101e-01,-573412113.893415808677673339843750-302975081.443645894527435302734375j,
1.691330e-01,-563771599.009582161903381347656250-291857364.944686055183410644531250j,
1.714882e-01,-554235054.684545874595642089843750-281072704.091625332832336425781250j,
1.738762e-01,-544804676.666594505310058593750000-270615135.211071252822875976562500j,
1.762975e-01,-535481060.390053033828735351562500-260482102.478061705827713012695312j,
1.787526e-01,-526275144.410912990570068359375000-250647210.139153718948364257812500j,
1.812418e-01,-517178752.574041724205017089843750-241127120.988446772098541259765625j,
1.837656e-01,-508201081.652398169040679931640625-231898344.634295552968978881835938j,
1.863246e-01,-499339939.261124789714813232421875-222963729.243288576602935791015625j,
1.889193e-01,-490601000.909280538558959960937500-214306718.422721803188323974609375j,
1.915501e-01,-481981796.049926698207855224609375-205930770.395449250936508178710938j,
1.942175e-01,-473488790.447212755680084228515625-197816080.064677774906158447265625j,
1.969220e-01,-465117426.042925179004669189453125-189971562.997358024120330810546875j,
1.996642e-01,-456873946.320572137832641601562500-182376897.896375566720962524414062j,
2.024447e-01,-448758104.632505118846893310546875-175028849.264031857252120971679688j,
2.052638e-01,-440768413.812987804412841796875000-167927998.377660393714904785156250j,
2.081222e-01,-432910252.626719355583190917968750-161054247.854720205068588256835938j,
2.110203e-01,-425180029.939921140670776367187500-154414128.060782521963119506835938j,
2.139589e-01,-417581806.808641135692596435546875-147990348.623500913381576538085938j,
2.169384e-01,-410111455.781700670719146728515625-141791658.630389034748077392578125j,
2.199593e-01,-402774342.988399028778076171875000-135795373.465590029954910278320312j,
2.230223e-01,-395568324.354378104209899902343750-130003360.135883048176765441894531j,
2.261280e-01,-388493729.864278137683868408203125-124409116.080972492694854736328125j,
2.292769e-01,-381550009.811295986175537109375000-119009198.185847893357276916503906j,
2.324697e-01,-374738661.820773422718048095703125-113792107.144846722483634948730469j,
2.357069e-01,-368057584.084080815315246582031250-108760126.241608574986457824707031j,
2.389893e-01,-361509212.356134593486785888671875-103897099.680785357952117919921875j,
2.423173e-01,-355090508.485254585742950439453125-99209334.690040290355682373046875j,
2.456916e-01,-348803640.818591952323913574218750-94680789.869854047894477844238281j,
2.491130e-01,-342646083.757155656814575195312500-90316029.128429114818572998046875j,
2.525820e-01,-336619296.601057827472686767578125-86101152.495018601417541503906250j,
2.560993e-01,-330721613.194449663162231445312500-82036926.487030059099197387695312j,
2.596656e-01,-324951944.965807497501373291015625-78121855.667517408728599548339844j,
2.632815e-01,-319311558.758973062038421630859375-74341558.916280135512351989746094j,
2.669478e-01,-313798467.290869891643524169921875-70699164.925569981336593627929688j,
2.706652e-01,-308412971.420223653316497802734375-67184904.104749143123626708984375j,
2.744343e-01,-303153783.657274544239044189453125-63798452.297742344439029693603516j,
2.782559e-01,-298020701.034208059310913085937500-60532799.057225532829761505126953j,
2.821308e-01,-293013267.382063388824462890625000-57382214.838170133531093597412109j,
2.860596e-01,-288129886.585550129413604736328125-54349724.710076771676540374755859j,
2.900430e-01,-283370572.249197244644165039062500-51426822.650868259370326995849609j,
2.940820e-01,-278734967.365402162075042724609375-48607226.275703817605972290039062j,
2.981772e-01,-274222058.950895071029663085937500-45890649.812256954610347747802734j,
3.023295e-01,-269831510.234007000923156738281250-43271165.508103437721729278564453j,
3.065395e-01,-265562517.191217154264450073242188-40747949.475410021841526031494141j,
3.108082e-01,-261414823.352643340826034545898438-38314866.891757614910602569580078j,
3.151363e-01,-257387743.375753968954086303710938-35971487.465607762336730957031250j,
3.195248e-01,-253481191.398831307888031005859375-33710337.240720182657241821289062j,
3.239743e-01,-249694709.774835348129272460937500-31529574.694432288408279418945312j,
3.284857e-01,-246027896.727772980928421020507812-29428758.128888819366693496704102j,
3.330600e-01,-242480707.885749369859695434570312-27402848.130505800247192382812500j,
3.376980e-01,-239053206.644148856401443481445312-25444467.423178486526012420654297j,
3.424006e-01,-235745148.152524948120117187500000-23557796.942457750439643859863281j,
3.471687e-01,-232556808.005253702402114868164062-21736659.863295000046491622924805j,
3.520031e-01,-229488431.842018812894821166992188-19980667.735411051660776138305664j,
3.569049e-01,-226540506.259351402521133422851562-18277627.632387675344944000244141j,
3.618750e-01,-223713541.497095406055450439453125-16638672.638510124757885932922363j,
3.669142e-01,-221008325.299599379301071166992188-15051644.634588461369276046752930j,
3.720237e-01,-218425802.537271022796630859375000-13515822.513825494796037673950195j,
3.772042e-01,-215967165.310099124908447265625000-12029268.081597236916422843933105j,
3.824570e-01,-213633879.747585386037826538085938-10590270.797457335516810417175293j,
3.877828e-01,-211427651.216343104839324951171875-9195646.034646434709429740905762j,
3.931829e-01,-209350371.982506811618804931640625-7840263.928661245852708816528320j,
3.986581e-01,-207404472.969419836997985839843750-6523616.991793405264616012573242j,
4.042096e-01,-205592785.232782065868377685546875-5244348.437828304246068000793457j,
4.098384e-01,-203918347.902454197406768798828125-3997807.929811452049762010574341j,
4.155455e-01,-202384988.302199453115463256835938-2783430.203728085383772850036621j,
4.213322e-01,-200996895.960676282644271850585938-1598096.883112348616123199462891j,
4.271994e-01,-199758567.352372556924819946289062-435443.917050707386806607246399j,
4.331483e-01,-198675739.476068139076232910156250+704885.564671275787986814975739j,
4.391801e-01,-197755069.045255452394485473632812+1823043.104954269714653491973877j,
4.452959e-01,-197003236.363134086132049560546875+2927352.817996730096638202667236j,
4.514968e-01,-196429342.694411814212799072265625+4014492.822193101514130830764771j,
4.577841e-01,-196042530.901896715164184570312500+5091519.894481942988932132720947j,
4.641589e-01,-195853321.990242093801498413085938+6165144.687771507538855075836182j,
4.706225e-01,-195875037.597865015268325805664062+7234249.459611483849585056304932j,
4.771761e-01,-196121824.552249968051910400390625+8305980.825673416256904602050781j,
4.838210e-01,-196610674.679317533969879150390625+9383947.347761573269963264465332j,
4.905584e-01,-197361833.954366117715835571289062+10469351.435998497530817985534668j,
4.973896e-01,-198397557.257869958877563476562500+11571259.328391544520854949951172j,
5.043159e-01,-199744060.848601877689361572265625+12698454.282000802457332611083984j,
5.113388e-01,-201433270.050639837980270385742188+13855052.431304460391402244567871j,
5.184594e-01,-203502558.961305767297744750976562+15048005.649552907794713973999023j,
5.256791e-01,-205995107.328614830970764160156250+16291383.867031635716557502746582j,
5.329994e-01,-208964539.358444333076477050781250+17592489.265763249248266220092773j,
5.404216e-01,-212473917.741601318120956420898438+18967551.576909672468900680541992j,
5.479472e-01,-216601001.766994357109069824218750+20431329.357390962541103363037109j,
5.555776e-01,-221440676.736824721097946166992188+22004383.958266153931617736816406j,
5.633143e-01,-227110785.981027871370315551757812+23711543.500652272254228591918945j,
5.711586e-01,-233759235.546467781066894531250000+25584058.526854485273361206054688j,
5.791123e-01,-241574501.063866227865219116210938+27660586.335871085524559020996094j,
5.871766e-01,-250798362.752126157283782958984375+29997205.214119236916303634643555j,
5.953533e-01,-261750505.709159910678863525390625+32660718.552480943500995635986328j,
6.036439e-01,-274858837.543804883956909179687500+35743929.318816967308521270751953j,
6.120498e-01,-290709665.989002645015716552734375+39378039.537503376603126525878906j,
6.205729e-01,-310127788.537340342998504638671875+43756049.935268320143222808837891j,
6.292146e-01,-334312898.766734123229980468750000+49167477.609467685222625732421875j,
6.379767e-01,-365086094.405840635299682617187500+56048930.826924420893192291259766j,
6.468608e-01,-405332727.373716056346893310546875+65147293.931799665093421936035156j,
6.558686e-01,-459932738.851049900054931640625000+77779232.629569768905639648437500j,
6.650018e-01,-537823511.079687714576721191406250+96544575.705025359988212585449219j,
6.742622e-01,-657339770.227519631385803222656250+127247220.648039281368255615234375j,
6.836516e-01,-862793094.913318514823913574218750+185999010.531332284212112426757812j,
6.931717e-01,-1295046435.558720111846923828125000+335984525.073413670063018798828125j,
7.028244e-01,-2726156802.621326923370361328125000+1137272811.351891756057739257812500j,
7.126115e-01,6174474629.876588821411132812500000+3213549568.416726112365722656250000j,
7.225349e-01,1671218782.315845727920532226562500-13277677.013227140530943870544434j,
7.325965e-01,901681715.701209783554077148437500-68146525.179037451744079589843750j,
7.427982e-01,601977408.020009160041809082031250-62245280.988919429481029510498047j,
7.531420e-01,443247997.925633788108825683593750-52841146.942340530455112457275391j,
7.636298e-01,345133227.497027933597564697265625-44785875.652924753725528717041016j,
7.742637e-01,278536353.068105459213256835937500-38283072.207277044653892517089844j,
7.850456e-01,230376227.503440856933593750000000-33044478.670009821653366088867188j,
7.959777e-01,193921523.887550622224807739257812-28750938.898148946464061737060547j,
8.070620e-01,165347260.771366149187088012695312-25173862.376464214175939559936523j,
8.183007e-01,142322196.395050078630447387695312-22146037.514115944504737854003906j,
8.296959e-01,123347932.480903029441833496093750-19543017.865401409566402435302734j,
8.412497e-01,107418041.826876252889633178710938-17275967.121087979525327682495117j,
8.529644e-01,93834660.462745293974876403808594-15279724.088184889405965805053711j,
8.648423e-01,82102820.775896027684211730957031-13506884.390680681914091110229492j,
8.768856e-01,71868422.370283335447311401367188-11920773.448636224493384361267090j,
8.890966e-01,62876835.681439213454723358154297-10496799.000663571059703826904297j,
9.014776e-01,54949908.666412487626075744628906-9216440.980344235897064208984375j,
9.140311e-01,47967232.543482117354869842529297-8069178.552639795467257499694824j,
9.267593e-01,41853981.200756587088108062744141-7050513.861736161634325981140137j,
9.396648e-01,36571159.177542291581630706787109-6158861.561604037880897521972656j,
9.527500e-01,32101951.292584344744682312011719-5397086.060400621965527534484863j,
9.660175e-01,28441495.156216971576213836669922-4766735.996138736605644226074219j,
9.794697e-01,25580806.835166011005640029907227-4266427.745261518284678459167480j,
9.931092e-01,23493337.245275210589170455932617-3893196.455099954269826412200928j,
1.006939e+00,22125453.852849490940570831298828-3636883.133633004501461982727051j,
1.020961e+00,21394959.092945594340562820434570-3482444.542801227420568466186523j,
1.035178e+00,21193644.998106282204389572143555-3409864.785486433655023574829102j,
1.049593e+00,21400291.819872710853815078735352-3397250.350413747597485780715942j,
1.064209e+00,21894543.984262164682149887084961-3422674.724515631794929504394531j,
1.079029e+00,22568714.167514979839324951171875-3466959.896505660377442836761475j,
1.094055e+00,23336207.255995087325572967529297-3515629.086748860310763120651245j,
1.109290e+00,24134952.589834839105606079101562-3557720.923045188654214143753052j,
1.124737e+00,24926129.685110311955213546752930-3586328.195391258224844932556152j,
1.140400e+00,25690912.433760825544595718383789-3598989.780558068770915269851685j,
1.156280e+00,26426351.095958620309829711914062-3595367.798470659181475639343262j,
1.172382e+00,27141359.342907361686229705810547-3576568.732427821494638919830322j,
1.188708e+00,27853756.643299076706171035766602-3545536.629584275651723146438599j,
1.205261e+00,28588372.058777362108230590820312-3506206.124497859273105859756470j,
1.222045e+00,29376431.600059829652309417724609-3463805.820169497281312942504883j,
1.239062e+00,30255775.190986741334199905395508-3422493.693430946674197912216187j,
1.256317e+00,31273688.999047387391328811645508-3391147.016440531238913536071777j,
1.273811e+00,32490334.740632500499486923217773-3380680.503060957882553339004517j,
1.291550e+00,33985550.409113332629203796386719-3406061.974903489928692579269409j,
1.309535e+00,35870949.608205027878284454345703-3492601.518815960735082626342773j,
1.327771e+00,38310608.157276019454002380371094-3684189.936496936250478029251099j,
1.346261e+00,41559195.949149951338768005371094-4060598.522125475574284791946411j,
1.365008e+00,46038261.420582406222820281982422-4783000.677731546573340892791748j,
1.384016e+00,52498644.169803276658058166503906-6211701.970367687754333019256592j,
1.403289e+00,62399850.827887974679470062255859-9271030.333863686770200729370117j,
1.422830e+00,78849898.050747126340866088867188-16837310.053548440337181091308594j,
1.442644e+00,108221086.317801624536514282226562-40783287.683642372488975524902344j,
1.462733e+00,132670097.708822906017303466796875-141577089.043513149023056030273438j,
1.483103e+00,-63107651.147769168019294738769531-187666373.595254063606262207031250j,
1.503755e+00,-79508466.501959487795829772949219-67122930.758060440421104431152344j,
1.524696e+00,-54167691.776388101279735565185547-31922879.017753273248672485351562j,
1.545928e+00,-38427776.221626579761505126953125-19480494.743321172893047332763672j,
1.567455e+00,-28723527.489037644118070602416992-13712219.615254195407032966613770j,
1.589283e+00,-22329389.856670986860990524291992-10512024.726379508152604103088379j,
1.611414e+00,-17872292.575964283198118209838867-8495783.013756908476352691650391j,
1.633854e+00,-14628585.001841740682721138000488-7089046.500922277569770812988281j,
1.656606e+00,-12184931.071499949321150779724121-6011523.695018886588513851165771j,
1.679675e+00,-10282111.815259635448455810546875-5104465.648856011219322681427002j,
1.703065e+00,-8733394.906350977718830108642578-4265336.989185309968888759613037j,
1.726781e+00,-7372248.569698018953204154968262-3429712.114497590344399213790894j,
1.750827e+00,-6020196.712478924542665481567383-2595457.027689001522958278656006j,
1.775208e+00,-4516910.863569463603198528289795-1887801.095154142705723643302917j,
1.799929e+00,-2874841.138527222909033298492432-1559099.990240498213097453117371j,
1.824993e+00,-1373246.825005776481702923774719-1739262.862818785710260272026062j,
1.850407e+00,-270184.417280352965462952852249-2235785.850196504499763250350952j,
1.876175e+00,447685.709733187395613640546799-2776661.654356332495808601379395j,
1.902301e+00,928089.145070563652552664279938-3238087.483672718051820993423462j,
1.928792e+00,1294816.316225689137354493141174-3613887.932190380059182643890381j,
1.955651e+00,1619979.410574997775256633758545-3937245.582911835517734289169312j,
1.982884e+00,1943343.550536408554762601852417-4246106.273238618858158588409424j,
2.010496e+00,2290591.981832802295684814453125-4576770.568657724186778068542480j,
2.038493e+00,2684763.715299777220934629440308-4967617.522750902920961380004883j,
2.066880e+00,3154045.335334340110421180725098-5467864.177438310347497463226318j,
2.095662e+00,3740451.545301814563572406768799-6153581.274442702531814575195312j,
2.124845e+00,4514301.519713625311851501464844-7162701.059521097689867019653320j,
2.154435e+00,5603922.495328585617244243621826-8788070.124207984656095504760742j,
2.184436e+00,7256268.370662935078144073486328-11789198.203825244680047035217285j,
2.214855e+00,9814218.450589928776025772094727-18852457.097062904387712478637695j,
2.245698e+00,6533238.629780682735145092010498-45587730.012126639485359191894531j,
2.276970e+00,-54947592.300981566309928894042969-2273382.150025947019457817077637j,
2.308678e+00,-19176878.364091407507658004760742+9352088.941042991355061531066895j,
2.340827e+00,-10519758.201188744977116584777832+6478941.977352004498243331909180j,
2.373424e+00,-7067176.349591725505888462066650+4655709.940833394415676593780518j,
2.406475e+00,-5241360.073831609450280666351318+3517284.610545073170214891433716j,
2.439986e+00,-4116353.498215109109878540039062+2756890.491606738884001970291138j,
2.473964e+00,-3354514.461357102729380130767822+2219617.507608050946146249771118j,
2.508415e+00,-2804674.497119535692036151885986+1823401.920039737364277243614197j,
2.543346e+00,-2389334.873683898244053125381470+1521441.805744090583175420761108j,
2.578763e+00,-2064722.292788285994902253150940+1285315.399781029671430587768555j,
2.614673e+00,-1804259.865766959032043814659119+1096825.630031717475503683090210j,
2.651084e+00,-1590873.623082459205761551856995+943814.505548259709030389785767j,
2.688001e+00,-1413089.071248051710426807403564+817862.460422561271116137504578j,
2.725433e+00,-1262899.747545467223972082138062+712971.832582630100660026073456j,
2.763385e+00,-1134552.649436824256554245948792+624742.185454154852777719497681j,
2.801867e+00,-1023796.565049354569055140018463+549891.403853085124865174293518j,
2.840884e+00,-927421.902641874970868229866028+485918.895847727020736783742905j,
2.880444e+00,-842958.724664245964959263801575+430886.289980370260309427976608j,
2.920556e+00,-768472.351647031842730939388275+383272.746947032166644930839539j,
2.961225e+00,-702425.342464118031784892082214+341868.064333571877796202898026j,
3.002462e+00,-643578.819602297618985176086426+305700.495374530612025409936905j,
3.044272e+00,-590924.166207490372471511363983+273978.171128583489917218685150j,
3.086665e+00,-543630.125348685076460242271423+246053.528061077056918293237686j,
3.129648e+00,-501006.579511039366479963064194+221388.820945075945928692817688j,
3.173230e+00,-462473.450124142284039407968521+199540.252394220995483919978142j,
3.217418e+00,-427541.908695474034175276756287+180132.359166375361382961273193j,
3.262222e+00,-395795.511574311472941190004349+162850.031804951519006863236427j,
3.307650e+00,-366877.976654064143076539039612+147425.342531182162929326295853j,
3.353710e+00,-340482.622860034869518131017685+133629.700925808283500373363495j,
3.400412e+00,-316343.694766836066264659166336+121268.542654035263694822788239j,
3.447764e+00,-294230.534295068355277180671692+110173.613415437896037474274635j,
3.495776e+00,-273941.814189230033662170171738+100200.024950811231974512338638j,
3.544456e+00,-255301.338739184197038412094116+91222.506897907122038304805756j,
3.593814e+00,-238154.642103501828387379646301+83132.453088948881486430764198j,
3.643859e+00,-222366.231492263264954090118408+75835.803624377513187937438488j,
3.694601e+00,-207817.456805297202663496136665+69251.617565365493646822869778j,
3.746050e+00,-194405.286493679683189839124680+63310.446981894405325874686241j,
3.798215e+00,-182041.627012929064221680164337+57954.607867950064246542751789j,
3.851107e+00,-170654.179480546939885243773460+53138.838186553555715363472700j,
3.904735e+00,-160189.314354886155342683196068+48834.876020677445922046899796j,
3.959110e+00,-150619.968122680322267115116119+45042.276820762715942692011595j,
4.014242e+00,-141964.000163473567226901650429+41822.723190887743839994072914j,
4.070142e+00,-134325.673608409211738035082817+39418.895048216734721790999174j,
4.126821e+00,-127910.882745171693386510014534+38814.334335023944731801748276j,
4.184289e+00,-120341.424588888316066004335880+44862.475779157459328416734934j,
4.242556e+00,-93819.996677093178732320666313+39335.479720815812470391392708j,
4.301636e+00,-92148.977289678339730016887188+26564.261422326471802080050111j,
4.361538e+00,-89424.744804785543237812817097+23094.663740838404919486492872j,
4.422274e+00,-85354.970423736755037680268288+20926.069212663234793581068516j,
4.483856e+00,-80961.648321583445067517459393+19119.187378824488405371084809j,
4.546295e+00,-76585.296608192482381127774715+17504.873505622294032946228981j,
4.609604e+00,-72351.225613948234240524470806+16034.534916457740109763108194j,
4.673795e+00,-68307.864017559768399223685265+14687.020663934656113269738853j,
4.738880e+00,-64472.046519957526470534503460+13449.243735292502606171183288j,
4.804870e+00,-60846.311679172875301446765661+12311.019418205896727158688009j,
4.871780e+00,-57426.292327374205342493951321+11263.879674570105635211803019j,
4.939622e+00,-54204.314770666096592321991920+10300.053009755114544532261789j,
5.008408e+00,-51171.107940186571795493364334+9412.699934352140189730562270j,
5.078152e+00,-48316.807529262216121423989534+8595.430131483492004917934537j,
5.148867e+00,-45631.439437913933943491429090+7842.464301368390806601382792j,
5.220568e+00,-43105.224949683855811599642038+7148.463853488718086737208068j,
5.293266e+00,-40728.731107757768768351525068+6508.540928660077952372375876j,
5.366977e+00,-38492.954990622187324333935976+5918.214807377962642931379378j,
5.441714e+00,-36389.360882235196186229586601+5373.392486564353021094575524j,
5.517492e+00,-34409.896111579248099587857723+4870.308548860570226679556072j,
5.594326e+00,-32546.986665882483066525310278+4405.501485299670093809254467j,
5.672229e+00,-30793.522025236201443476602435+3975.805338803222639398882166j,
5.751217e+00,-29142.839120358814398059621453+3578.304214888428305130219087j,
5.831305e+00,-27588.699651350718340836465359+3210.320292480790612898999825j,
5.912508e+00,-26125.266281806001643417403102+2869.410974047979834722355008j,
5.994843e+00,-24747.083758506400045007467270+2553.302581107135210913838819j,
6.078323e+00,-23449.052430697985982988029718+2259.922556184123095590621233j,
6.162966e+00,-22226.409717915848887059837580+1987.345916378120818990282714j,
6.248788e+00,-21074.707689783961541252210736+1733.805636661012613330967724j,
6.335805e+00,-19989.795157045220548752695322+1497.661651838149055038229562j,
6.424034e+00,-18967.798805373022332787513733+1277.406509176457575449603610j,
6.513491e+00,-18005.107920155351166613399982+1071.629640626602167685632594j,
6.604194e+00,-17098.358249324868666008114815+879.033221934000494002248161j,
6.696160e+00,-16244.419496867727502831257880+698.393569161882169282762334j,
6.789407e+00,-15440.382482399247237481176853+528.576292506119330028013792j,
6.883952e+00,-14683.549201034600628190673888+368.511277223632816912868293j,
6.979814e+00,-13971.423776963243653881363571+217.188142825543366143392632j,
7.077011e+00,-13301.705626226052117999643087+73.653158673764721697807545j,
7.175561e+00,-12672.284521357360063120722771-63.005929570134497907929472j,
7.275484e+00,-12081.237710902596518280915916-193.673000039606563404959161j,
7.376798e+00,-11526.830542203548247925937176-319.194628672273211122956127j,
7.479523e+00,-11007.519271752715212642215192-440.409156249203988409135491j,
7.583678e+00,-10521.958889000547060277312994-558.145760122910928657802287j,
7.689284e+00,-10069.016155662955497973598540-673.233602294680281374894548j,
7.796360e+00,-9647.789511402157586417160928-786.513792340959867033234332j,
7.904928e+00,-9257.638153859919839305803180-898.852657403787816292606294j,
8.015007e+00,-8898.224535002678749151527882-1011.150132002924578955571633j,
8.126619e+00,-8569.574696293204397079534829-1124.350416346331257955171168j,
8.239786e+00,-8272.163767435944464523345232-1239.453668224650073170778342j,
8.354528e+00,-8007.040093039441671862732619-1357.512576535509879249730147j,
8.470868e+00,-7776.002335200918423652183264-1479.629060093377574958140031j,
8.588829e+00,-7581.859829639599411166273057-1606.917197775173690388328396j,
8.708431e+00,-7428.818041285630897618830204-1740.413413593619679886614904j,
8.829700e+00,-7323.055383172568326699547470-1880.883125488977839268045500j,
8.952657e+00,-7273.598632249154434248339385-2028.400595884211952579789795j,
9.077327e+00,-7293.655611889794272428844124-2181.461486453185898426454514j,
9.203732e+00,-7402.616863773623663291800767-2335.102315065969378338195384j,
9.331898e+00,-7628.901637229366315295919776-2476.840056509368878323584795j,
9.461848e+00,-8013.255969860142613470088691-2577.836131460301203333074227j,
9.593608e+00,-8609.396046827101599774323404-2573.699946254316273552831262j,
9.727203e+00,-9468.072623098991243750788271-2325.654992361785389221040532j,
9.862658e+00,-10556.062969970902486238628626-1563.053412145901802432490513j,
1.000000e+01,-11501.636295381184027064591646+80.388178246714630859059980j,
1.013925e+01,-11208.919535689223266672343016+2225.157409609637852554442361j,
1.028045e+01,-10781.001803975408620317466557+5291.901963200537466036621481j,
1.042361e+01,-7828.173449101174810493830591+6402.969725670825937413610518j,
1.056876e+01,-5570.088117585755753680132329+6148.939504217230933136306703j,
1.071593e+01,-4099.933159600195722305215895+5415.782151204051842796616256j,
1.086516e+01,-3194.050620244499896216439083+4644.340808184660090773832053j,
1.101646e+01,-2626.648598834085078124189749+3972.537877964314247947186232j,
1.116987e+01,-2254.509210504346810921560973+3419.025978930749261053279042j,
1.132541e+01,-1996.438160663368080349755473+2968.665514598419576941523701j,
1.148312e+01,-1807.124795961390191223472357+2601.037189865431628277292475j,
1.164303e+01,-1660.850812751151352131273597+2298.198826309370360831962898j,
1.180517e+01,-1542.607622023954263568157330+2045.994382874193206589552574j,
1.196956e+01,-1443.365151101972969627240673+1833.627699325063986179884523j,
1.213624e+01,-1357.523300901361153592006303+1652.926731899140349923982285j,
1.230524e+01,-1281.507450536883652603137307+1497.683026680004786612698808j,
1.247660e+01,-1212.971278733284634654410183+1363.140375590914118220098317j,
1.265034e+01,-1150.333302847418963210657239+1245.616481071346470343996771j,
1.282650e+01,-1092.498973662131902528926730+1142.228954077099842834286392j,
1.300511e+01,-1038.690947707219038420589641+1050.696286795922105739009567j,
1.318621e+01,-988.342493262509719897934701+969.193263163401525162043981j,
1.336984e+01,-941.029525331075433314254042+896.244710367794368721661158j,
1.355602e+01,-896.426180852433162726811133+830.646991772838646284071729j,
1.374479e+01,-854.275441938100470906647388+771.409239271914088931225706j,
1.393619e+01,-814.369482257408435543766245+717.708820736934512751759030j,
1.413026e+01,-776.536128161699821248475928+668.857499214116046459821519j,
1.432703e+01,-740.629542919458572214352898+624.275294541640505485702306j,
1.452654e+01,-706.523771368673237702751067+583.470069838224731029185932j,
1.472883e+01,-674.108026636831596078991424+546.021678759296037242165767j,
1.493393e+01,-643.283486233536336840188596+511.569196588433612760127289j,
1.514189e+01,-613.960716543710759651730768+479.801058166638256352598546j,
1.535275e+01,-586.058083658279656447120942+450.446734405394920486287447j,
1.556654e+01,-559.500354593830593330494594+423.270283093786360950616654j,
1.578331e+01,-534.217729390351337315223645+398.064978533861165033158613j,
1.600310e+01,-510.145087193998392649518792+374.648926813567015869921306j,
1.622595e+01,-487.221400199993126989284065+352.861451593431866058381274j,
1.645191e+01,-465.389264359592459641135065+332.560106572473159758374095j,
1.668101e+01,-444.594586795608449847350130+313.618092778764832928573014j,
1.691330e+01,-424.786221782232132682111114+295.922252380006113980925875j,
1.714882e+01,-405.915779343564338432770455+279.371216443630828507593833j,
1.738762e+01,-387.937388049086791852460010+263.873949494057058018370299j,
1.762975e+01,-370.807524561924367390020052+249.348464220094712118225289j,
1.787526e+01,-354.484902970265352450951468+235.720667358831434512467240j,
1.812418e+01,-338.930268918464832950121490+222.923529019625220826128498j,
1.837656e+01,-324.106336229790315428545000+210.896192679211395670790807j,
1.863246e+01,-309.977655145950393489329144+199.583312741090907138641342j,
1.889193e+01,-296.510522247059782330325106+188.934437908278454187893658j,
1.915501e+01,-283.672886333081464727001730+178.903489689147136232350022j,
1.942175e+01,-271.434266801926526113675209+169.448300858025362458647578j,
1.969220e+01,-259.765674795851282397052273+160.530215437528909205866512j,
1.996642e+01,-248.639545650376334151587798+152.113730656590092849000939j,
2.024447e+01,-238.029665557603948400355875+144.166201680505992044345476j,
2.052638e+01,-227.911125459356640021724161+136.657556353277954031000263j,
2.081222e+01,-218.260260960070695546164643+129.560097953236862622361514j,
2.110203e+01,-209.054673798835807474461035+122.848291272915432159607008j,
2.139589e+01,-200.273324152129532649269095+116.498775498740002376507618j,
2.169384e+01,-191.897286527359369756595697+110.491031388464676865623915j,
2.199593e+01,-183.917505432264931641839212+104.818743468100990412494866j,
2.230223e+01,-176.214669381626151789532742+99.377723731819514796370640j,
2.261280e+01,-168.960948355810842258506455+94.279263444332784160906158j,
2.292769e+01,-162.013023295415393931762083+89.438700675492256664256274j,
2.324697e+01,-155.376881445498611356015317+84.847194040767803357994126j,
2.357069e+01,-149.039548686045634440233698+80.491557848937006269807171j,
2.389893e+01,-142.987215076809746960861958+76.358770910754429905864527j,
2.423173e+01,-137.206428781668847705077496+72.436487274720761320168094j,
2.456916e+01,-131.684297423840177998499712+68.713094645274807703572151j,
2.491130e+01,-126.408517468683399442852533+65.177701603688149134541163j,
2.525820e+01,-121.367375538245255484071095+61.820080840543226941008470j,
2.560993e+01,-116.549719680212902517268958+58.630642877680273272744671j,
2.596656e+01,-111.944945632352656161856430+55.600373671907689754334569j,
2.632815e+01,-107.542962178576729570522730+52.720813560829043353805901j,
2.669478e+01,-103.334174290036287402472226+49.984004900541648908074421j,
2.706652e+01,-99.309457260640385811711894+47.382461157096095405449887j,
2.744343e+01,-95.460133070368897278967779+44.909136225402164654951775j,
2.782559e+01,-91.777948509294304813010967+42.557394655230403657242277j,
2.821308e+01,-88.255055072933458859552047+40.320982535428861126547417j,
2.860596e+01,-84.883989266151488095601962+38.194001531301928764605691j,
2.900430e+01,-81.657652585934400235601061+36.170887587246930650053400j,
2.940820e+01,-78.569293690358335879864171+34.246388820206433933890366j,
2.981772e+01,-75.612490878415087536268402+32.415545995530337108903041j,
3.023295e+01,-72.781137268348288671404589+30.673670728383832795316266j,
3.065395e+01,-70.069423107212443824209913+29.016332809572631390437891j,
3.108082e+01,-67.471822441397961256370763+27.439341010112734409176483j,
3.151363e+01,-64.983078452960626236745156+25.938729547581154122326552j,
3.195248e+01,-62.598189262054042103500251+24.510746296078060879608529j,
3.239743e+01,-60.312396904248309681406681+23.151836002756233767740923j,
3.284857e+01,-58.121173819210937949719664+21.858631652629490815797908j,
3.330600e+01,-56.020212061529001346116274+20.627941832263349652976103j,
3.376980e+01,-54.005412675760872787122935+19.456739452601162554401526j,
3.424006e+01,-52.072873603673123454882443+18.342156689221667420497397j,
3.471687e+01,-50.218881892957824675249867+17.281470577744425298760689j,
3.520031e+01,-48.439903474668909666434047+16.272096773917631651329430j,
3.569049e+01,-46.732573329323258803924546+15.311584415443951101565290j,
3.618750e+01,-45.093689257488968280540576+14.397602535136231338697144j,
3.669142e+01,-43.520201403644712456753041+13.527940105126173619964902j,
3.720237e+01,-42.009206461314846592358663+12.700494303489811898089101j,
3.772042e+01,-40.557939442669535878849274+11.913267481389977930916757j,
3.824570e+01,-39.163766995689663019675208+11.164360855803554528620225j,
3.877828e+01,-37.824181253743219599527947+10.451968006751814144195123j,
3.931829e+01,-36.536793095072439996329194+9.774371640227450086513272j,
3.986581e+01,-35.299326678587199523917661+9.129937449144025052305551j,
4.042096e+01,-34.109613503456905903021834+8.517110951935730867035090j,
4.098384e+01,-32.965587530418758888117736+7.934411738275459313740612j,
4.155455e+01,-31.865279529672228875369910+7.380431825219415209460294j,
4.213322e+01,-30.806812893316262602638744+6.853829746320561966399509j,
4.271994e+01,-29.788398728872650167431857+6.353328393696173748139699j,
4.331483e+01,-28.808331725598954164979659+5.877711098325742788972548j,
4.391801e+01,-27.864985822525447645148233+5.425819378623886635182316j,
4.452959e+01,-26.956810580389849008042802+4.996549025035170288333575j,
4.514968e+01,-26.082327350500410290123909+4.588847813918318863102286j,
4.577841e+01,-25.240125698603005588438464+4.201713287164562160569403j,
4.641589e+01,-24.428860209693734617530936+3.834189560443569178005419j,
4.706225e+01,-23.647247231987979176892622+3.485365478675074513148502j,
4.771761e+01,-22.894061831859872313543747+3.154372603383399198406778j,
4.838210e+01,-22.168135059862414948383957+2.840382444373526382719319j,
4.905584e+01,-21.468351120056176739581133+2.542605141455640538339367j,
4.973896e+01,-20.793644847656668872559749+2.260287267171461333958860j,
5.043159e+01,-20.142999237999209327654171+1.992710224539758323558658j,
5.113388e+01,-19.515443114242685851422721+1.739188584379856905570705j,
5.184594e+01,-18.910048941246920151115773+1.499068269651735674230508j,
5.256791e+01,-18.325930685207108439271906+1.271725489817316034901751j,
5.329994e+01,-17.762241876075083979458213+1.056564703252585113446571j,
5.404216e+01,-17.218173635954077127507844+0.853017988374354274583311j,
5.479472e+01,-16.692952947300653931961278+0.660543092491101213603599j,
5.555776e+01,-16.185840890626614907432668+0.478622698896974174687102j,
5.633143e+01,-15.696131042486074491648651+0.306763041007460213194236j,
5.711586e+01,-15.223147927179644156581162+0.144492804542317221372372j,
5.791123e+01,-14.766245536489719825112843-0.008637878996570952372380j,
5.871766e+01,-14.324805942660525204246369-0.153058326701883767873014j,
5.953533e+01,-13.898237965363215096203930-0.289178462112175460596575j,
6.036439e+01,-13.485975913056533315170782-0.417389505862047593964803j,
6.120498e+01,-13.087478379854315946317911-0.538064987644123138288421j,
6.205729e+01,-12.702227109708330132775700-0.651561468639246244016761j,
6.292146e+01,-12.329725907692129283077520-0.758219278151301079304858j,
6.379767e+01,-11.969499611812484118900102-0.858363415885905589597371j,
6.468608e+01,-11.621093114115572220157446-0.952304032894531582442710j,
6.558686e+01,-11.284070420604322748658888-1.040337387548041725437997j,
6.650018e+01,-10.958013780270501769109615-1.122746122644830313319630j,
6.742622e+01,-10.642522826681121372871530-1.199800175920967104659098j,
6.836516e+01,-10.337213783448088832983558-1.271757265588944640910540j,
6.931717e+01,-10.041718705394979238576525-1.338863350535226981463666j,
7.028244e+01,-9.755684748453068877438454-1.401353245000450220558719j,
7.126115e+01,-9.478773476301844524982698-1.459451171432444294140396j,
7.225349e+01,-9.210660211617829773445010-1.513371126999717208860829j,
7.325965e+01,-8.951033413538707961265573-1.563317366307078515319517j,
7.427982e+01,-8.699594072843540359940562-1.609484899646770550418751j,
7.531420e+01,-8.456055153064681917385315-1.652059873883989560283680j,
7.636298e+01,-8.220141059202772382263902-1.691219916893468511176479j,
7.742637e+01,-7.991587111381560859513229-1.727134619085259892301565j,
7.850456e+01,-7.770139068800824944105443-1.759965816387753623217804j,
7.959777e+01,-7.555552662926115381480940-1.789867960581294381583461j,
8.070620e+01,-7.347593153234162066667068-1.816988467646221572238119j,
8.183007e+01,-7.146034913817744360642337-1.841467987059490329926348j,
8.296959e+01,-6.950661029824695802403767-1.863440734413907451383352j,
8.412497e+01,-6.761262906800102001625419-1.883034814118479394196015j,
8.529644e+01,-6.577639925019147071338921-1.900372416745055970110911j,
8.648423e+01,-6.399599084050779929100372-1.915570128763947277406032j,
8.768856e+01,-6.226954675013228523994258-1.928739175309047260142847j,
8.890966e+01,-6.059527967870293352348199-1.939985659095012859864937j,
9.014776e+01,-5.897146908892067607155241-1.949410799427083951229633j,
9.140311e+01,-5.739645844051664447249550-1.957111124556092374149330j,
9.267593e+01,-5.586865240056553716385679-1.963178708208160649917318j,
9.396648e+01,-5.438651432342862079849510-1.967701343888315523855681j,
9.527500e+01,-5.294856370991571914430551-1.970762766441451319110456j,
9.660175e+01,-5.155337394400289596774201-1.972442803010712397693283j,
9.794697e+01,-5.019956995590217019298507-1.972817578149675510346128j,
9.931092e+01,-4.888582621006445805278418-1.971959643842729370533107j,
1.006939e+02,-4.761086459116215863218713-1.969938161547190924594020j,
1.020961e+02,-4.637345241418929120413850-1.966819065093285523460054j,
1.035178e+02,-4.517240068658153084868445-1.962665181135956782298990j,
1.049593e+02,-4.400656224902636637352771-1.957536382011362707800117j,
1.064209e+02,-4.287483015899245408775187-1.951489706316567929178518j,
1.079029e+02,-4.177613600418141892589574-1.944579506396018953040539j,
1.094055e+02,-4.070944841033372618710473-1.936857556697474613827126j,
1.109290e+02,-3.967377156094522128171320-1.928373164466941958039570j,
1.124737e+02,-3.866814381592870386583627-1.919173290210818283441085j,
1.140400e+02,-3.769163632085559267892449-1.909302652726941218475076j,
1.156280e+02,-3.674335181634611480205876-1.898803816334804883680931j,
1.172382e+02,-3.582242327742595655593050-1.887717316868330552637190j,
1.188708e+02,-3.492801289263339548085696-1.876081719506772937933192j,
1.205261e+02,-3.405931084601984348836368-1.863933731435108542839885j,
1.222045e+02,-3.321553428780341654658059-1.851308275790152668704991j,
1.239062e+02,-3.239592629765949194364794-1.838238577442066867817516j,
1.256317e+02,-3.159975493679850089279171-1.824756230167411619191853j,
1.273811e+02,-3.082631224758262789009677-1.810891287599730725688119j,
1.291550e+02,-3.007491343798357252836695-1.796672313916037877490339j,
1.309535e+02,-2.934489596295614788346029-1.782126465818680394193052j,
1.327771e+02,-2.863561873536141888507700-1.767279548743522443743359j,
1.346261e+02,-2.794646133014702993335732-1.752156080392784254229355j,
1.365008e+02,-2.727682322935005565511801-1.736779349768331037751068j,
1.384016e+02,-2.662612310548551519673310-1.721171474518915944784681j,
1.403289e+02,-2.599379810581286864845652-1.705353453860439794098625j,
1.422830e+02,-2.537930324442180918254053-1.689345214553293894610420j,
1.442644e+02,-2.478211069883216932652203-1.673165667858666383338573j,
1.462733e+02,-2.420170926847979409046729-1.656832748574473823666153j,
1.483103e+02,-2.363760371183289965557606-1.640363468933956347939329j,
1.503755e+02,-2.308931424858481129547272-1.623773952551548216405308j,
1.524696e+02,-2.255637601809562298171841-1.607079475046242045266354j,
1.545928e+02,-2.203833850456181409072087-1.590294512353601419363258j,
1.567455e+02,-2.153476510575808244851714-1.573432767253881925384462j,
1.589283e+02,-2.104523261635951492110053-1.556507211815156166423435j,
1.611414e+02,-2.056933078542273474198510-1.539530117186209912105710j,
1.633854e+02,-2.010666187051521003326116-1.522513088500920375167880j,
1.656606e+02,-1.965684021331026043455381-1.505467094694570295843050j,
1.679675e+02,-1.921949183711226805115757-1.488402498469358237187521j,
1.703065e+02,-1.879425405007183691452610-1.471329084051252955589462j,
1.726781e+02,-1.838077507009590716435810-1.454256084560158202023672j,
1.750827e+02,-1.797871366020984407185779-1.437192209338278070518413j,
1.775208e+02,-1.758773879012829111090355-1.420145663708634264921216j,
1.799929e+02,-1.720752928139493986847697-1.403124179291860285090365j,
1.824993e+02,-1.683777349965877689896843-1.386135031988966703764277j,
1.850407e+02,-1.647816903785057185416463-1.369185063560078408073650j,
1.876175e+02,-1.612842241694909750648890-1.352280703878858236777205j,
1.902301e+02,-1.578824879312093365513192-1.335427990566386835524781j,
1.928792e+02,-1.545737168424789143017506-1.318632586164580011711678j,
1.955651e+02,-1.513552270639655583650551-1.301899796423445998527768j,
1.982884e+02,-1.482244129286611977747157-1.285234589470413357759071j,
2.010496e+02,-1.451787447742898473634909-1.268641608371265050436705j,
2.038493e+02,-1.422157662350299611730975-1.252125191395647707537364j,
2.066880e+02,-1.393330921105035979934428-1.235689382797500179833605j,
2.095662e+02,-1.365284060527269582863141-1.219337949126141129596590j,
2.124845e+02,-1.337994584141732001825176-1.203074392519496660369782j,
2.154435e+02,-1.311440641797912531885117-1.186901963762746037289730j,
2.184436e+02,-1.285601009080571621723266-1.170823675207734337888610j,
2.214855e+02,-1.260455068516412202583865-1.154842310901263990885468j,
2.245698e+02,-1.235982790526120700391743-1.138960440193217626969613j,
2.276970e+02,-1.212164714880931803975272-1.123180427470230391406858j,
2.308678e+02,-1.188981934150771913039080-1.107504441784251225655566j,
2.340827e+02,-1.166416075921905104451071-1.091934468593844353989653j,
2.373424e+02,-1.144449287127265124652808-1.076472317088154939668243j,
2.406475e+02,-1.123064217735487924088034-1.061119631606851188010410j,
2.439986e+02,-1.102244005916790836607788-1.045877897861787753086560j,
2.473964e+02,-1.081972263148821999934057-1.030748452975228657280127j,
2.508415e+02,-1.062233059921479982889991-1.015732492613439674755682j,
2.543346e+02,-1.043010912710078175180684-1.000831077969072335775991j,
2.578763e+02,-1.024290769284841084996174-0.986045144332363010519771j,
2.614673e+02,-1.006057997370286782867765-0.971375506595232529605255j,
2.651084e+02,-0.988298371283692023148149-0.956822866681366068775105j,
2.688001e+02,-0.970998060448847510883752-0.942387819095043322015215j,
2.725433e+02,-0.954143617440851854460959-0.928070857472657828601825j,
2.763385e+02,-0.937721967235117581651593-0.913872379695838232827043j,
2.801867e+02,-0.921720396099984573545782-0.899792693604970605925075j,
2.840884e+02,-0.906126541261750850786427-0.885832022137812202799978j,
2.880444e+02,-0.890928380748132076050183-0.871990508106811779143186j,
2.920556e+02,-0.876114223795529611926725-0.858268219015770661428633j,
2.961225e+02,-0.861672701299040388889239-0.844665150994067914780317j,
3.002462e+02,-0.847592756856798135167708-0.831181233622745763156558j,
3.044272e+02,-0.833863637927092060664336-0.817816333285609431413832j,
3.086665e+02,-0.820474887385480244894609-0.804570257531283528074084j,
3.129648e+02,-0.807416335298508425211139-0.791442758103984678186293j,
3.173230e+02,-0.794678091271752373714321-0.778433534349209144131976j,
3.217418e+02,-0.782250536709195198881162-0.765542236531636333118911j,
3.262222e+02,-0.770124317534370161908441-0.752768468471619822679486j,
3.307650e+02,-0.758290337089941202108889-0.740111790867408636529490j,
3.353710e+02,-0.746739749493383175860117-0.727571722897398132090530j,
3.400412e+02,-0.735463953085417232458099-0.715147745166967441221573j,
3.447764e+02,-0.724454584110453603251756-0.702839301793308113275316j,
3.495776e+02,-0.713703510891334325094704-0.690645802042612610982530j,
3.544456e+02,-0.703202827835634924902308-0.678566622249952122736261j,
3.593814e+02,-0.692944850138831780483883-0.666601106941490328949840j,
3.643859e+02,-0.682922108408703043558319-0.654748571017199076926829j,
3.694601e+02,-0.673127343654298826436388-0.643008299335220412373815j,
3.746050e+02,-0.663553502548078877332216-0.631379548813419511077427j,
3.798215e+02,-0.654193732848223463705040-0.619861548242846005507545j,
3.851107e+02,-0.645041379144641102705293-0.608453498899791056508946j,
3.904735e+02,-0.636089978669672984068484-0.597154574054651887671241j,
3.959110e+02,-0.627333257664354215776825-0.585963918990446752665946j,
4.014242e+02,-0.618765127743128418025265-0.574880650022664529963379j,
4.070142e+02,-0.610379682532740441835983-0.563903853899301976682068j,
4.126821e+02,-0.602171194787229691058883-0.553032585296612033687325j,
4.184289e+02,-0.594134113468394176038601-0.542265866130856366567059j,
4.242556e+02,-0.586263061392791717807427-0.531602681762799456066659j,
4.301636e+02,-0.578552833051107717743378-0.521041978703723374088952j,
4.361538e+02,-0.570998392719698988351240-0.510582660494538931317265j,
4.422274e+02,-0.563594873085845771143454-0.500223583348033296047674j,
4.483856e+02,-0.556337574056168904235165-0.489963550354777843676146j,
4.546295e+02,-0.549221962029721288978124-0.479801305235253661152228j,
4.609604e+02,-0.542243669789127524794026-0.469735524782832924994835j,
4.673795e+02,-0.535398496622734754168960-0.459764809470143309688694j,
4.738880e+02,-0.528682409267383635054216-0.449887673036470148169030j,
4.804870e+02,-0.522091543270607361115765-0.440102529860527780236623j,
4.871780e+02,-0.515622205252200593861289-0.430407679828428535451224j,
4.939622e+02,-0.509270875861006278029208-0.420801290929178173350067j,
5.008408e+02,-0.503034213808538299694817-0.411281378091431226717845j,
5.078152e+02,-0.496909060857190554294505-0.401845778321716140535358j,
5.148867e+02,-0.490892448255693503167407-0.392492121055597498191503j,
5.220568e+02,-0.484981604729699700140344-0.383217792310698412983072j,
5.293266e+02,-0.479173966025539299629088-0.374019891368531809394682j,
5.366977e+02,-0.473467186909832860042258-0.364895179020740922926080j,
5.441714e+02,-0.467859155569960605269841-0.355840013730993165452787j,
5.517492e+02,-0.462348011143095316555218-0.346850273635119776827196j,
5.594326e+02,-0.456932165022570724310924-0.337921260489794317294354j,
5.672229e+02,-0.451610326539381545796203-0.329047579836806325381815j,
5.751217e+02,-0.446381534284706948945143-0.320222991127971035041355j,
5.831305e+02,-0.441245193875463903587786-0.311440217881705116997892j,
5.912508e+02,-0.436201123853456107504201-0.302690705688518468807757j,
5.994843e+02,-0.431249611274511446268320-0.293964309999484640911760j,
6.078323e+02,-0.426391478760422604210589-0.285248888889870433338558j,
6.162966e+02,-0.421628165262860343798224-0.276529766024032341853456j,
6.248788e+02,-0.416961822224107603318544-0.267789011646799912647054j,
6.335805e+02,-0.412395426233891193579240-0.259004467583032971234047j,
6.424034e+02,-0.407932906848356424678315-0.250148402016286908189358j,
6.513491e+02,-0.403579282659717986092573-0.241185621205094041785699j,
6.604194e+02,-0.399340785936919351328811-0.232070764996383016587345j,
6.696160e+02,-0.395224928688961751888087-0.222744347259604569266855j,
6.789407e+02,-0.391240401186522368526255-0.213126811009899636006892j,
6.883952e+02,-0.387396556468581176879695-0.203109346937730916859977j,
6.979814e+02,-0.383701914492592333072452-0.192539247614567643474004j,
7.077011e+02,-0.380160350240824729262101-0.181195664470490347408571j,
7.175561e+02,-0.376761672208373366022016-0.168747728904079186129650j,
7.275484e+02,-0.373457979091751823830236-0.154678567051460547077113j,
7.376798e+02,-0.370101479742033723230321-0.138139493756867737239702j,
7.479523e+02,-0.366268075560966965831255-0.117652669819842403686749j,
7.583678e+02,-0.360700105075134003218551-0.090470878941501797765312j,
7.689284e+02,-0.349278040024764424575920-0.051215221972779501058426j,
7.796360e+02,-0.316389904676217026402441+0.009603365989562642757171j,
7.904928e+02,-0.201091593279405206340371+0.082178707725293037578140j,
8.015007e+02,0.002961715972431749020755-0.039419752069227452506706j,
8.126619e+02,-0.070459825501813705406207-0.231151249352530591130161j,
8.239786e+02,-0.167869636023076446162960-0.251563217049258602830974j,
8.354528e+02,-0.214371794787941938320586-0.235871505763887767681553j,
8.470868e+02,-0.236971718093716227082624-0.218203960643130051577643j,
8.588829e+02,-0.248650930776101897201613-0.202815100547183158052889j,
8.708431e+02,-0.254766527817709809156099-0.189687763649474816496365j,
8.829700e+02,-0.257754056741262782548318-0.178320688340254773773808j,
8.952657e+02,-0.258841407038950088725926-0.168279927078252011796167j,
9.077327e+02,-0.258703271950447288851649-0.159248336536037676802735j,
9.203732e+02,-0.257737019362282049339541-0.151000752021146322778833j,
9.331898e+02,-0.256190207618856524707240-0.143376481040749237383380j,
9.461848e+02,-0.254224333095364463108723-0.136259063536559171803120j,
9.593608e+02,-0.251948859972627947634294-0.129562550245012841898529j,
9.727203e+02,-0.249440416394236863517619-0.123222340813583686180976j,
9.862658e+02,-0.246754140283951178824751-0.117189028413673373973936j,
1.000000e+03,-0.243930659092931906295476-0.111424207279483239441120j,
1.013925e+03,-0.241000534244743852552162-0.105897570190021800273783j,
1.028045e+03,-0.237987177094853480374681-0.100584864268609824877743j,
1.042361e+03,-0.234908813736531996152479-0.095466428335524655679478j,
1.056876e+03,-0.231779839782712854256985-0.090526129560689408415364j,
1.071593e+03,-0.228611773993472988664166-0.085750579254855213706676j,
1.086516e+03,-0.225413942155531232813814-0.081128546521711641936747j,
1.101646e+03,-0.222193975937785392904544-0.076650514901014737967344j,
1.116987e+03,-0.218958181931628692584724-0.072308342520312735013377j,
1.132541e+03,-0.215711818577329406121379-0.068094999349905122043580j,
1.148312e+03,-0.212459306637935357864322-0.064004361928672370840587j,
1.164303e+03,-0.209204390726840022685096-0.060031051345956536191562j,
1.180517e+03,-0.205950264807264721289570-0.056170304622080113876592j,
1.196956e+03,-0.202699670526264641434722-0.052417871586330114230812j,
1.213624e+03,-0.199454974852563693410445-0.048769931664309526531120j,
1.230524e+03,-0.196218232070855563842215-0.045223026303707683504207j,
1.247660e+03,-0.192991233509245796451381-0.041774003875871289215294j,
1.265034e+03,-0.189775547703436547886113-0.038419974263968349748044j,
1.282650e+03,-0.186572553183256134579082-0.035158271604390167741627j,
1.300511e+03,-0.183383465253180888421269-0.031986423130111005241893j,
1.318621e+03,-0.180209358190754759254659-0.028902123531551554558305j,
1.336984e+03,-0.177051183390971256237378-0.025903213284018469786396j,
1.355602e+03,-0.173909784936729955306944-0.022987660724270816969828j,
1.374479e+03,-0.170785912137049938896993-0.020153546767967052411041j,
1.393619e+03,-0.167680230523552464827475-0.017399052272979310951317j,
1.413026e+03,-0.164593331020857047697348-0.014722447114039222126891j,
1.432703e+03,-0.161525737757618692569395-0.012122081286104827158034j,
1.452654e+03,-0.158477914834297073376490-0.009596377029087117815909j,
1.472883e+03,-0.155450272167810127355025-0.007143822395849007411694j,
1.493393e+03,-0.152443170617557910428985-0.004762965774450102218740j,
1.514189e+03,-0.149456926342532908646987-0.002452411052897437993003j,
1.535275e+03,-0.146491814999841402089586-0.000210813838241140361074j,
1.556654e+03,-0.143548075050156515031219+0.001963122039053154244126j,
1.578331e+03,-0.140625911095749206447536+0.004070647294081450318082j,
1.600310e+03,-0.137725496736914615469871+0.006112969678424555464158j,
1.622595e+03,-0.134846977235555137708545+0.008091255949527191571047j,
1.645191e+03,-0.131990471993893243585205+0.010006633707546862266380j,
1.668101e+03,-0.129156076863179036795515+0.011860192769433869353080j,
1.691330e+03,-0.126343866255079650962045+0.013652986547195981870129j,
1.714882e+03,-0.123553895297640090045199+0.015386033011619486970956j,
1.738762e+03,-0.120786201707820645134817+0.017060315706663324586412j,
1.762975e+03,-0.118040807719701462685791+0.018676784545024697342663j,
1.787526e+03,-0.115317721933195310723974+0.020236356500453456935817j,
1.812418e+03,-0.112616941067417763999714+0.021739916243550767849246j,
1.837656e+03,-0.109938451681494617218071+0.023188316786967280019871j,
1.863246e+03,-0.107282231956539797490535+0.024582379895673397984801j,
1.889193e+03,-0.104648253256506576502893+0.025922896819406723856183j,
1.915501e+03,-0.102036481895339509184950+0.027210628524943991646268j,
1.942175e+03,-0.099446880709461615843736+0.028446306437737163552715j,
1.969220e+03,-0.096879410670701923691261+0.029630632859405675594289j,
1.996642e+03,-0.094334032496656519684031+0.030764281450582159349594j,
2.024447e+03,-0.091810708239659491458617+0.031847897889237530844042j,
2.052638e+03,-0.089309402806830154308848+0.032882100428588148521847j,
2.081222e+03,-0.086830085573950374633334+0.033867480529175784942364j,
2.110203e+03,-0.084372731827771177415265+0.034804603497048766658217j,
2.139589e+03,-0.081937324327725477579598+0.035694009334304693803475j,
2.169384e+03,-0.079523854747678562882029+0.036536213376030995947374j,
2.199593e+03,-0.077132325188409761596020+0.037331707284138954117125j,
2.230223e+03,-0.074762749512665288564861+0.038080959864322007357718j,
2.261280e+03,-0.072415154826243111063633+0.038784418065742301551246j,
2.292769e+03,-0.070089582787837736987946+0.039442508032043771537545j,
2.324697e+03,-0.067786090928533160315794+0.040055636231605101782449j,
2.357069e+03,-0.065504753923627451195344+0.040624190602470008903957j,
2.389893e+03,-0.063245664848021923565291+0.041148541834502158631715j,
2.423173e+03,-0.061008936313297949805001+0.041629044723037217368145j,
2.456916e+03,-0.058794701641649869949813+0.042066039481432351831991j,
2.491130e+03,-0.056603115827643428470406+0.042459853340551127753866j,
2.525820e+03,-0.054434356644251905010812+0.042810801978579796078783j,
2.560993e+03,-0.052288625469125070421850+0.043119191237375092962125j,
2.596656e+03,-0.050166148192835768870879+0.043385318711557492588060j,
2.632815e+03,-0.048067175956369778688781+0.043609475599734971729138j,
2.669478e+03,-0.045991985827642772877155+0.043791948433159658127245j,
2.706652e+03,-0.043940881395606638804008+0.043933021007665176704826j,
2.744343e+03,-0.041914193266776811341856+0.044032976342401372593649j,
2.782559e+03,-0.039912279447671471233061+0.044092098622263209417582j,
2.821308e+03,-0.037935525639334465031194+0.044110675285627842789893j,
2.860596e+03,-0.035984345406182213777946+0.044088999113854353273378j,
2.900430e+03,-0.034059180244317033281476+0.044027370355101527743535j,
2.940820e+03,-0.032160499502422258688572+0.043926098917328668114202j,
2.981772e+03,-0.030288800242273240803659+0.043785506592397618885748j,
3.023295e+03,-0.028444606857176573527779+0.043605929269002231818408j,
3.065395e+03,-0.026628470697094987207354+0.043387719181723731487477j,
3.108082e+03,-0.024840969449480672370800+0.043131247211109120798245j,
3.151363e+03,-0.023082706421777239580440+0.042836905150024091881722j,
3.195248e+03,-0.021354309713208886184477+0.042505107947377288035717j,
3.239743e+03,-0.019656431171588134576567+0.042136296005526159558219j,
3.284857e+03,-0.017989745279659491439261+0.041730937443440821454921j,
3.330600e+03,-0.016354947823959943564720+0.041289530268846214022815j,
3.376980e+03,-0.014752754475152573404584+0.040812604581121895985785j,
3.424006e+03,-0.013183899181237928102672+0.040300724766214490735194j,
3.471687e+03,-0.011649132456328328832917+0.039754491496183111398643j,
3.520031e+03,-0.010149219405427879758808+0.039174543858639727933468j,
3.569049e+03,-0.008684937823124815048370+0.038561561242281133798926j,
3.618750e+03,-0.007257075862047998940363+0.037916265268112404884793j,
3.669142e+03,-0.005866429820742936548927+0.037239421549269943745308j,
3.720237e+03,-0.004513801629088418088109+0.036531841404260502470525j,
3.772042e+03,-0.003199996242466196516574+0.035794383476964931889430j,
3.824570e+03,-0.001925818923211624483782+0.035027955152580697584241j,
3.877828e+03,-0.000692072380675930187710+0.034233513947368177099406j,
3.931829e+03,0.000500446236467218946720+0.033412068740115395681922j,
3.986581e+03,0.001650948404309578176896+0.032564680870675738466602j,
4.042096e+03,0.002758657490167661097136+0.031692465050934537362792j,
4.098384e+03,0.003822812012057613673122+0.030796590165215183970693j,
4.155455e+03,0.004842669135946988875907+0.029878279931199958063814j,
4.213322e+03,0.005817508107873238867858+0.028938813370246764533622j,
4.271994e+03,0.006746633935626085432080+0.027979525098669938421025j,
4.331483e+03,0.007629381012217745228199+0.027001805470232606576353j,
4.391801e+03,0.008465116911520475379005+0.026007100547073423030264j,
4.452959e+03,0.009253246247433346075018+0.024996911898933035778292j,
4.514968e+03,0.009993214507386792566646+0.023972796164950564701268j,
4.577841e+03,0.010684512074649880203348+0.022936364490257162007669j,
4.641589e+03,0.011326678268701897284165+0.021889281806713400957420j,
4.706225e+03,0.011919305362005826187666+0.020833265762335233250990j,
4.771761e+03,0.012462042788666010534326+0.019770085678959339881011j,
4.838210e+03,0.012954601323217506195218+0.018701561133395175340333j,
4.905584e+03,0.013396757353707714616187+0.017629560416213045648259j,
4.973896e+03,0.013788357213570441930917+0.016555998786979674725073j,
5.043159e+03,0.014129321555107939023532+0.015482836454222893493582j,
5.113388e+03,0.014419649850265864321486+0.014412076381026872606839j,
5.184594e+03,0.014659424913789475403147+0.013345761816468407895409j,
5.256791e+03,0.014848817577739642850632+0.012285973598174109583381j,
5.329994e+03,0.014988091419729020897789+0.011234827133209550342752j,
5.404216e+03,0.015077607563449602762207+0.010194469097593639173027j,
5.479472e+03,0.015117829694843161469908+0.009167073789950491713441j,
5.555776e+03,0.015109329139008543727019+0.008154839131645916922020j,
5.633143e+03,0.015052789998436526611170+0.007159982193959441021391j,
5.711586e+03,0.014949014547264861951792+0.006184734299762295606229j,
5.791123e+03,0.014798928619564125086505+0.005231335562943604210184j,
5.871766e+03,0.014603587209219713941022+0.004302028859401734080248j,
5.953533e+03,0.014364180069884343801667+0.003399053051909380410156j,
6.036439e+03,0.014082037439450885776826+0.002524635527526940866755j,
6.120498e+03,0.013758635690831796244415+0.001680983790748716115437j,
6.205729e+03,0.013395602978067997629319+0.000870276138372215500930j,
6.292146e+03,0.012994724742652619120520+0.000094651246444762016791j,
6.379767e+03,0.012557948888088714747835-0.000643803465006392416220j,
6.468608e+03,0.012087390594706075991338-0.001343064728736860068831j,
6.558686e+03,0.011585336581098663877309-0.002001187779661835718092j,
6.650018e+03,0.011054248472786290177772-0.002616322209753712581259j,
6.742622e+03,0.010496765188723800391046-0.003186729412932486939225j,
6.836516e+03,0.009915703955799682126071-0.003710801702378015674844j,
6.931717e+03,0.009314059611809989355780-0.004187083089123558657385j,
7.028244e+03,0.008695001805618027962419-0.004614291716596820476515j,
7.126115e+03,0.008061869690402028235110-0.004991343835882150470340j,
7.225349e+03,0.007418163597538208337001-0.005317379159291986401303j,
7.325965e+03,0.006767533248075691988677-0.005591787311563101679768j,
7.427982e+03,0.006113761942597334062000-0.005814234997957764758403j,
7.531420e+03,0.005460746263215521256740-0.005984693371963565981797j,
7.636298e+03,0.004812470841627695603004-0.006103464934412666451080j,
7.742637e+03,0.004172977778506462009922-0.006171209154802287724650j,
7.850456e+03,0.003546330437186686040246-0.006188965850810687792383j,
7.959777e+03,0.002936571556922359590991-0.006158175191475091098114j,
8.070620e+03,0.002347675664129765527033-0.006080693078209663433864j,
8.183007e+03,0.001783496251969817272820-0.005958800569805860689043j,
8.296959e+03,0.001247708284703777630725-0.005795205917463589796734j,
8.412497e+03,0.000743747078252027151585-0.005593037849309916154095j,
8.529644e+03,0.000274744955827323483061-0.005355828835882862036522j,
8.648423e+03,-0.000156532625201244966762-0.005087487198699719784245j,
8.768856e+03,-0.000547749267517956073617-0.004792257380965014162966j,
8.890966e+03,-0.000897055754688559376514-0.004474667984411598992134j,
9.014776e+03,-0.001203141436093682018621-0.004139467758030175928430j,
9.140311e+03,-0.001465276033662091508675-0.003791550484754106081775j,
9.267593e+03,-0.001683339268797363549868-0.003435870165434694312179j,
9.396648e+03,-0.001857835771573339463114-0.003077348858294920094791j,
9.527500e+03,-0.001989893312038833964733-0.002720780049290986990496j,
9.660175e+03,-0.002081243018554381537383-0.002370731071640984431032j,
9.794697e+03,-0.002134181069152461720367-0.002031448491567079076697j,
9.931092e+03,-0.002151512335683441936446-0.001706770571816660893652j,
1.006939e+04,-0.002136477473868195458423-0.001400050829800147987950j,
1.020961e+04,-0.002092665994860961036633-0.001114096311670503824942j,
1.035178e+04,-0.002023918723537928773815-0.000851123634167949994628j,
1.049593e+04,-0.001934223799856414497192-0.000612734798083719315112j,
1.064209e+04,-0.001827610788761504156605-0.000399913834208692254603j,
1.079029e+04,-0.001708047608018119223328-0.000213044049201800797955j,
1.094055e+04,-0.001579344754539024247089-0.000051944496356160657115j,
1.109290e+04,-0.001445070790942919354560+0.000084076710440976324713j,
1.124737e+04,-0.001308482228429284086393+0.000196155620272930506474j,
1.140400e+04,-0.001172469984437254355777+0.000285796025434166436723j,
1.156280e+04,-0.001039523474058602365427+0.000354787600817720353511j,
1.172382e+04,-0.000911712317433861600680+0.000405122768832522712947j,
1.188708e+04,-0.000790684669217023858648+0.000438916069340215017451j,
1.205261e+04,-0.000677680352957138291969+0.000458329332139525947535j,
1.222045e+04,-0.000573556346622915180257+0.000465505238544881069090j,
1.239062e+04,-0.000478821871744283410113+0.000462511000641542839498j,
1.256317e+04,-0.000393680143824381317298+0.000451293166148817486479j,
1.273811e+04,-0.000318073973977911548909+0.000433643754753139213948j,
1.291550e+04,-0.000251732648977565109417+0.000411177328555727041991j,
1.309535e+04,-0.000194217889608916860402+0.000385318083632613095618j,
1.327771e+04,-0.000144967140196596054949+0.000357295699330966928797j,
1.346261e+04,-0.000103332905402554530794+0.000328148479134568449560j,
1.365008e+04,-0.000068617292226935911121+0.000298732247788290874654j,
1.384016e+04,-0.000040101334811098402616+0.000269733486376364395981j,
1.403289e+04,-0.000017069010514301176319+0.000241685315250230625022j,
1.422830e+04,0.000001173855966308002814+0.000214985088681839164090j,
1.442644e+04,0.000015285432952515229290+0.000189912580296451821531j,
1.462733e+04,0.000025877951451227127226+0.000166647936328849190701j,
1.483103e+04,0.000033511408224973530598+0.000145288770380137350008j,
1.503755e+04,0.000038690311097143987424+0.000125865972438565668166j,
1.524696e+04,0.000041862870924301196721+0.000108357956893534522046j,
1.545928e+04,0.000043422083929101033405+0.000092703207116742942281j,
1.567455e+04,0.000043708218671478015296+0.000078811085720970714893j,
1.589283e+04,0.000043012280303056719922+0.000066570954893046518897j,
1.611414e+04,0.000041580090747772426930+0.000055859709121417830554j,
1.633854e+04,0.000039616698949471300135+0.000046547859614590826388j,
1.656606e+04,0.000037290889720220374087+0.000038504328779320584457j,
1.679675e+04,0.000034739624267373967023+0.000031600122475280096386j,
1.703065e+04,0.000032072279666606449435+0.000025711044233648145193j,
1.726781e+04,0.000029374611881309299318+0.000020719608643491379819j,
1.750827e+04,0.000026712383505720640412+0.000016516298307121462461j,
1.775208e+04,0.000024134632765231785781+0.000013000292872705756581j,
1.799929e+04,0.000021676576559550608157+0.000010079783775812416137j,
1.824993e+04,0.000019362154287564825893+0.000007671971796493982156j,
1.850407e+04,0.000017206231000676958380+0.000005702828548995858820j,
1.876175e+04,0.000015216483052755903061+0.000004106690666143687092j,
1.902301e+04,0.000013394993796231841830+0.000002825741030158688103j,
1.928792e+04,0.000011739591830124618472+0.000001809420141075209850j,
1.955651e+04,0.000010244956311143770900+0.000001013804305831951299j,
1.982884e+04,0.000008903525237841095598+0.000000400973288086209464j,
2.010496e+04,0.000007706226615930421325-0.000000061609286535113049j,
2.038493e+04,0.000006643064744748798287-0.000000401692700436538857j,
2.066880e+04,0.000005703578302691727098-0.000000642800106749599356j,
2.095662e+04,0.000004877195778196772750-0.000000804750909936443010j,
2.124845e+04,0.000004153501971989669668-0.000000904138694347421914j,
2.154435e+04,0.000003522434338395034339-0.000000954765637293943006j,
2.184436e+04,0.000002974420718651081019-0.000000968032453101340052j,
2.214855e+04,0.000002500471081638503653-0.000000953286308570995745j,
2.245698e+04,0.000002092231770611621213-0.000000918128023979747610j,
2.276970e+04,0.000001742012254221179986-0.000000868682721690351060j,
2.308678e+04,0.000001442788659828745529-0.000000809835011349119041j,
2.340827e+04,0.000001188192036435310588-0.000000745433814174590792j,
2.373424e+04,0.000000972484142438583575-0.000000678468585504516556j,
2.406475e+04,0.000000790525142622368819-0.000000611220406834897275j,
2.439986e+04,0.000000637735967011209502-0.000000545390873208478346j,
2.473964e+04,0.000000510057596646330731-0.000000482211398548096138j,
2.508415e+04,0.000000403908936170267201-0.000000422535371832744786j,
2.543346e+04,0.000000316144595941276708-0.000000366915202275955570j,
2.578763e+04,0.000000244013843949386916-0.000000315666891085989956j,
2.614673e+04,0.000000185121065981368936-0.000000268923292666470754j,
2.651084e+04,0.000000137388254689831686-0.000000226677772565901157j,
2.688001e+04,0.000000099020232213891692-0.000000188820202007616610j,
2.725433e+04,0.000000068472236116190992-0.000000155165895532474627j,
2.763385e+04,0.000000044420257951556584-0.000000125478795832178218j,
2.801867e+04,0.000000025734088833194942-0.000000099490065889232073j,
2.840884e+04,0.000000011452905100644583-0.000000076912601049321673j,
2.880444e+04,0.000000000763320440168941-0.000000057452193606328950j,
2.920556e+04,-0.000000007020247376700056-0.000000040815990899335461j,
2.961225e+04,-0.000000012472925720270044-0.000000026718988444803469j,
3.002462e+04,-0.000000016074896265323419-0.000000014888382829961359j,
3.044272e+04,-0.000000018224937586969642-0.000000005066755888934011j,
3.086665e+04,-0.000000019252357651215348+0.000000002985960796336808j,
3.129648e+04,-0.000000019427414217365974+0.000000009491441567468385j,
3.173230e+04,-0.000000018970364993364497+0.000000014652537883440101j,
3.217418e+04,-0.000000018059338405236756+0.000000018653453373188940j,
3.262222e+04,-0.000000016837097724187463+0.000000021660199378927181j,
3.307650e+04,-0.000000015416886958709995+0.000000023821421285761977j,
3.353710e+04,-0.000000013887426452912584+0.000000025269375531623189j,
3.400412e+04,-0.000000012317177632267772+0.000000026121009703569421j,
3.447764e+04,-0.000000010757974227442949+0.000000026479126064640878j,
3.495776e+04,-0.000000009248089675553499+0.000000026433569597311563j,
3.544456e+04,-0.000000007814830811788872+0.000000026062413820124340j,
3.593814e+04,-0.000000006476706776742361+0.000000025433056073401087j,
3.643859e+04,-0.000000005245248851722341+0.000000024603364974196216j,
3.694601e+04,-0.000000004126516509218708+0.000000023622677826928361j,
3.746050e+04,-0.000000003122346830424473+0.000000022532757618856174j,
3.798215e+04,-0.000000002231377787670800+0.000000021368698426493990j,
3.851107e+04,-0.000000001449884913462155+0.000000020159741832482053j,
3.904735e+04,-0.000000000772458789116140+0.000000018930007159285592j,
3.959110e+04,-0.000000000192548590583342+0.000000017699172614068731j,
4.014242e+04,0.000000000297106310526484+0.000000016483077775190267j,
4.070142e+04,0.000000000704137533591976+0.000000015294273595276513j,
4.126821e+04,0.000000001036282717950182+0.000000014142481373542810j,
4.184289e+04,0.000000001301189479073624+0.000000013035040370028438j,
4.242556e+04,0.000000001506265047641691+0.000000011977270910456887j,
4.301636e+04,0.000000001658572509135916+0.000000010972808407680905j,
4.361538e+04,0.000000001764757662297174+0.000000010023888398213591j,
4.422274e+04,0.000000001831002859197671+0.000000009131592472029911j,
4.483856e+04,0.000000001863003700791760+0.000000008296065414444775j,
4.546295e+04,0.000000001865960401410143+0.000000007516699566345846j,
4.609604e+04,0.000000001844583744431096+0.000000006792296263604198j,
4.673795e+04,0.000000001803106418036523+0.000000006121192217232282j,
4.738880e+04,0.000000001745306016165879+0.000000005501380814653086j,
4.804870e+04,0.000000001674528867743337+0.000000004930603299464061j,
4.871780e+04,0.000000001593717823855045+0.000000004406427724334312j,
4.939622e+04,0.000000001505443580289644+0.000000003926318103598960j,
5.008408e+04,0.000000001411933555102446+0.000000003487684733058635j,
5.078152e+04,0.000000001315103535489458+0.000000003087931072426726j,
5.148867e+04,0.000000001216585808200764+0.000000002724485139361143j,
5.220568e+04,0.000000001117758933628174+0.000000002394830378494628j,
5.293266e+04,0.000000001019773629368261+0.000000002096524461807865j,
5.366977e+04,0.000000000923578965635098+0.000000001827217135887344j,
5.441714e+04,0.000000000829945067745838+0.000000001584660040744477j,
5.517492e+04,0.000000000739485331422154+0.000000001366715695458403j,
5.594326e+04,0.000000000652676294416300+0.000000001171362072605705j,
5.672229e+04,0.000000000569875667713418+0.000000000996694980244034j,
5.751217e+04,0.000000000491338441729418+0.000000000840927827348150j,
5.831305e+04,0.000000000417232203467863+0.000000000702391438736387j,
5.912508e+04,0.000000000347649719029028+0.000000000579530468339997j,
5.994843e+04,0.000000000282621219672078+0.000000000470900881744160j,
6.078323e+04,0.000000000222124499742981+0.000000000375165260976303j,
6.162966e+04,0.000000000166094186084103+0.000000000291088256005162j,
6.248788e+04,0.000000000114429852593005+0.000000000217531630300759j,
6.335805e+04,0.000000000067002983644774+0.000000000153448921219922j,
6.424034e+04,0.000000000023663176817434+0.000000000097880250427329j,
6.513491e+04,-0.000000000015756640656751+0.000000000049946846219211j,
6.604194e+04,-0.000000000051435641266347+0.000000000008845838646390j,
6.696160e+04,-0.000000000083561195710012-0.000000000026154923264715j,
6.789407e+04,-0.000000000112325641226640-0.000000000055721857178979j,
6.883952e+04,-0.000000000137923488123970-0.000000000080460487733095j,
6.979814e+04,-0.000000000160549053718030-0.000000000100919992372201j,
7.077011e+04,-0.000000000180394683930868-0.000000000117597644316701j,
7.175561e+04,-0.000000000197649078430039-0.000000000130942871426476j,
7.275484e+04,-0.000000000212496096100711-0.000000000141361184461576j,
7.376798e+04,-0.000000000225113841348213-0.000000000149217870136542j,
7.479523e+04,-0.000000000235673751382259-0.000000000154841301664637j,
7.583678e+04,-0.000000000244340213732913-0.000000000158526240566015j,
7.689284e+04,-0.000000000251270022659999-0.000000000160536687975786j,
7.796360e+04,-0.000000000256612260804958-0.000000000161108723245407j,
7.904928e+04,-0.000000000260508036888147-0.000000000160452952994612j,
8.015007e+04,-0.000000000263090578847972-0.000000000158756932151624j,
8.126619e+04,-0.000000000264485237990835-0.000000000156187296685035j,
8.239786e+04,-0.000000000264809552039578-0.000000000152891714131684j,
8.354528e+04,-0.000000000264173490311722-0.000000000149000750907417j,
8.470868e+04,-0.000000000262679650213740-0.000000000144629529902373j,
8.588829e+04,-0.000000000260423466507538-0.000000000139879234737538j,
8.708431e+04,-0.000000000257493504312849-0.000000000134838524097686j,
8.829700e+04,-0.000000000253971818769920-0.000000000129584835089597j,
8.952657e+04,-0.000000000249934066888692-0.000000000124185447131838j,
9.077327e+04,-0.000000000245450085092166-0.000000000118698672855739j,
9.203732e+04,-0.000000000240583978361919-0.000000000113174706619586j,
9.331898e+04,-0.000000000235394539812961-0.000000000107656545377533j,
9.461848e+04,-0.000000000229935584779128-0.000000000102180789287037j,
9.593608e+04,-0.000000000224256048747010-0.000000000096778263389269j,
9.727203e+04,-0.000000000218400615549570-0.000000000091474810741459j,
9.862658e+04,-0.000000000212409707703429-0.000000000086291746513831j,
1.000000e+05,-0.000000000206319964499700-0.000000000081246466935672j,
