Frequency,Response,
1.000000e-02,45113.2878961237147450-0.0722133217184036j,
1.016265e-02,45113.3247001646086574+17.9845341860504888j,
1.032795e-02,45113.2878923863172531-0.0748887857377438j,
1.049593e-02,45113.2879333924502134-0.0762825421699267j,
1.066665e-02,45113.2875360688194633-0.2408854528830453j,
1.084014e-02,45113.2878846628591418-0.1013083726867938j,
1.101646e-02,45113.2458897782489657-19.2127672137172425j,
1.119564e-02,45113.3416073108091950+24.3715278067274141j,
1.137774e-02,45113.2440355215221643-19.4022266709549527j,
1.156280e-02,45113.2499949177727103-16.6485710649142185j,
1.175087e-02,45113.3310004556551576+18.3456596120011461j,
1.194200e-02,45113.3313312400132418+18.1344965615701987j,
1.213624e-02,45113.2439384795725346-18.3083919161799216j,
1.233363e-02,45113.3748639589175582+35.6095795974361309j,
1.253424e-02,45113.3011255878955126+5.2971453102618113j,
1.273811e-02,45113.2878983439877629-0.0689485517536923j,
1.294530e-02,45113.2386203892529011-19.1581686591264315j,
1.315586e-02,45113.2877980628982186-0.0261297644907490j,
1.336984e-02,45113.3361446680501103+18.0063045733530629j,
1.358730e-02,45113.2878326866775751-0.0751985747368540j,
1.380830e-02,45113.2373714996501803-18.5535154920945828j,
1.403289e-02,45113.3812252208590508+33.8732191677991423j,
1.426114e-02,45113.2882346324622631+0.0830528387798033j,
1.449310e-02,45113.2873437497764826-0.2445033907469885j,
1.472883e-02,45113.2878301562741399+0.1030793704233055j,
1.496839e-02,45113.4149944866076112+42.5727659192913137j,
1.521186e-02,45113.2637227848172188-7.9522488667421989j,
1.545928e-02,45113.2877022838220000-0.0890061977334806j,
1.571072e-02,45113.2882496090605855+0.0721797807499520j,
1.596626e-02,45113.3479810776188970+18.8550155517474956j,
1.622595e-02,45113.2882106695324183+0.0686032711942808j,
1.648987e-02,45113.2251852350309491-19.2065101386068733j,
1.675808e-02,45113.2273557614535093-18.3882866904653639j,
1.703065e-02,45113.2876212550327182-0.0998682599022214j,
1.730766e-02,45113.2876118095591664-0.1022816972649352j,
1.758917e-02,45113.2877921778708696-0.0806624235505762j,
1.787526e-02,45113.2289487682282925-16.6947186649701926j,
1.816600e-02,45113.3561060084030032+18.8159560568335600j,
1.846147e-02,45113.2870726063847542-0.2730448084136299j,
1.876175e-02,45113.1828238992020488-28.3929607049669528j,
1.906691e-02,45113.3566353758797050+17.9892208967018377j,
1.937703e-02,45113.2876484105363488-0.1629466965766611j,
1.969220e-02,45113.3592774849385023+18.1253890656983572j,
2.001250e-02,45113.2877198327332735-0.1679821993654684j,
2.033800e-02,45113.2148670190945268-18.2045093936651341j,
2.066880e-02,45113.2079790402203798-19.4466914223101028j,
2.100498e-02,45113.1387293599545956-35.8048628208104844j,
2.134663e-02,45113.2538107223808765-8.0880422444695874j,
2.169384e-02,45113.3659481452777982+17.9699431706503461j,
2.204669e-02,45113.2071468504145741-18.5434293939062371j,
2.240528e-02,45113.2874713866040111-0.1615605421173463j,
2.276970e-02,45113.3707190463319421+18.2663844953652266j,
2.314005e-02,45113.2627202887088060-5.5320785938748624j,
2.351643e-02,45113.3767078099772334+18.9406117453943814j,
2.389893e-02,45113.1722837304696441-24.5646261749112469j,
2.428764e-02,45113.3752576494589448+17.9057400062615812j,
2.468268e-02,45113.2865859484300017-0.3417283366258772j,
2.508415e-02,45113.3788943234831095+17.8779768988194903j,
2.549215e-02,45113.1895779240876436-19.5050429358971016j,
2.590678e-02,45113.1348352078348398-29.8876936186917632j,
2.632815e-02,45113.2881758576259017-0.0273789002750924j,
2.675638e-02,45113.2866171346977353-0.3563066210451282j,
2.719158e-02,45113.1889326460659504-18.4400794071554621j,
2.763385e-02,45113.3878052458167076+18.0676547227780020j,
2.808332e-02,45113.1856467733159661-18.4695545427148566j,
2.854010e-02,45113.6918953917920589+70.8467524518731580j,
2.900430e-02,45113.1835113903507590-18.3360921415596358j,
2.947606e-02,45113.2871067635715008-0.1896177917533670j,
2.995549e-02,45113.4011429222300649+18.9407311530700575j,
3.044272e-02,45113.4029574990272522+18.9144708100759651j,
3.093788e-02,45113.4826281853020191+31.4963785735760595j,
3.144108e-02,45113.2861794782802463-0.3674489822791926j,
3.195248e-02,45113.2883036676794291-0.0444187598003687j,
3.247218e-02,45113.1694142948836088-18.5019511928336442j,
3.300035e-02,45113.2882695877924562-0.0751343422576092j,
3.353710e-02,45113.4085071133449674+17.9079345096896532j,
3.408259e-02,45113.2871671877801418-0.2228006039985715j,
3.463694e-02,45113.2872262271121144-0.2276334825294413j,
3.520031e-02,45113.2881601769477129-0.0911937628188078j,
3.577285e-02,45113.1506660766899586-19.4158517358208762j,
3.635470e-02,45113.2874989286065102-0.2629136083806891j,
3.694601e-02,45113.4084717854857445+16.2520096031307055j,
3.754694e-02,45113.2879454577341676-0.0851568071309217j,
3.815765e-02,45113.1482313079759479-18.5666235146709084j,
3.877828e-02,45113.1444613132625818-18.7344425597002200j,
3.940902e-02,45113.1566616361960769-16.8734405632338067j,
4.005001e-02,45113.4328716723248363+18.0241165324977146j,
4.070142e-02,45113.1322272298857570-19.4510956394645227j,
4.136344e-02,45113.2878368627279997-0.1352242016499616j,
4.203622e-02,45113.1268100123852491-19.4613328808273423j,
4.271994e-02,45113.4490145202726126+18.8716432160194216j,
4.341478e-02,45112.9780311025679111-36.0144632823992907j,
4.412093e-02,45113.1183985453099012-19.4304897494764219j,
4.483856e-02,45113.2879107883200049-0.0912991982330560j,
4.556786e-02,45113.4583598226308823+18.6187635391114590j,
4.630903e-02,45112.9589611385017633-35.9183648611186896j,
4.706225e-02,45113.1137024257332087-18.7704530735786328j,
4.782772e-02,45113.2862577792257071-0.3229698291915213j,
4.860564e-02,45113.2863794993609190-0.3972572157730525j,
4.939622e-02,45113.4660275075584650+17.9338292183231829j,
5.019965e-02,45113.1202172059565783-16.9057018404312416j,
5.101615e-02,45113.2841801801696420-0.5785285272037513j,
5.184594e-02,45113.2863181438297033-0.3057154048276445j,
5.268921e-02,45113.2857201863080263-0.4042490511560430j,
5.354621e-02,45113.2858382500708103-0.3639365210893359j,
5.441714e-02,45113.2839859342202544-0.5575252933719312j,
5.530224e-02,45113.4967353045940399+18.8038158779974580j,
5.620174e-02,45113.2870916659012437-0.2197295600670515j,
5.711586e-02,45113.0674920771270990-19.5935323889593249j,
5.804486e-02,45113.4973146403208375+17.9168072838952526j,
5.898896e-02,45113.2874802015721798-0.2625384927072361j,
5.994843e-02,45113.0685679316520691-18.5137533636210279j,
6.092349e-02,45113.5075249243527651+17.8957773751086933j,
6.191442e-02,45113.0482962746173143-19.6291036905844507j,
6.292146e-02,45113.2852122057229280-0.4086956851840853j,
6.394488e-02,45113.2873844383284450-0.2983387755753668j,
6.498495e-02,45113.2846509143710136-0.5157755696785458j,
6.604194e-02,45113.2849224200472236-0.3848428983279959j,
6.711612e-02,45113.2837111018598080-0.4619185452652417j,
6.820777e-02,45113.2822797317057848-0.7264723501393462j,
6.931717e-02,45113.0609951931983232-16.6916912253678298j,
7.044462e-02,45113.0483709536492825-17.2860427780775581j,
7.159041e-02,45113.2818280411884189-0.6817477981414299j,
7.275484e-02,45113.5507808569818735+17.8567546721520785j,
7.393820e-02,45113.0089448625221848-19.1555976326367983j,
7.514081e-02,45113.2869667373597622-0.3789653273214597j,
7.636298e-02,45113.5606412738561630+17.6431983146788696j,
7.760503e-02,45113.4066722076386213+7.3754633764371107j,
7.886729e-02,45113.1665816754102707-7.8995996298361533j,
8.015007e-02,45113.8295086650177836+33.6059802062533350j,
8.145372e-02,45113.5965476715937257+18.6397972912181444j,
8.277857e-02,45112.9612357383593917-19.9910182327786430j,
8.412497e-02,45113.2834466705098748-0.6307244490272339j,
8.549327e-02,45113.2857320634648204-0.4765614166255716j,
8.688383e-02,45113.6172532672062516+18.6475354866226581j,
8.829700e-02,45113.2785721458494663-0.8487111448108209j,
8.973316e-02,45113.2849607719108462-0.4151223223969680j,
9.119268e-02,45113.2810911806300282-0.6599761392339047j,
9.267593e-02,45113.6389597160741687+18.6050766962915048j,
9.418332e-02,45113.2837716061621904-0.4937815120272049j,
9.571522e-02,45113.2808320727199316-0.6917290449491702j,
9.727203e-02,45113.4240022944286466+6.6267301841276591j,
9.885417e-02,45112.9167996738106012-19.0746931260144379j,
1.004620e-01,45112.9053243119269609-19.3429138271350212j,
1.020961e-01,45112.8992365309968591-19.3546613072011695j,
1.037567e-01,45113.2838078830391169-0.5846386590013708j,
1.054443e-01,45113.2797422762960196-0.7157875722420215j,
1.071593e-01,45113.2794685289263725-0.7974142160546194j,
1.089023e-01,45113.2795582516118884-0.7867970867307292j,
1.106736e-01,45113.2823697868734598-0.6110718143676195j,
1.124737e-01,45113.7162519339472055+18.5341457236748681j,
1.143031e-01,45113.2779156900942326-0.8488930465944549j,
1.161623e-01,45112.2451716233044863-44.9904019338367931j,
1.180517e-01,45112.8132413057610393-20.4344354895733034j,
1.199718e-01,45112.1847924292087555-46.0879908632572253j,
1.219231e-01,45113.7311123088002205+17.6168078131387205j,
1.239062e-01,45112.7876580012962222-20.5004150929403437j,
1.259216e-01,45113.7417857814580202+17.4223805123284023j,
1.279697e-01,45113.2754268813878298-0.9709206805856638j,
1.300511e-01,45112.7649852065369487-20.3340005013026541j,
1.321664e-01,45113.2797849569469690-0.7884280822102738j,
1.343161e-01,45113.2749308934435248-0.9698673073065436j,
1.365008e-01,45112.7568306960165501-19.7196110578178576j,
1.387210e-01,45113.2689649220556021-1.1452038759118182j,
1.409773e-01,45112.7889816258102655-17.9366007888892085j,
1.432703e-01,45113.8124172529205680+17.5323257637491139j,
1.456006e-01,45113.2743321117013693-1.0513481742395783j,
1.479688e-01,45113.2666187491267920-1.2819727761540491j,
1.503755e-01,45113.8461256911978126+17.6944516977933120j,
1.528214e-01,45113.2760792374610901-0.9363252912544766j,
1.553071e-01,45113.8587884102016687+17.5378527665891113j,
1.578331e-01,45113.8630456924438477+17.3521645126361364j,
1.604003e-01,45112.2076855441555381-33.6057377807081821j,
1.630092e-01,45113.2761475183069706-1.0097632341061029j,
1.656606e-01,45113.2595784217119217-1.3645358972306667j,
1.683551e-01,45112.6822538143023849-18.1827163633696927j,
1.710934e-01,45113.2727772900834680-1.0216553002269109j,
1.738762e-01,45113.9682146823033690+18.4680879150794084j,
1.767044e-01,45113.2727595157921314-1.0848056025278368j,
1.795785e-01,45111.6089140716940165-46.2933753318374954j,
1.824993e-01,45112.5540145123377442-20.3080967524380043j,
1.854677e-01,45114.2215840779244900+23.8950347458102499j,
1.884843e-01,45113.2626245543360710-1.3604538231904257j,
1.915501e-01,45113.2602743990719318-1.3592441551256798j,
1.946656e-01,45112.4928324576467276-20.5116468286940119j,
1.978319e-01,45114.2976145353168249+23.8997062791347332j,
2.010496e-01,45114.0469691753387451+17.5781242921716228j,
2.043197e-01,45112.5346728209406137-18.5076791249525456j,
2.076430e-01,45113.2625250108540058-1.3283645677101958j,
2.110203e-01,45113.2533715823665261-1.4765192188911556j,
2.144526e-01,45113.2536624427884817-1.5481724765876663j,
2.179407e-01,45112.3452165368944407-21.5551297835291962j,
2.214855e-01,45113.2490363055840135-1.6210540616987146j,
2.250880e-01,45112.9847647054120898-7.2675898959883796j,
2.287491e-01,45112.2769808406010270-21.8522464258846583j,
2.324697e-01,45113.2553984485566616-1.5273617539548354j,
2.362508e-01,45113.2472562594339252-1.7034666100012998j,
2.400935e-01,45114.2303218971937895+17.7708959118823770j,
2.439986e-01,45113.2420480418950319-1.7364498015579670j,
2.479673e-01,45113.2313641989603639-1.9611840213855771j,
2.520005e-01,45113.2387977456673980-1.8169615474710952j,
2.560993e-01,45112.1852445527911186-21.1636620530248933j,
2.602648e-01,45111.2441933462396264-37.8363844332720305j,
2.644980e-01,45113.2265230780467391-2.1039631174286910j,
2.688001e-01,45114.3500094190239906+17.5171913838978810j,
2.731722e-01,45112.0668167099356651-21.7734475841845949j,
2.776153e-01,45113.2304093055427074-2.0003026693332515j,
2.821308e-01,45116.0871998909860849+45.1291689608493982j,
2.867196e-01,45118.7819700464606285+87.7501084117945709j,
2.913832e-01,45111.9560494814068079-22.1135149107365976j,
2.961225e-01,45112.0570629779249430-20.1586730004130743j,
3.009390e-01,45113.0821477789431810-4.2235351684975626j,
3.058338e-01,45115.5388019559904933+32.5422216561983646j,
3.108082e-01,45115.0418540658429265+24.7281664527704947j,
3.158635e-01,45111.7370483493432403-23.3398048347212352j,
3.210011e-01,45113.2080488400533795-2.2862285616361362j,
3.262222e-01,45113.2006229227408767-2.3696436092338047j,
3.315282e-01,45113.2003833316266537-2.4075805697553960j,
3.369206e-01,45113.1956652337685227-2.4455288032858107j,
3.424006e-01,45113.2059436775743961-2.2551009355433109j,
3.479698e-01,45114.8097065016627312+18.1221668471200132j,
3.536296e-01,45113.1689180396497250-2.7265759840872761j,
3.593814e-01,45114.8636852968484163+17.9930150812153897j,
3.652267e-01,45113.1787959719076753-2.6694725928937828j,
3.711672e-01,45115.5745430812239647+25.4507667055373759j,
3.772042e-01,45113.1867611408233643-2.5656718253320037j,
3.833395e-01,45113.1628977376967669-2.7744914655597199j,
3.895746e-01,45113.1641868362203240-2.7250315210238227j,
3.959110e-01,45113.1327351350337267-3.0535892319703066j,
4.023506e-01,45115.2912160046398640+19.6665170932873821j,
4.088948e-01,45110.9367174375802279-25.6456242370871905j,
4.155455e-01,45115.3277334431186318+19.0635582544065869j,
4.223044e-01,45113.1301426710560918-3.0705149888719347j,
4.291732e-01,45110.8246831474825740-25.1247828799516242j,
4.361538e-01,45115.4686028324067593+18.9183273429780456j,
4.432479e-01,45115.5579292774200439+19.2533159676432888j,
4.504573e-01,45119.2554795071482658+51.7754282271410489j,
4.577841e-01,45107.0895519945770502-55.6919574652135907j,
4.652300e-01,45110.2771971011534333-27.2870602984212951j,
4.727970e-01,45113.0811901194974780-3.3741294405335793j,
4.804870e-01,45113.0756841609254479-3.3799803000074462j,
4.883022e-01,45109.9100254047662020-28.4067660627821965j,
4.962445e-01,45116.1485743122175336+20.2275351278611879j,
5.043159e-01,45113.0509314294904470-3.5888507911666352j,
5.125187e-01,45113.0348731800913811-3.6923287185956042j,
5.208549e-01,45116.6706851730123162+22.1301848487377129j,
5.293266e-01,45111.1427223971113563-16.6499322473288771j,
5.379362e-01,45113.0399129381403327-3.6384707981831639j,
5.466857e-01,45112.9853378534317017-3.8731864443074642j,
5.555776e-01,45112.9747028257697821-3.9785091651054358j,
5.646141e-01,45117.4627637723460793+23.4796669043466864j,
5.737976e-01,45112.9488475425168872-4.0502931192091296j,
5.831305e-01,45112.9573017749935389-3.8962533903270469j,
5.926152e-01,45108.0301187820732594-31.3283786329525924j,
6.022541e-01,45118.0338958837091923+23.2918997775304319j,
6.120498e-01,45110.0765396691858768-18.8474193487001003j,
6.220049e-01,45118.4895233316347003+23.8619289225675857j,
6.321218e-01,45106.8324574595317245-33.3286286317677423j,
6.424034e-01,45119.4129673577845097+26.1478664924086956j,
6.528521e-01,45112.7917176885530353-4.5393908549635853j,
6.634708e-01,45112.7833849191665649-4.5322657344951836j,
6.742622e-01,45104.6843465529382229-37.7870083611842915j,
6.852292e-01,45104.1811032705008984-38.2959304143254826j,
6.963745e-01,45121.7878503343090415+29.4806092073186505j,
7.077011e-01,45112.7153163030743599-4.5365542564146040j,
7.192119e-01,45111.5122699672356248-8.6249282151571265j,
7.309099e-01,45112.6884142244234681-4.6296904678169426j,
7.427982e-01,45112.2174674989655614-5.9310244106560503j,
7.548799e-01,45112.7312917653471231-4.3264022808029949j,
7.671581e-01,45125.0705926520749927+29.5386467026280570j,
7.796360e-01,45097.0573581662029028-44.4745310515436927j,
7.923169e-01,45112.1718137441202998-5.5585347813868111j,
8.052040e-01,45132.1497140908613801+39.6043133719492744j,
8.183007e-01,45090.2667307434603572-50.9019553457910092j,
8.316104e-01,45080.3748703803867102-65.9242753238607975j,
8.451366e-01,45082.3183603370562196-57.3253384200583014j,
8.588829e-01,45079.9723840719088912-55.7695970728562997j,
8.728527e-01,45146.9348269123584032+44.5851241825439502j,
8.870497e-01,45111.8841192452237010-4.9804152225990492j,
9.014776e-01,45065.2652270104736090-55.7592451055921288j,
9.161402e-01,45166.2834136653691530+46.0396659378069444j,
9.310413e-01,45112.6031839326024055-3.8808022934638871j,
9.461848e-01,45112.3337591197341681-4.0503508116703415j,
9.615746e-01,45185.0488755926489830+28.4404527590222074j,
9.772147e-01,44955.2642920147627592-47.8814837335741004j,
9.931092e-01,45114.3187541635707021-3.3721813846227633j,
1.009262e+00,45114.1215273514389992-3.6146960606208154j,
1.025678e+00,45035.9513032259419560+12.1627487050526497j,
1.042361e+00,45219.5521193100139499-42.7110701169220874j,
1.059315e+00,45115.5611352054402232-5.0197144630969888j,
1.076545e+00,45115.6408074591308832-5.4701965786987330j,
1.094055e+00,45115.7502151085063815-5.9757125977806709j,
1.111850e+00,45075.2784847132861614+34.6976201996541249j,
1.129934e+00,45115.7394009018316865-6.8894415677549432j,
1.148312e+00,45115.9202518323436379-7.6389923218807780j,
1.166990e+00,45115.5079532712697983-7.5260182953913954j,
1.185971e+00,45115.4417322324588895-7.7699766570590327j,
1.205261e+00,45115.6014329763129354-8.4389817594442320j,
1.224865e+00,45121.8856435865163803-21.6542193663931357j,
1.244787e+00,45115.2445894386619329-8.6095843954394695j,
1.265034e+00,45119.6444056620821357-19.3453209737269844j,
1.285610e+00,45125.4719738429412246-35.0685140072795321j,
1.306520e+00,45115.0124735618010163-9.2363710504531582j,
1.327771e+00,45114.9354924550279975-9.4119226278994574j,
1.349367e+00,45120.9586395164951682-27.8377580828753253j,
1.371315e+00,45114.8532864199951291-9.8453892009084711j,
1.393619e+00,45114.7698851618915796-9.9203501526257014j,
1.416287e+00,45109.7265355018898845+7.5104756915652615j,
1.439323e+00,45119.0747916838154197-26.4760682339850746j,
1.462733e+00,45114.7301165051758289-10.7666052325948840j,
1.486525e+00,45114.6548940660431981-10.7973468411471458j,
1.510703e+00,45118.0188075276091695-25.3327146542728769j,
1.535275e+00,45114.5990802366286516-11.2072689584194904j,
1.560246e+00,45117.3871650649234653-24.3524993643709422j,
1.585624e+00,45114.5368062164634466-11.6214062633844151j,
1.611414e+00,45116.7930126301944256-23.0529717306794737j,
1.637624e+00,45114.4940868951380253-11.9863434988287736j,
1.664260e+00,45112.7489779274910688-3.0216333280786785j,
1.691330e+00,45112.7184006618335843-2.8619049025166987j,
1.718839e+00,45114.5074194194748998-12.9797140012497039j,
1.746796e+00,45115.9945734525099397-22.0562864420237474j,
1.775208e+00,45114.3871387867256999-12.9436856781223923j,
1.804082e+00,45114.3837034488096833-13.2354327986020053j,
1.833425e+00,45115.9601064026355743-23.7397016088414148j,
1.863246e+00,45114.3660113327205181-13.7623169599989978j,
1.893552e+00,45114.3527934188023210-13.9982555402698381j,
1.924351e+00,45113.0521405385807157-5.1624691341655762j,
1.955651e+00,45114.3175518969073892-14.3878719000379078j,
1.987460e+00,45115.1729901442304254-21.0767947671392903j,
2.019786e+00,45114.2923597451299429-14.8660410017382674j,
2.052638e+00,45114.2914608651772141-15.1667227286161506j,
2.086024e+00,45114.2759614828974009-15.3759327608324838j,
2.119953e+00,45114.9267302835360169-21.0727305073369280j,
2.154435e+00,45113.1300848498940468-6.2901595345276746j,
2.189477e+00,45114.2541410634294152-16.1815016854750411j,
2.225089e+00,45113.7257178677245975-11.7831807127465709j,
2.261280e+00,45114.2279240228235722-16.6254805462067452j,
2.298060e+00,45114.2262913873419166-16.9436314211341141j,
2.335438e+00,45114.2192125367000699-17.2149280072628699j,
2.373424e+00,45113.8076534606516361-13.5110350407169335j,
2.412028e+00,45114.5866797771304846-21.6241770935341719j,
2.451260e+00,45114.2022311836481094-18.0751127743383222j,
2.491130e+00,45114.5237634833902121-21.8555522123533592j,
2.531648e+00,45114.1886659739539027-18.6671990184966035j,
2.572826e+00,45114.1797844152897596-18.9427013128192812j,
2.614673e+00,45114.4539892598986626-22.4137652435604195j,
2.657201e+00,45114.1693014074116945-19.5658072203420943j,
2.700421e+00,45113.9197570756077766-16.9992958742122937j,
2.744343e+00,45113.9184631006792188-17.2997167646858543j,
2.788980e+00,45114.0913834469392896-19.7745265251473938j,
2.834343e+00,45113.9480645963922143-18.3212846082037686j,
2.880444e+00,45113.9443793911486864-18.6119837444098266j,
2.927295e+00,45114.3099013362079859-23.7621014107890005j,
2.974908e+00,45113.9670360097661614-19.6049552360868802j,
3.023295e+00,45113.9729181472212076-20.0461091835663865j,
3.072469e+00,45114.1296001067385077-22.6155058140175242j,
3.122443e+00,45114.1301523596048355-23.0361968316374259j,
3.173230e+00,45113.9857512824237347-21.3620444625330492j,
3.224842e+00,45113.9923575138673186-21.8494796802829114j,
3.277295e+00,45114.1194040132686496-24.1782984436003971j,
3.330600e+00,45114.1176452552899718-24.5867381595653569j,
3.384773e+00,45114.2586641926318407-27.3272104197890258j,
3.439826e+00,45114.1100526563823223-25.3739827048252664j,
3.495776e+00,45114.1073985844850540-25.7885173436425248j,
3.552635e+00,45114.1043728720396757-26.2155328652715980j,
3.610419e+00,45114.0092630684375763-25.0488345382027546j,
3.669142e+00,45113.9860568372532725-25.0988404697227452j,
3.728821e+00,45114.1754102939739823-28.9209238921057477j,
3.789471e+00,45114.0944295329973102-27.9717682741706994j,
3.851107e+00,45114.0912265917286277-28.4144086604296717j,
3.913746e+00,45114.0881429286673665-28.8623701278679619j,
3.977403e+00,45114.0856569129973650-29.3355256415666190j,
4.042096e+00,45113.9456212911754847-27.1349485528157857j,
4.107841e+00,45113.9720103573054075-28.1506139361699752j,
4.174655e+00,45113.9468878097832203-28.1250923035681808j,
4.242556e+00,45113.9782788101583719-29.2370328388574308j,
4.311562e+00,45114.0753289535641670-31.8178610949112226j,
4.381690e+00,45114.0730966497212648-32.3394422154460699j,
4.452959e+00,45114.0703300945460796-32.8519955837591624j,
4.525386e+00,45114.0263880798593163-32.4431458026256223j,
4.598992e+00,45114.0657378761097789-33.9229807020092267j,
4.673795e+00,45113.9212582958862185-31.1469745783169856j,
4.749815e+00,45114.1129127442836761-36.1899679992334313j,
4.827071e+00,45114.0932749165222049-36.4340884623188686j,
4.905584e+00,45114.0239768652245402-35.3506830178844211j,
4.985373e+00,45114.0128725850954652-35.6631069077720895j,
5.066461e+00,45114.0516395866870880-37.3816626143575377j,
5.148867e+00,45114.0408910382539034-37.7024837860517437j,
5.232614e+00,45114.0868688076734543-39.5411230418899322j,
5.317723e+00,45114.0360733652487397-38.9444176393144517j,
5.404216e+00,45114.0453263875097036-39.8703256512203552j,
5.492116e+00,45114.0202827956527472-39.8619982520981466j,
5.581446e+00,45114.0413066688925028-41.1803502488355662j,
5.672229e+00,45114.0391712514683604-41.8471497585387624j,
5.764488e+00,45114.0469654770568013-42.7832819639352238j,
5.858248e+00,45114.0353249795734882-43.2307718376287085j,
5.953533e+00,45114.0507773272693157-44.4886435264215834j,
6.050368e+00,45114.0308953421190381-44.6434493479373486j,
6.148778e+00,45114.0423456188291311-45.8199121498491877j,
6.248788e+00,45114.0472614625468850-46.7572362879109278j,
6.350425e+00,45114.0244299955666065-46.8617488040563330j,
6.453715e+00,45114.0395560199394822-48.2268659603932974j,
6.558686e+00,45114.0086051858961582-47.9923207019810434j,
6.665363e+00,45114.0059135248884559-48.7559600386284728j,
6.773776e+00,45114.0152154900133610-49.9799561269437618j,
6.883952e+00,45114.0127131221815944-50.7901073347529746j,
6.995920e+00,45114.0207508578896523-52.0223305429080938j,
7.109709e+00,45113.9854586245492101-51.5710389157729878j,
7.225349e+00,45113.9888851419091225-52.6874177372565100j,
7.342870e+00,45114.0112979765981436-54.5281687333472291j,
7.462303e+00,45114.0086881024762988-55.4180428501158531j,
7.583678e+00,45113.9975543878972530-55.9542051608705151j,
7.707027e+00,45113.9948486154899001-56.8641016601841329j,
7.832383e+00,45113.9853741545230150-57.4858675460582162j,
7.959777e+00,45113.9987718090415001-59.1282952414876490j,
8.089243e+00,45113.9803105844184756-59.4002795258684273j,
8.220816e+00,45113.9833279699087143-60.6558967939454305j,
8.354528e+00,45113.9748857235535979-61.3741001678081375j,
8.490415e+00,45113.9812272023409605-62.9203277701453771j,
8.628513e+00,45113.9813088867813349-64.0026750755014291j,
8.768856e+00,45113.9753426937386394-64.9466975873265255j,
8.911482e+00,45113.9673629030585289-65.7542240049415341j,
9.056428e+00,45113.9645570255815983-66.8238935999679597j,
9.203732e+00,45113.9565334022045135-67.6924506964542161j,
9.353432e+00,45113.9567340714856982-69.0171107638161629j,
9.505566e+00,45113.9563440047204494-70.3419719957828420j,
9.660175e+00,45113.9458729410544038-71.0786249461953048j,
9.817298e+00,45113.9483279157429934-72.6408032397685020j,
9.976978e+00,45113.9440664565190673-73.8116638882938787j,
1.013925e+01,45113.9369034497067332-74.8152972485086138j,
1.030417e+01,45113.9325625132769346-76.0305266883660806j,
1.047177e+01,45113.9281579814851284-77.2685065251998822j,
1.064209e+01,45113.9215419478714466-78.3764430262717724j,
1.081519e+01,45113.9188533863052726-79.8009337475841676j,
1.099110e+01,45113.9155597025528550-81.2514527412477037j,
1.116987e+01,45113.9090492632240057-82.4194971019442164j,
1.135155e+01,45113.9035457922145724-83.6963169687533082j,
1.153618e+01,45113.8985951086506248-85.1204902868339559j,
1.172382e+01,45113.8931184196844697-86.5039617194597668j,
1.191451e+01,45113.8875107681378722-87.9122639801498735j,
1.210830e+01,45113.8831214336678386-89.4735057725174556j,
1.230524e+01,45113.8770340671762824-90.9192039837216726j,
1.250539e+01,45113.8684232616797090-92.1546155323831044j,
1.270879e+01,45113.8632449526339769-93.7730915461816039j,
1.291550e+01,45113.8566987160593271-95.2978536092250579j,
1.312557e+01,45113.8502484140917659-96.8481466949160676j,
1.333906e+01,45113.8413036288693547-98.3249763963922305j,
1.355602e+01,45113.8372135572135448-100.1290125811538019j,
1.377651e+01,45113.8291980903595686-101.7534955086739501j,
1.400058e+01,45113.8219898324459791-103.4310386160286725j,
1.422830e+01,45113.8135303696617484-105.0772069373633713j,
1.445973e+01,45113.8041066378355026-106.6001995222941332j,
1.469492e+01,45113.7971627134829760-108.5175735372995405j,
1.493393e+01,45113.7873973818495870-110.0801881253300962j,
1.517683e+01,45113.7787410682067275-111.9833659950345464j,
1.542369e+01,45113.7695109974592924-113.8041608816329244j,
1.567455e+01,45113.7599947014823556-115.6561545205386210j,
1.592950e+01,45113.7501740381121635-117.5376660380316025j,
1.618860e+01,45113.7397490255534649-119.3854800140961743j,
1.645191e+01,45113.7295638518407941-121.3922602780457964j,
1.671950e+01,45113.7197605613619089-123.4351982174612203j,
1.699144e+01,45113.7076040990650654-125.3724205457383505j,
1.726781e+01,45113.6959004141390324-127.3496447294019163j,
1.754867e+01,45113.6842112941667438-129.4841430044161825j,
1.783410e+01,45113.6719442997127771-131.5894323707470903j,
1.812418e+01,45113.6591467279940844-133.6715504034509650j,
1.841897e+01,45113.6462182151153684-135.9050335749398073j,
1.871855e+01,45113.6328526912257075-138.2162183937325608j,
1.902301e+01,45113.6186968144029379-140.3088463052044972j,
1.933242e+01,45113.6043243939056993-142.5959454692147119j,
1.964687e+01,45113.5894840797409415-144.9159622982770088j,
1.996642e+01,45113.5744112469255924-147.3229350695728499j,
2.029118e+01,45113.5583263458684087-149.7665204247114161j,
2.062122e+01,45113.5419554207473993-152.1997148361497239j,
2.095662e+01,45113.5251168087124825-154.5876219794627104j,
2.129749e+01,45113.5076923239976168-157.1040104183375661j,
2.164389e+01,45113.4896413115784526-159.7002833573842508j,
2.199593e+01,45113.4716008547693491-162.3147122160426079j,
2.235370e+01,45113.4519266355782747-164.8987633944707341j,
2.271728e+01,45113.4319385876879096-167.6575906955549726j,
2.308678e+01,45113.4113574828952551-170.2817881441187637j,
2.346229e+01,45113.3904065769165754-173.1173673315679480j,
2.384390e+01,45113.3684652559459209-175.9667161939323705j,
2.423173e+01,45113.3463579714298248-178.7941709077276755j,
2.462586e+01,45113.3227498568594456-181.7018862158292904j,
2.502640e+01,45113.2987080803140998-184.6577960861723113j,
2.543346e+01,45113.2737398995086551-187.6910048307327088j,
2.584714e+01,45113.2482394725084305-190.7130665745280567j,
2.626754e+01,45113.2219099737703800-193.7869095391761221j,
2.669478e+01,45113.1944170584902167-196.9671705816217582j,
2.712898e+01,45113.1660321699455380-200.1955677517908043j,
2.757023e+01,45113.1371755711734295-203.4010365694957727j,
2.801867e+01,45113.1070562321692705-206.7116733787297562j,
2.847439e+01,45113.0757982460781932-210.0974526221289125j,
2.893753e+01,45113.0438392283394933-213.4927393112229765j,
2.940820e+01,45113.0106690945103765-216.9659392240464513j,
2.988653e+01,45112.9764247266575694-220.4948373515580897j,
3.037264e+01,45112.9412575559690595-224.0818013022908417j,
3.086665e+01,45112.9041701015084982-227.7670160247471358j,
3.136870e+01,45112.8666211813688278-231.4501571040709678j,
3.187891e+01,45112.8274570358917117-235.2353528311468835j,
3.239743e+01,45112.7875586682930589-239.0245562115778739j,
3.292437e+01,45112.7456557480618358-242.9466588701980072j,
3.345989e+01,45112.7028983477503061-246.8809922837099293j,
3.400412e+01,45112.6585562070831656-250.8962570875773963j,
3.455720e+01,45112.6129010654985905-254.9559545695919951j,
3.511928e+01,45112.5656803036108613-259.1081228525763436j,
3.569049e+01,45112.5164998034015298-263.3523719430158962j,
3.627100e+01,45112.4664096049964428-267.6068996752910607j,
3.686095e+01,45112.4141525030136108-271.9735267519245099j,
3.746050e+01,45112.3603624245151877-276.3967184693101444j,
3.806980e+01,45112.3045014292001724-280.9048512805202336j,
3.868901e+01,45112.2472608974203467-285.4728403707849793j,
3.931829e+01,45112.1879979306831956-290.1156128008806263j,
3.995780e+01,45112.1271088551729918-294.8057988224463770j,
4.060772e+01,45112.0637738527730107-299.6161571373340848j,
4.126821e+01,45111.9990377612411976-304.4625613541174971j,
4.193944e+01,45111.9310583407059312-309.4365617436887987j,
4.262159e+01,45111.8616317631676793-314.4706872873903194j,
4.331483e+01,45111.7890377454459667-319.6116000409820117j,
4.401935e+01,45111.7154576592147350-324.7757668934791582j,
4.473533e+01,45111.6383387548848987-330.0650650751776993j,
4.546295e+01,45111.5593778043985367-335.4357410338707268j,
4.620241e+01,45111.4775704024359584-340.8910847077931976j,
4.695390e+01,45111.3929156102240086-346.4438382781736436j,
4.771761e+01,45111.3059811322018504-352.0607744841836393j,
4.849374e+01,45111.2158591141924262-357.7867175862629665j,
4.928250e+01,45111.1227826019749045-363.6057752208726015j,
5.008408e+01,45111.0264952415600419-369.5272188690214534j,
5.089870e+01,45110.9270662330091000-375.5438913183461409j,
5.172657e+01,45110.8248151261359453-381.6340251541769248j,
5.256791e+01,45110.7187894266098738-387.8504923401560518j,
5.342293e+01,45110.6094242362305522-394.1580029951946926j,
5.429186e+01,45110.4963307790458202-400.5742284676161944j,
5.517492e+01,45110.3798187701031566-407.0822314882752835j,
5.607235e+01,45110.2591923689469695-413.7085161517170491j,
5.698437e+01,45110.1350506013259292-420.4243914853868773j,
5.791123e+01,45110.0065443096682429-427.2615374026208883j,
5.885316e+01,45109.8736236756667495-434.2231239489701693j,
5.981041e+01,45109.7364733917638659-441.2818736332046683j,
6.078323e+01,45109.5951798753812909-448.4474788394363713j,
6.177188e+01,45109.4489835407584906-455.7432597220758907j,
6.277660e+01,45109.2980811614543200-463.1451040748652304j,
6.379767e+01,45109.1416350118815899-470.6990031666937284j,
6.483534e+01,45108.9809639258310199-478.3363862141704885j,
6.588990e+01,45108.8144741598516703-486.1207178181430208j,
6.696160e+01,45108.6426737457513809-494.0256377234109095j,
6.805074e+01,45108.4651546301320195-502.0632472755605704j,
6.915759e+01,45108.2819072110578418-510.2229959402102395j,
7.028244e+01,45108.0926202824339271-518.5234159767496749j,
7.142559e+01,45107.8972741262987256-526.9512078745756298j,
7.258734e+01,45107.6954080229625106-535.5196865980760776j,
7.376798e+01,45107.4869205756112933-544.2274709384655580j,
7.496782e+01,45107.2713687615469098-553.0811074878438376j,
7.618718e+01,45107.0491083730012178-562.0731090857370873j,
7.742637e+01,45106.8195517212152481-571.2089828329917509j,
7.868572e+01,45106.5823476398363709-580.4967274191949400j,
7.996555e+01,45106.3373755766078830-589.9353243283621850j,
8.126619e+01,45106.0843683965504169-599.5273092298666597j,
8.258799e+01,45105.8229661770164967-609.2778656123336987j,
8.393129e+01,45105.5531904036179185-619.1816265044399188j,
8.529644e+01,45105.2744877450168133-629.2485117506948882j,
8.668380e+01,45104.9866381473839283-639.4792385095788632j,
8.809372e+01,45104.6892545772716403-649.8784862503089244j,
8.952657e+01,45104.3822259670123458-660.4442070311197313j,
9.098273e+01,45104.0652268640697002-671.1793640683026752j,
9.246257e+01,45103.7376395165920258-682.0934313313482562j,
9.396648e+01,45103.3995145177468657-693.1802716351376148j,
9.549486e+01,45103.0501230480149388-704.4502414876915282j,
9.704809e+01,45102.6898211212828755-715.8942486125015421j,
9.862658e+01,45102.3169028200209141-727.5398376969387755j,
1.002308e+02,45101.9320617755874991-739.3670275804179255j,
1.018610e+02,45101.5346512012183666-751.3862583598238416j,
1.035178e+02,45101.1242165789008141-763.6006953843607334j,
1.052015e+02,45100.7004143111407757-776.0110558571032016j,
1.069126e+02,45100.2626188555732369-788.6276909371954389j,
1.086516e+02,45099.8104260172694921-801.4467679235531250j,
1.104188e+02,45099.3433963023126125-814.4755349311162718j,
1.122148e+02,45098.8613129602745175-827.7110605434136232j,
1.140400e+02,45098.3631157837808132-841.1661070546833798j,
1.158948e+02,45097.8488028775900602-854.8379992761474568j,
1.177799e+02,45097.3174973344430327-868.7331565139465965j,
1.196956e+02,45096.7688572024926543-882.8523737874638755j,
1.216424e+02,45096.2023190762847662-897.1994290888542309j,
1.236210e+02,45095.6172361671924591-911.7793561474245507j,
1.256317e+02,45095.0127758607268333-926.5983778452937258j,
1.276751e+02,45094.3885097447782755-941.6580741909274366j,
1.297517e+02,45093.7439686330035329-956.9604659639298916j,
1.318621e+02,45093.0783368656411767-972.5085740427311976j,
1.340069e+02,45092.3907230943441391-988.3125579127517994j,
1.361865e+02,45091.6806531129404902-1004.3717328469065251j,
1.384016e+02,45090.9473849590867758-1020.6903159989742562j,
1.406527e+02,45090.1899629822000861-1037.2755323055898771j,
1.429405e+02,45089.4078556634485722-1054.1276905874401564j,
1.452654e+02,45088.6000012606382370-1071.2549435280961916j,
1.476281e+02,45087.7658024886623025-1088.6577195541467518j,
1.500293e+02,45086.9042162094265223-1106.3437442492286209j,
1.524696e+02,45086.0143714509904385-1124.3174462843016954j,
1.549495e+02,45085.0954284854233265-1142.5812854518590029j,
1.574698e+02,45084.1464446643367410-1161.1402759052725742j,
1.600310e+02,45083.1662661163136363-1180.0014241769677028j,
1.626340e+02,45082.1540442816913128-1199.1673376925027696j,
1.652792e+02,45081.1084947139024734-1218.6457885843556141j,
1.679675e+02,45080.0290798023343086-1238.4353220994526055j,
1.706995e+02,45078.9141328008845448-1258.5474464191938750j,
1.734759e+02,45077.7627293989062309-1278.9845240945433034j,
1.762975e+02,45076.5735687958076596-1299.7530955573893152j,
1.791650e+02,45075.3454329576343298-1320.8583075619535521j,
1.820792e+02,45074.0770902102813125-1342.3049678221868817j,
1.850407e+02,45072.7673265039920807-1364.0974760845710989j,
1.880504e+02,45071.4145955657586455-1386.2435508428025059j,
1.911091e+02,45070.0176795134320855-1408.7467360187147278j,
1.942175e+02,45068.5749953323975205-1431.6142976452538278j,
1.973764e+02,45067.0850136848166585-1454.8528488696902059j,
2.005868e+02,45065.5463937651365995-1478.4648130164714530j,
2.038493e+02,45063.9573878720402718-1502.4591675102419686j,
2.071650e+02,45062.3164352476596832-1526.8407246270217001j,
2.105345e+02,45060.6217901175841689-1551.6161342913110275j,
2.139589e+02,45058.8715768679976463-1576.7926769793266430j,
2.174389e+02,45057.0641021495684981-1602.3754108965222258j,
2.209756e+02,45055.1976815424859524-1628.3705790349922609j,
2.245698e+02,45053.2701591504737735-1654.7851576762041077j,
2.282224e+02,45051.2796107614412904-1681.6255374969041441j,
2.319345e+02,45049.2238792479038239-1708.8997162111045327j,
2.357069e+02,45047.1009644344449043-1736.6132773727586027j,
2.395407e+02,45044.9086856003850698-1764.7732175690471195j,
2.434369e+02,45042.6446142327040434-1793.3879259749373887j,
2.473964e+02,45040.3065412677824497-1822.4637399250641465j,
2.514203e+02,45037.8922290764749050-1852.0058330798055977j,
2.555097e+02,45035.3988947104662657-1882.0244037496740930j,
2.596656e+02,45032.8240552218630910-1912.5268959428649396j,
2.638891e+02,45030.1651199050247669-1943.5192582504823804j,
2.681813e+02,45027.4193034712225199-1975.0106721565243788j,
2.725433e+02,45024.5838370099663734-2007.0076470143976621j,
2.769762e+02,45021.6557184373959899-2039.5191515582264401j,
2.814812e+02,45018.6319817388430238-2072.5528056025796104j,
2.860596e+02,45015.5094888843595982-2106.1170568310772069j,
2.907123e+02,45012.2850259104743600-2140.2201415371382609j,
2.954408e+02,45008.9553729128092527-2174.8698815136449412j,
3.002462e+02,45005.5170012954622507-2210.0754766082100105j,
3.051297e+02,45001.9664273317903280-2245.8453478595765773j,
3.100927e+02,44998.2999654021114111-2282.1884490818483755j,
3.151363e+02,44994.5139222461730242-2319.1132950756873470j,
3.202621e+02,44990.6044452190399170-2356.6287043123738840j,
3.254712e+02,44986.5673862947151065-2394.7447551339864731j,
3.307650e+02,44982.3987418524920940-2433.4698072054015938j,
3.361449e+02,44978.0941254189237952-2472.8140557963051833j,
3.416123e+02,44973.6493083247914910-2512.7859104295785073j,
3.471687e+02,44969.0595684405416250-2553.3961382361012511j,
3.528154e+02,44964.3203180879354477-2594.6538607527036220j,
3.585540e+02,44959.4267184967175126-2636.5690007281955332j,
3.643859e+02,44954.3737011430785060-2679.1520114431041293j,
3.703127e+02,44949.1561444913968444-2722.4127677205833606j,
3.763358e+02,44943.7688716342672706-2766.3611641143215820j,
3.824570e+02,44938.2061566701158881-2811.0085581653984264j,
3.886777e+02,44932.4625327391549945-2856.3645855933427811j,
3.949995e+02,44926.5320629049092531-2902.4404540791292675j,
4.014242e+02,44920.4087519245222211-2949.2468573707155883j,
4.079535e+02,44914.0863343849778175-2996.7949584773159586j,
4.145888e+02,44907.5585168739780784-3045.0952100224094465j,
4.213322e+02,44900.8186382353305817-3094.1592032205080613j,
4.281852e+02,44893.8597806049510837-3143.9987843167036772j,
4.351497e+02,44886.6749820383265615-3194.6248245158349164j,
4.422274e+02,44879.2569833900779486-3246.0491315579274669j,
4.494203e+02,44871.5982837649062276-3298.2834241477539763j,
4.567301e+02,44863.6911224275827408-3351.3397760050138459j,
4.641589e+02,44855.5276512196287513-3405.2296681840671226j,
4.717085e+02,44847.0995041020214558-3459.9659301820211112j,
4.793808e+02,44838.3983396599069238-3515.5602443479001522j,
4.871780e+02,44829.4153552828356624-3572.0252228067256510j,
4.951020e+02,44820.1415361780673265-3629.3736382717615925j,
5.031549e+02,44810.5676195463165641-3687.6178048962610774j,
5.113388e+02,44800.6840418213978410-3746.7705344408750534j,
5.196557e+02,44790.4808757547289133-3806.8449180925381370j,
5.281080e+02,44779.9479928854852915-3867.8537600075360388j,
5.366977e+02,44769.0748894000425935-3929.8102518051164225j,
5.454271e+02,44757.8507070988416672-3992.7278221584856510j,
5.542986e+02,44746.2644530963152647-4056.6191584675689228j,
5.633143e+02,44734.3044077232480049-4121.4985351974610239j,
5.724766e+02,44721.9588897740468383-4187.3790777178364806j,
5.817880e+02,44709.2156679341569543-4254.2744694104767404j,
5.912508e+02,44696.0621393499895930-4322.1985748088336550j,
6.008676e+02,44682.4853382203727961-4391.1652479773038067j,
6.106408e+02,44668.4719881964847445-4461.1882967034471221j,
6.205729e+02,44654.0082929097115993-4532.2817846554680727j,
6.306666e+02,44639.0800898605957627-4604.4598337608622387j,
6.409244e+02,44623.6727906670421362-4677.7365927291684784j,
6.513491e+02,44607.7713853605091572-4752.1262297015055083j,
6.619433e+02,44591.3603771179914474-4827.6432181669515558j,
6.727099e+02,44574.4238618183881044-4904.3016927642165683j,
6.836516e+02,44556.9453848190605640-4982.1161440003779717j,
6.947713e+02,44538.9081406053155661-5061.1009147617733106j,
7.060718e+02,44520.2946143373847008-5141.2706744933384471j,
7.175561e+02,44501.0870793974027038-5222.6394499132875353j,
7.292272e+02,44481.2669935245066881-5305.2220845203846693j,
7.410882e+02,44460.8154311813414097-5389.0329686076147482j,
7.531420e+02,44439.7128905430436134-5474.0865055696340278j,
7.653919e+02,44417.9393367506563663-5560.3971383738098666j,
7.778411e+02,44395.4741178210824728-5647.9792653457261622j,
7.904928e+02,44372.2959888940677047-5736.8472893189173192j,
8.033502e+02,44348.3831452382728457-5827.0154470381094143j,
8.164168e+02,44323.7130734631791711-5918.4981191854458302j,
8.296959e+02,44298.2628337368369102-6011.3090929319150746j,
8.431909e+02,44272.0085887890309095-6105.4626293820329010j,
8.569055e+02,44244.9259776687249541-6200.9726766748353839j,
8.708431e+02,44216.9899698859080672-6297.8528584900777787j,
8.850075e+02,44188.1748322099447250-6396.1168020591139793j,
8.994022e+02,44158.4540905514732003-6495.7779933901038021j,
9.140311e+02,44127.8006128873676062-6596.8495976059930399j,
9.288979e+02,44096.1865067994222045-6699.3446472926298156j,
9.440065e+02,44063.5831636041402817-6803.2758618722436950j,
9.593608e+02,44029.9611378721892834-6908.6559086571214721j,
9.749649e+02,43995.2903222274035215-7015.4968764618970454j,
9.908228e+02,43959.5397799741476774-7123.8106572771212086j,
1.006939e+03,43922.6777444826439023-7233.6088642082177103j,
1.023317e+03,43884.6716521820053458-7344.9027891216101125j,
1.039961e+03,43845.4881792524829507-7457.7030967260943726j,
1.056876e+03,43805.0930489730089903-7572.0203079592902213j,
1.074066e+03,43763.4512607324868441-7687.8642605032073334j,
1.091536e+03,43720.5268648918718100-7805.2444582558237016j,
1.109290e+03,43676.2830914650112391-7924.1697891853982583j,
1.127333e+03,43630.6822362793609500-8044.6487154653295875j,
1.145669e+03,43583.6857853075489402-8166.6889127419563010j,
1.164303e+03,43535.2542601861059666-8290.2975726898293942j,
1.183241e+03,43485.3473174581304193-8415.4811507867416367j,
1.202486e+03,43433.9236548934131861-8542.2454633843153715j,
1.222045e+03,43380.9410963458940387-8670.5955070571508259j,
1.241921e+03,43326.3565485170111060-8800.5354097287636250j,
1.262121e+03,43270.1258583264425397-8932.0687539071077481j,
1.282650e+03,43212.2041629264131188-9065.1978552116779611j,
1.303512e+03,43152.5455005615949631-9199.9243370600743219j,
1.324714e+03,43091.1030274340882897-9336.2487675860757008j,
1.346261e+03,43027.8289906941354275-9474.1706555762793869j,
1.368158e+03,42962.6746698236092925-9613.6884676283225417j,
1.390411e+03,42895.5904572652652860-9754.7994878522586077j,
1.413026e+03,42826.5258007859811187-9897.4998372116824612j,
1.436009e+03,42755.4292820263653994-10041.7843287889845669j,
1.459366e+03,42682.2485642693936825-10187.6465035018045455j,
1.483103e+03,42606.9304015459492803-10335.0785336531698704j,
1.507225e+03,42529.4207640681415796-10484.0710990896914154j,
1.531740e+03,42449.6647135969251394-10634.6134267912711948j,
1.556654e+03,42367.6065152753144503-10786.6931639837566763j,
1.581973e+03,42283.1896141311153769-10940.2963460269384086j,
1.607704e+03,42196.3567109657451510-11095.4072841065935791j,
1.633854e+03,42107.0497626820579171-11252.0085454583168030j,
1.660429e+03,42015.2099972264841199-11410.0808804037515074j,
1.687436e+03,41920.7780047440901399-11569.6031058412045240j,
1.714882e+03,41823.6937324479222298-11730.5520945212338120j,
1.742775e+03,41723.8965526046231389-11892.9026659321971238j,
1.771121e+03,41621.3252802463248372-12056.6275697406381369j,
1.799929e+03,41515.9183159670792520-12221.6972875159699470j,
1.829205e+03,41407.6135653075762093-12388.0801488503348082j,
1.858957e+03,41296.3486154922284186-12555.7421145900152624j,
1.889193e+03,41182.0607618819922209-12724.6467383848503232j,
1.919921e+03,41064.6870688679628074-12894.7551419115625322j,
1.951148e+03,40944.1644290839321911-13066.0259324300568551j,
1.982884e+03,40820.4297414519824088-13238.4150552058126777j,
2.015136e+03,40693.4198657530359924-13411.8758531059138477j,
2.047912e+03,40563.0718062208034098-13586.3589135776273906j,
2.081222e+03,40429.3227615747600794-13761.8120436575263739j,
2.115073e+03,40292.1102647576481104-13938.1801904938183725j,
2.149475e+03,40151.3722570552490652-14115.4053986014332622j,
2.184436e+03,40007.0472162854857743-14293.4267463940195739j,
2.219966e+03,39859.0742769758217037-14472.1803003710228950j,
2.256074e+03,39707.3933582706376910-14651.5990708486642689j,
2.292769e+03,39551.9452707972377539-14831.6129509354941547j,
2.330061e+03,39392.6718838489614427-15012.1487020556814969j,
2.367960e+03,39229.5162479407154024-15193.1299092660192400j,
2.406475e+03,39062.4227422541007400-15374.4769489986356348j,
2.445617e+03,38891.3372284914366901-15556.1069781759288162j,
2.485395e+03,38716.2072016545571387-15737.9339082064107060j,
2.525820e+03,38536.9819670720025897-15919.8684024347458035j,
2.566903e+03,38353.6127831242047250-16101.8178800884634256j,
2.608654e+03,38166.0530462036840618-16283.6865098574198782j,
2.651084e+03,37974.2584639838896692-16465.3752388826105744j,
2.694204e+03,37778.1872268798761070-16646.7818079346325248j,
2.738025e+03,37577.8001922569237649-16827.8007860218640417j,
2.782559e+03,37373.0610665329732001-17008.3236237517558038j,
2.827818e+03,37163.9365964657627046-17188.2386896980460733j,
2.873813e+03,36950.3967441874556243-17367.4313432010821998j,
2.920556e+03,36732.4148918082937598-17545.7840161824133247j,
2.968059e+03,36509.9680186081677675-17723.1762875528074801j,
3.016334e+03,36283.0368971135467291-17899.4849896084051579j,
3.065395e+03,36051.6062743645161390-18074.5843088731635362j,
3.115254e+03,35815.6650673681870103-18248.3459215837065130j,
3.165924e+03,35575.2065486577339470-18420.6391261327080429j,
3.217418e+03,35330.2285170117393136-18591.3309680686797947j,
3.269750e+03,35080.7334768627770245-18760.2864374159835279j,
3.322933e+03,34826.7288249847479165-18927.3686222250107676j,
3.376980e+03,34568.2269972125068307-19092.4388799928128719j,
3.431907e+03,34305.2456450299359858-19255.3570718888659030j,
3.487727e+03,34037.8077791165560484-19415.9817471457645297j,
3.544456e+03,33765.9419112894684076-19574.1703780849929899j,
3.602107e+03,33489.6821916759945452-19729.7795893158763647j,
3.660695e+03,33209.0685349493287504-19882.6654123209882528j,
3.720237e+03,32924.1467248043045402-20032.6835497457068413j,
3.780747e+03,32634.9685020707547665-20179.6896260939538479j,
3.842241e+03,32341.5916831600479782-20323.5394891521427780j,
3.904735e+03,32044.0801972313784063-20464.0894930122885853j,
3.968246e+03,31742.5041512893512845-20601.1967861917801201j,
4.032790e+03,31436.9398722853511572-20734.7196322244126350j,
4.098384e+03,31127.4699232843704522-20864.5177121597807854j,
4.165044e+03,30814.1831105719320476-20990.4524523606523871j,
4.232789e+03,30497.1744628516025841-21112.3873347570188344j,
4.301636e+03,30176.5452023474499583-21230.1882375371642411j,
4.371602e+03,29852.4026870746165514-21343.7237507714889944j,
4.442707e+03,29524.8603325528092682-21452.8655166169628501j,
4.514968e+03,29194.0375283649191260-21557.4885498192161322j,
4.588404e+03,28860.0595127339474857-21657.4715714924968779j,
4.663035e+03,28523.0572378253564239-21752.6973250787705183j,
4.738880e+03,28183.1672151042148471-21843.0529007669538260j,
4.815958e+03,27840.5313351233489811-21928.4300393834710121j,
4.894290e+03,27495.2966726473532617-22008.7254470749758184j,
4.973896e+03,27147.6152655901387334-22083.8410837147384882j,
5.054797e+03,26797.6438780673779547-22153.6844349862076342j,
5.137014e+03,26445.5437464332208037-22218.1688067815266550j,
5.220568e+03,26091.4803016232326627-22277.2135599823668599j,
5.305481e+03,25735.6228802734985948-22330.7443680004216731j,
5.391775e+03,25378.1444143881089985-22378.6934268032200634j,
5.479472e+03,25019.2211098573170602-22420.9996698144823313j,
5.568596e+03,24659.0321099157445133-22457.6089599872939289j,
5.659170e+03,24297.7591443751007318-22488.4742453000508249j,
5.751217e+03,23935.5861702626571059-22513.5557164782658219j,
5.844761e+03,23572.6990014845505357-22532.8209259761497378j,
5.939827e+03,23209.2849281863309443-22546.2448913063853979j,
6.036439e+03,22845.5323372776620090-22553.8101768218912184j,
6.134622e+03,22481.6303155608475208-22555.5069426782429218j,
6.234402e+03,22117.7682640207931399-22551.3329813242889941j,
6.335805e+03,21754.1354983597993851-22541.2937239389866590j,
6.438857e+03,21390.9208581913262606-22525.4022213094867766j,
6.543586e+03,21028.3123144898563623-22503.6790995807386935j,
6.650018e+03,20666.4965822703670710-22476.1525059286504984j,
6.758181e+03,20305.6587350342888385-22442.8580052680335939j,
6.868104e+03,19945.9818364372476935-22403.8384811058640480j,
6.979814e+03,19587.6465677029918879-22359.1439942140132189j,
7.093341e+03,19230.8308752756565809-22308.8316266322508454j,
7.208715e+03,18875.7096224923152477-22252.9653149638324976j,
7.325965e+03,18522.4542632002849132-22191.6156375259160995j,
7.445123e+03,18171.2325224457308650-22124.8596170656383038j,
7.566219e+03,17822.2080953069962561-22052.7804789282381535j,
7.689284e+03,17475.5403636025730520-21975.4674032172188163j,
7.814351e+03,17131.3841270913835615-21893.0152697130106390j,
7.941452e+03,16789.8893572918605059-21805.5243714922107756j,
8.070620e+03,16451.2009665584191680-21713.1001343000680208j,
8.201889e+03,16115.4585983473807573-21615.8528173780068755j,
8.335294e+03,15782.7964387985412031-21513.8972035320475698j,
8.470868e+03,15453.3430473015177995-21407.3522852384485304j,
8.608648e+03,15127.2212081123143435-21296.3409449891187251j,
8.748668e+03,14804.5478016624692827-21180.9896334800869226j,
8.890966e+03,14485.4337005091365427-21061.4280339302495122j,
9.035578e+03,14169.9836797642055899-20937.7887422959320247j,
9.182543e+03,13858.2963532968424261-20810.2069320259615779j,
9.331898e+03,13550.4641283145174384-20678.8200252456590533j,
9.483682e+03,13246.5731756137683988-20543.7673752394039184j,
9.637935e+03,12946.7034258386120200-20405.1899360895622522j,
9.794697e+03,12650.9285780158825219-20263.2299516836646944j,
9.954008e+03,12359.3161277682520449-20118.0306456955149770j,
1.011591e+04,12071.9274137399625033-19969.7359160906635225j,
1.028045e+04,11788.8176779164932668-19818.4900421868078411j,
1.044766e+04,11510.0361413506325334-19664.4373998125083745j,
1.061759e+04,11235.6260966728441417-19507.7221816263627261j,
1.079029e+04,10965.6250100098550320-19348.4881349711213261j,
1.096579e+04,10700.0646370893809944-19186.8783064973540604j,
1.114415e+04,10438.9711527067702264-19023.0347984211985022j,
1.132541e+04,10182.3652853519888595-18857.0985369633417577j,
1.150962e+04,9930.2624686113558710-18689.2090529040433466j,
1.169683e+04,9682.6729900195496157-18519.5042791515588760j,
1.188708e+04,9439.6021620766259730-18348.1203516344539821j,
1.208042e+04,9201.0504860775545239-18175.1914308578707278j,
1.227691e+04,8967.0138246124843135-18000.8495380177628249j,
1.247660e+04,8737.4835884235799313-17825.2243920001201332j,
1.267953e+04,8512.4469138378044590-17648.4432715431321412j,
1.288576e+04,8291.8868487910367548-17470.6308864927850664j,
1.309535e+04,8075.7825414730468765-17291.9092589570209384j,
1.330835e+04,7864.1094295559450984-17112.3976179389283061j,
1.352481e+04,7656.8394282693043351-16932.2123076748102903j,
1.374479e+04,7453.9411217749584466-16751.4667036288883537j,
1.396835e+04,7255.3799492223188281-16570.2711447894107550j,
1.419555e+04,7061.1183930325787514-16388.7328726113773882j,
1.442644e+04,6871.1161627810215577-16206.9559830671641976j,
1.466109e+04,6685.3303795303218067-16025.0413856017403305j,
1.489955e+04,6503.7157531155971810-15843.0867758914828300j,
1.514189e+04,6326.2247584485448897-15661.1866151085123420j,
1.538818e+04,6152.8078082550782710-15479.4321176547091454j,
1.563847e+04,5983.4134230337804183-15297.9112458715680987j,
1.589283e+04,5817.9883907918119803-15116.7087179380469024j,
1.615133e+04,5656.4779289894504473-14935.9060163788963109j,
1.641403e+04,5498.8258373939897865-14755.5814073027577251j,
1.668101e+04,5344.9746480090543628-14575.8099639327265322j,
1.695232e+04,5194.8657684155041352-14396.6635971602518111j,
1.722805e+04,5048.4396204374497756-14218.2110908490139991j,
1.750827e+04,4905.6357717578648590-14040.5181433458346874j,
1.779304e+04,4766.3930657724849880-13863.6474103699438274j,
1.808245e+04,4630.6497429817100056-13687.6585548680741340j,
1.837656e+04,4498.3435554068419151-13512.6082998234778643j,
1.867546e+04,4369.4118811559746973-13338.5504834668245167j,
1.897922e+04,4243.7918262697639875-13165.5361187588423491j,
1.928792e+04,4121.4203280747169629-12993.6134530715644360j,
1.960163e+04,4002.2342466224217787-12822.8280337753240019j,
1.992046e+04,3886.1704570722649805-12653.2227713824249804j,
2.024447e+04,3773.1659322349587455-12484.8380075918976218j,
2.057374e+04,3663.1578223544638604-12317.7115829691756517j,
2.090838e+04,3556.0835286593064666-12151.8789064961019903j,
2.124845e+04,3451.8807738806353882-11987.3730246957857162j,
2.159406e+04,3350.4876668725046329-11824.2246921283658594j,
2.194529e+04,3251.8427608076017350-11662.4624431529082358j,
2.230223e+04,3155.8851118848542683-11502.1126611004583538j,
2.266498e+04,3062.5543291176436469-11343.1996497721411288j,
2.303363e+04,2971.7906216355040669-11185.7457039519213140j,
2.340827e+04,2883.5348451511235908-11029.7711778387892991j,
2.378901e+04,2797.7285360587411560-10875.2945572072640061j,
2.417594e+04,2714.3139538860996254-10722.3325248556211591j,
2.456916e+04,2633.2341091532725841-10570.9000308979302645j,
2.496878e+04,2554.4327962907264009-10421.0103576971450821j,
2.537490e+04,2477.8546173608046956-10272.6751870234729722j,
2.578763e+04,2403.4450072520412505-10125.9046636912971735j,
2.620707e+04,2331.1502524335519411-9980.7074598723556846j,
2.663333e+04,2260.9175103046291042-9837.0908364530187100j,
2.706652e+04,2192.6948234703449998-9695.0607043455820531j,
2.750676e+04,2126.4311326957540587-9554.6216838744003326j,
2.795416e+04,2062.0762877685483545-9415.7771626674802974j,
2.840884e+04,1999.5810559205128811-9278.5293522746069357j,
2.887091e+04,1938.8971269632456824-9142.8793437127023935j,
2.934050e+04,1879.9771206932782661-9008.8271600988227874j,
2.981772e+04,1822.7745868593337946-8876.3718096511438489j,
3.030271e+04,1767.2440074540209025-8745.5113360553514212j,
3.079559e+04,1713.3407964946818538-8616.2428672825917602j,
3.129648e+04,1661.0212980821961537-8488.5626632703933865j,
3.180552e+04,1610.2427829241205472-8362.4661620853003114j,
3.232284e+04,1560.9634443747927435-8237.9480242835124955j,
3.284857e+04,1513.1423930923338048-8115.0021759035298601j,
3.338286e+04,1466.7396500127506442-7993.6218502226984128j,
3.392583e+04,1421.7161396409501322-7873.7996275674086064j,
3.447764e+04,1378.0336807824496645-7755.5274743321351707j,
3.503842e+04,1335.6549786046380177-7638.7967797862365842j,
3.560833e+04,1294.5436134598276112-7523.5983924218453467j,
3.618750e+04,1254.6640316116972826-7409.9226540005765855j,
3.677609e+04,1215.9815336694009602-7297.7594329214189202j,
3.737426e+04,1178.4622626913915155-7187.0981561235385016j,
3.798215e+04,1142.0731927733577322-7077.9278394907014444j,
3.859994e+04,1106.7821160538005643-6970.2371173379942775j,
3.922777e+04,1072.5576303909765556-6864.0142703716410324j,
3.986581e+04,1039.3691256712190807-6759.2472527985228226j,
4.051423e+04,1007.1867709234793438-6655.9237179649062455j,
4.117320e+04,975.9815003997355234-6554.0310431064572185j,
4.184289e+04,945.7249999160994776-6453.5563528994098306j,
4.252346e+04,916.3896930227783741-6354.4865419606212527j,
4.321511e+04,887.9487266714859288-6256.8082964491331950j,
4.391801e+04,860.3759573074057698-6160.5081145272124559j,
4.463234e+04,833.6459368026116863-6065.5723259071819484j,
4.535829e+04,807.7338977984618396-5971.9871106317732483j,
4.609604e+04,782.6157401963864686-5879.7385166450403631j,
4.684580e+04,758.2680164995836094-5788.8124768323032185j,
4.760775e+04,734.6679177382320631-5699.1948250757995993j,
4.838210e+04,711.7932597109174822-5610.8713114529382437j,
4.916904e+04,689.6224688670918113-5523.8276167667936534j,
4.996877e+04,668.1345684586849529-5438.0493663317756727j,
5.078152e+04,647.3091648205227102-5353.5221429786179215j,
5.160749e+04,627.1264337701140903-5270.2314994198968634j,
5.244689e+04,607.5671073505000095-5188.1629699243349023j,
5.329994e+04,588.6124602502532071-5107.3020814130431972j,
5.416687e+04,570.2442969221301610-5027.6343638636171818j,
5.504790e+04,552.4449385342959431-4949.1453602237743326j,
5.594326e+04,535.1972101904175361-4871.8206356777227484j,
5.685318e+04,518.4844285065191798-4795.6457864122348838j,
5.777790e+04,502.2903891291716718-4720.6064478931948543j,
5.871766e+04,486.5993545052333502-4646.6883026236318983j,
5.967271e+04,471.3960421613883227-4573.8770873977337033j,
6.064329e+04,456.6656127359456150-4502.1586001687101088j,
6.162966e+04,442.3936584526672959-4431.5187064570491202j,
6.263207e+04,428.5661920097263646-4361.9433452984667383j,
6.365079e+04,415.1696352515500621-4293.4185348860919476j,
6.468608e+04,402.1908083559537772-4225.9303777770837769j,
6.573820e+04,389.6169192752495292-4159.4650657332385890j,
6.680744e+04,377.4355531012042775-4094.0088842724217102j,
6.789407e+04,365.6346621158809285-4029.5482168197631836j,
6.899837e+04,354.2025554108986398-3966.0695486369077116j,
7.012064e+04,343.1278894938513986-3903.5594703506794758j,
7.126115e+04,332.3996584667293064-3842.0046812900109217j,
7.242022e+04,322.0071847425278975-3781.3919925052905455j,
7.359814e+04,311.9401099993701791-3721.7083295280463062j,
7.479523e+04,302.1883861072019499-3662.9407349255634472j,
7.601178e+04,292.7422665167068772-3605.0763705861172639j,
7.724811e+04,283.5922977147492929-3548.1025197987910360j,
7.850456e+04,274.7293109573874972-3492.0065891239792109j,
7.978145e+04,266.1444141322426731-3436.7761100732022896j,
8.107910e+04,257.8289838600358053-3382.3987405871739611j,
8.239786e+04,249.7746578612459416-3328.8622663393616676j,
8.373807e+04,241.9733273889651173-3276.1546018786611967j,
8.510007e+04,234.4171298592264066-3224.2637916178791784j,
8.648423e+04,227.0984418901134632-3173.1780106343212537j,
8.789091e+04,220.0098721909816959-3122.8855653785867617j,
8.932046e+04,213.1442549155981396-3073.3748942079255357j,
9.077327e+04,206.4946429994197388-3024.6345678153447807j,
9.224970e+04,200.0543017308300477-2976.6532895364798605j,
9.375015e+04,193.8167026572409668-2929.4198955130996183j,
9.527500e+04,187.7755173775949515-2882.9233547949115746j,
9.682466e+04,181.9246116072754376-2837.1527693201787770j,
9.839952e+04,176.2580395853656228-2792.0973737780004740j,
1.000000e+05,170.7700382963848824-2747.7465354315936565j,
